gru_risk,rl_risk,academic_issue,days_since_last_login,alerts_sent,alerts_responded,engagement_score
LOW,LOW,1,3,3,1,2.5886666666666667
HIGH,HIGH,0,6,2,0,4.632000000000001
HIGH,HIGH,0,9,3,0,3.73
LOW,LOW,0,0,3,1,3.1166666666666667
HIGH,HIGH,1,6,1,0,3.59
LOW,LOW,1,4,3,1,3.060666666666666
HIGH,HIGH,1,8,2,0,3.822
HIGH,HIGH,1,9,1,0,3.17
HIGH,HIGH,0,7,5,1,4.658
LOW,LOW,0,2,5,2,2.744
HIGH,HIGH,0,7,2,1,1.21
LOW,LOW,1,4,0,0,1.0099999999999998
HIGH,HIGH,1,6,0,0,1.9
LOW,LOW,1,0,5,2,0.7639999999999999
HIGH,HIGH,1,8,1,0,1.0539999999999998
HIGH,HIGH,1,6,0,0,3.94
LOW,LOW,0,5,4,1,1.492
LOW,LOW,1,3,3,1,2.658666666666667
LOW,LOW,1,1,2,0,1.942
LOW,LOW,1,2,3,1,3.398666666666667
LOW,LOW,0,0,3,1,2.1266666666666665
HIGH,HIGH,1,6,5,1,3.848
HIGH,HIGH,1,6,1,0,2.678
LOW,LOW,1,0,3,1,3.370666666666667
LOW,LOW,0,5,0,0,3.298
LOW,LOW,1,0,4,1,2.126
HIGH,HIGH,1,8,3,1,2.9646666666666666
LOW,LOW,1,0,0,0,2.694
HIGH,HIGH,1,9,4,1,0.71
LOW,LOW,1,2,1,0,4.088
LOW,LOW,1,3,1,0,3.88
LOW,LOW,0,0,1,0,5.374
LOW,LOW,0,1,3,1,3.4106666666666667
LOW,LOW,0,0,4,1,4.499999999999999
LOW,LOW,1,1,4,1,1.932
LOW,LOW,1,5,4,1,1.632
HIGH,HIGH,1,9,2,1,3.958
HIGH,HIGH,1,9,1,0,1.668
LOW,LOW,0,1,3,0,2.4920000000000004
HIGH,HIGH,0,6,4,2,4.432
LOW,LOW,0,1,1,0,6.674
LOW,LOW,0,3,5,3,4.38
LOW,LOW,0,3,5,3,4.11
LOW,LOW,0,2,5,3,4.462
HIGH,HIGH,1,6,5,4,3.3800000000000003
LOW,LOW,0,0,1,0,4.796
LOW,LOW,0,0,1,0,6.924
LOW,LOW,0,0,3,2,7.011333333333334
LOW,LOW,0,2,3,2,4.493333333333334
LOW,LOW,0,1,0,0,5.959999999999999
HIGH,HIGH,1,9,5,0,0.942
HIGH,HIGH,1,9,2,0,1.886
LOW,LOW,1,1,2,0,1.202
HIGH,HIGH,1,7,4,0,0.022
LOW,LOW,1,3,3,0,0.936
HIGH,HIGH,1,8,0,0,0.028
HIGH,HIGH,1,8,1,0,0.016
LOW,LOW,1,3,5,0,0.744
HIGH,HIGH,1,9,0,0,0.6
LOW,LOW,1,2,2,0,0.0
LOW,LOW,1,0,1,0,2.99
LOW,LOW,0,4,3,2,4.771333333333335
LOW,LOW,1,3,2,1,3.24
LOW,LOW,1,1,1,0,4.12
HIGH,HIGH,1,7,2,0,1.0399999999999998
LOW,LOW,0,4,4,2,4.656000000000001
LOW,LOW,1,4,2,1,0.5
HIGH,HIGH,1,9,1,0,3.526
HIGH,HIGH,1,6,1,0,3.47
HIGH,HIGH,1,6,0,0,1.608
LOW,LOW,1,4,3,1,2.6006666666666667
HIGH,HIGH,1,6,1,0,2.3000000000000003
LOW,LOW,1,5,5,2,2.552
LOW,LOW,0,4,4,2,0.3
HIGH,HIGH,1,9,3,1,1.9346666666666663
HIGH,HIGH,1,7,4,2,4.454
LOW,LOW,1,4,3,1,2.650666666666667
LOW,LOW,0,4,5,3,3.456
HIGH,HIGH,1,9,3,1,3.8486666666666665
LOW,LOW,0,4,5,3,5.586
HIGH,HIGH,0,7,3,2,4.419333333333333
HIGH,HIGH,0,8,0,0,7.17
LOW,LOW,0,3,2,1,7.164
HIGH,HIGH,1,7,4,3,7.224
LOW,LOW,0,2,1,0,6.276000000000001
LOW,LOW,0,3,5,3,5.704
LOW,LOW,0,1,0,0,4.698
HIGH,HIGH,0,6,3,3,9.641999999999998
HIGH,HIGH,0,7,4,3,6.152
HIGH,HIGH,0,8,2,1,5.682
HIGH,HIGH,0,9,2,0,4.0
HIGH,HIGH,1,9,2,1,1.114
LOW,LOW,1,2,1,0,6.164
LOW,LOW,1,0,1,0,2.668
LOW,LOW,0,4,3,1,2.1386666666666665
LOW,LOW,0,1,2,0,4.248
HIGH,HIGH,1,8,2,1,3.608
HIGH,HIGH,0,7,3,0,4.044
LOW,LOW,0,2,0,0,2.996
HIGH,HIGH,1,8,5,2,4.640000000000001
LOW,LOW,1,4,0,0,2.18
HIGH,HIGH,0,9,3,1,3.0846666666666667
HIGH,HIGH,0,6,5,3,4.112
HIGH,HIGH,1,7,5,1,0.3399999999999999
HIGH,HIGH,0,6,2,1,4.166
HIGH,HIGH,1,7,5,2,3.684
HIGH,HIGH,0,6,5,4,5.112
HIGH,HIGH,0,8,4,3,2.674
LOW,LOW,0,3,5,2,1.762
LOW,LOW,1,0,3,1,2.9406666666666665
LOW,LOW,1,0,5,3,4.006
LOW,LOW,0,2,1,0,4.038
LOW,LOW,0,3,5,3,3.49
LOW,LOW,1,5,5,2,3.93
LOW,LOW,1,5,4,2,3.004
HIGH,HIGH,1,6,2,0,2.504
LOW,LOW,0,3,5,3,4.542
LOW,LOW,0,3,1,0,1.718
HIGH,HIGH,0,8,4,2,1.89
LOW,LOW,0,5,4,2,3.754
HIGH,HIGH,1,6,0,0,3.85
LOW,LOW,1,4,0,0,2.596
LOW,LOW,0,1,1,0,5.0120000000000005
HIGH,HIGH,1,9,4,2,5.529999999999999
LOW,LOW,1,1,5,1,1.906
LOW,LOW,0,3,1,0,0.482
LOW,LOW,1,0,1,0,3.64
HIGH,HIGH,1,6,0,0,4.186
LOW,LOW,1,1,4,1,4.262
HIGH,HIGH,1,7,5,1,1.95
LOW,LOW,1,3,1,0,1.84
LOW,LOW,1,1,1,0,0.002
HIGH,HIGH,1,9,1,0,0.636
HIGH,HIGH,1,6,2,0,1.274
LOW,LOW,1,1,3,0,1.7060000000000002
HIGH,HIGH,1,8,3,1,0.7046666666666667
LOW,LOW,1,2,3,0,0.704
HIGH,HIGH,1,6,5,1,1.006
LOW,LOW,1,4,4,1,0.35
LOW,LOW,1,5,5,0,0.306
LOW,LOW,1,1,1,0,3.818
HIGH,HIGH,1,7,4,1,2.414
LOW,LOW,0,0,0,0,0.56
LOW,LOW,0,5,3,1,0.8826666666666666
LOW,LOW,0,5,2,1,3.47
LOW,LOW,1,3,5,4,4.61
HIGH,HIGH,0,9,2,1,3.434
LOW,LOW,1,5,2,0,5.136
LOW,LOW,0,4,4,2,5.08
HIGH,HIGH,0,7,1,0,2.364
HIGH,HIGH,1,7,3,1,4.3806666666666665
HIGH,HIGH,1,8,1,0,4.276
HIGH,HIGH,1,7,4,1,4.226
LOW,LOW,0,4,2,0,3.094
LOW,LOW,1,3,3,2,2.779333333333333
HIGH,HIGH,0,8,2,1,2.768
LOW,LOW,0,3,2,1,4.416
LOW,LOW,1,0,4,1,4.502
LOW,LOW,1,3,5,2,4.612
LOW,LOW,0,5,5,3,4.116
HIGH,HIGH,0,8,5,4,5.606
LOW,LOW,0,3,4,4,5.474
LOW,LOW,0,1,4,2,5.072
HIGH,HIGH,1,6,2,1,4.928
HIGH,HIGH,0,7,0,0,5.704
LOW,LOW,0,5,3,2,5.475333333333333
LOW,LOW,0,3,4,3,3.518
HIGH,HIGH,0,6,2,1,4.43
LOW,LOW,0,4,1,1,6.452000000000001
HIGH,HIGH,1,9,3,2,5.477333333333333
LOW,LOW,0,4,0,0,1.0499999999999998
LOW,LOW,0,5,0,0,1.148
LOW,LOW,1,5,0,0,3.21
LOW,LOW,0,1,2,1,1.3199999999999998
LOW,LOW,1,1,0,0,4.55
LOW,LOW,1,0,3,1,4.222666666666667
LOW,LOW,0,4,4,2,0.944
HIGH,HIGH,1,9,0,0,4.728
LOW,LOW,1,5,3,1,6.064666666666667
HIGH,HIGH,1,6,2,0,4.55
LOW,LOW,0,0,3,1,3.434666666666667
LOW,LOW,0,1,1,0,4.69
LOW,LOW,0,2,2,1,6.972
LOW,LOW,0,2,0,0,0.782
HIGH,HIGH,1,6,1,0,3.648
LOW,LOW,0,2,4,2,5.66
LOW,LOW,0,2,2,1,4.752000000000001
HIGH,HIGH,1,6,2,0,5.43
HIGH,HIGH,1,9,4,2,3.3160000000000003
LOW,LOW,0,2,5,2,3.372
LOW,LOW,0,5,2,1,3.168
LOW,LOW,1,5,3,1,3.722666666666667
LOW,LOW,0,0,3,1,2.524666666666667
LOW,LOW,1,2,4,2,1.6920000000000002
HIGH,HIGH,0,9,1,0,2.716
HIGH,HIGH,0,6,0,0,4.076
LOW,LOW,0,4,2,1,2.778
HIGH,HIGH,0,6,5,2,4.800000000000001
HIGH,HIGH,1,8,4,2,1.7740000000000002
LOW,LOW,1,5,1,0,1.608
HIGH,HIGH,1,7,1,0,0.972
LOW,LOW,1,1,3,1,4.528666666666666
HIGH,HIGH,0,9,4,2,5.086
LOW,LOW,1,2,5,3,2.114
HIGH,HIGH,1,7,5,2,2.74
HIGH,HIGH,1,7,1,0,3.25
LOW,LOW,1,4,3,1,1.9586666666666663
LOW,LOW,0,2,0,0,2.36
HIGH,HIGH,0,9,3,1,5.8726666666666665
HIGH,HIGH,1,8,4,2,2.276
HIGH,HIGH,1,7,0,0,3.224
HIGH,HIGH,0,6,1,0,5.28
LOW,LOW,1,5,4,3,3.96
LOW,LOW,0,4,4,2,0.73
HIGH,HIGH,1,8,0,0,2.894
LOW,LOW,0,4,5,2,0.8980000000000001
HIGH,HIGH,0,9,0,0,3.29
LOW,LOW,1,2,5,2,3.276
HIGH,HIGH,0,7,5,1,2.586
HIGH,HIGH,1,9,3,1,3.9366666666666665
HIGH,HIGH,0,6,3,1,3.456666666666667
LOW,LOW,0,4,5,2,3.5120000000000005
LOW,LOW,0,2,4,2,3.756
HIGH,HIGH,0,6,1,0,1.738
LOW,LOW,1,2,3,1,4.168666666666667
LOW,LOW,0,2,2,0,5.222
LOW,LOW,0,4,3,1,0.8726666666666667
LOW,LOW,1,1,0,0,2.258
LOW,LOW,1,4,5,3,2.442
LOW,LOW,1,5,4,2,0.21
LOW,LOW,1,1,1,0,2.874
HIGH,HIGH,1,9,1,0,2.608
HIGH,HIGH,0,6,2,0,1.412
LOW,LOW,0,0,0,0,1.734
LOW,LOW,1,1,1,0,3.526
HIGH,HIGH,0,7,0,0,3.664
HIGH,HIGH,1,9,2,1,4.056
HIGH,HIGH,1,7,2,1,3.628
HIGH,HIGH,1,7,4,2,3.948
LOW,LOW,1,3,0,0,2.346
LOW,LOW,0,3,1,0,7.369999999999999
HIGH,HIGH,0,7,3,2,7.381333333333333
LOW,LOW,0,1,5,3,4.268
LOW,LOW,0,1,3,2,4.745333333333335
LOW,LOW,0,3,4,3,6.472
HIGH,HIGH,0,7,4,2,7.028
HIGH,HIGH,0,8,3,2,7.783333333333333
HIGH,HIGH,1,6,0,0,6.674
LOW,LOW,0,0,3,2,7.023333333333334
HIGH,HIGH,1,6,3,2,6.003333333333333
LOW,LOW,0,2,5,2,3.458
LOW,LOW,0,5,2,1,5.853999999999999
LOW,LOW,1,5,5,2,4.854
LOW,LOW,1,3,5,2,2.438
LOW,LOW,0,3,1,0,1.434
HIGH,HIGH,1,6,1,0,2.838
HIGH,HIGH,1,6,4,1,4.286
LOW,LOW,1,4,5,3,3.976
LOW,LOW,1,5,1,0,2.598
LOW,LOW,1,3,1,0,5.214
LOW,LOW,0,5,3,3,4.888000000000001
HIGH,HIGH,1,7,3,1,6.774666666666667
HIGH,HIGH,0,7,3,2,7.049333333333334
HIGH,HIGH,0,7,2,1,7.318
LOW,LOW,1,0,4,2,7.164
LOW,LOW,0,5,1,0,7.212
LOW,LOW,0,5,3,2,6.491333333333333
HIGH,HIGH,0,7,4,3,6.732000000000001
HIGH,HIGH,1,9,4,3,6.498
HIGH,HIGH,0,6,4,4,5.548
HIGH,HIGH,1,9,1,0,4.482
LOW,LOW,0,0,0,0,2.802
LOW,LOW,1,1,1,0,4.502000000000001
HIGH,HIGH,0,7,2,1,1.764
HIGH,HIGH,0,7,0,0,3.338
HIGH,HIGH,1,7,3,1,3.9326666666666665
HIGH,HIGH,1,7,3,1,3.388666666666667
HIGH,HIGH,1,7,4,2,5.473999999999999
LOW,LOW,1,4,0,0,3.224
HIGH,HIGH,1,8,1,0,2.534
HIGH,HIGH,0,6,0,0,5.326
LOW,LOW,0,3,5,4,3.878
HIGH,HIGH,0,6,1,0,5.112
LOW,LOW,0,0,1,1,7.71
LOW,LOW,0,3,1,0,6.574000000000001
LOW,LOW,0,4,3,2,5.223333333333334
LOW,LOW,0,2,0,0,4.166
LOW,LOW,0,4,5,3,6.734
LOW,LOW,0,2,2,1,7.061999999999999
HIGH,HIGH,0,9,3,2,5.5953333333333335
HIGH,HIGH,1,6,4,2,3.726
LOW,LOW,1,5,0,0,2.21
HIGH,HIGH,1,6,5,2,0.18
HIGH,HIGH,1,8,1,0,2.934
LOW,LOW,1,5,0,0,3.27
LOW,LOW,1,3,1,0,4.286
HIGH,HIGH,1,8,2,1,2.97
HIGH,HIGH,1,9,2,1,2.944
LOW,LOW,0,2,5,2,2.902
LOW,LOW,0,3,1,0,2.354
LOW,LOW,0,2,3,2,4.537333333333334
LOW,LOW,0,2,1,0,9.12
HIGH,HIGH,0,9,3,3,6.138
LOW,LOW,0,0,4,4,6.164
HIGH,HIGH,0,6,3,2,7.145333333333333
LOW,LOW,0,5,5,3,5.422000000000001
LOW,LOW,0,4,2,1,5.124
LOW,LOW,0,5,2,1,2.832
LOW,LOW,0,0,4,3,6.412000000000001
LOW,LOW,0,4,4,2,5.175999999999999
HIGH,HIGH,0,8,2,1,5.755999999999999
HIGH,HIGH,0,8,1,0,5.706
LOW,LOW,0,3,1,0,6.057999999999999
HIGH,HIGH,0,7,4,3,7.54
LOW,LOW,0,5,2,2,5.472
HIGH,HIGH,0,6,4,3,7.853999999999999
HIGH,HIGH,0,6,3,2,5.309333333333334
LOW,LOW,0,4,4,4,5.258
LOW,LOW,0,4,1,0,5.142
LOW,LOW,1,1,1,0,5.396
LOW,LOW,1,2,0,0,1.988
HIGH,HIGH,1,7,2,0,3.476
LOW,LOW,0,5,2,0,3.3560000000000003
LOW,LOW,0,0,3,1,2.8146666666666667
LOW,LOW,1,0,4,1,4.016
LOW,LOW,0,5,1,0,5.244
LOW,LOW,0,4,5,2,3.422
HIGH,HIGH,1,6,1,0,2.184
HIGH,HIGH,0,9,3,1,5.738666666666666
HIGH,HIGH,1,9,0,0,2.41
HIGH,HIGH,1,9,1,0,0.036
HIGH,HIGH,0,9,4,0,0.784
HIGH,HIGH,1,6,1,0,0.3
HIGH,HIGH,1,9,3,0,0.6
HIGH,HIGH,1,9,5,0,0.912
HIGH,HIGH,1,6,2,0,0.388
LOW,LOW,1,5,0,0,0.6579999999999999
HIGH,HIGH,1,6,2,0,1.936
LOW,LOW,1,5,2,0,0.0
LOW,LOW,1,0,1,0,0.6639999999999999
LOW,LOW,1,2,3,1,3.286666666666667
LOW,LOW,1,0,5,4,5.566
LOW,LOW,0,1,2,1,5.794
LOW,LOW,0,1,1,0,4.766
HIGH,HIGH,1,8,2,1,4.577999999999999
HIGH,HIGH,0,9,0,0,4.369999999999999
LOW,LOW,0,0,4,4,5.62
LOW,LOW,0,5,1,1,6.287999999999999
HIGH,HIGH,0,6,5,4,6.71
LOW,LOW,0,4,4,3,5.204000000000001
HIGH,HIGH,0,8,4,3,3.556
LOW,LOW,0,3,2,0,1.116
HIGH,HIGH,0,7,2,1,5.354
LOW,LOW,1,5,4,2,3.946
LOW,LOW,0,2,2,1,3.18
LOW,LOW,1,1,2,1,2.358
HIGH,HIGH,0,6,3,1,3.454666666666667
LOW,LOW,0,0,2,1,4.206
HIGH,HIGH,0,7,5,4,5.764
LOW,LOW,1,5,3,1,0.6946666666666667
LOW,LOW,1,1,1,0,4.726
HIGH,HIGH,1,8,3,1,1.1326666666666667
HIGH,HIGH,1,6,0,0,1.96
LOW,LOW,1,4,0,0,2.192
HIGH,HIGH,0,8,3,1,0.8426666666666667
LOW,LOW,0,0,4,1,4.206
HIGH,HIGH,1,7,2,1,2.2920000000000003
HIGH,HIGH,0,9,3,1,3.464666666666667
LOW,LOW,0,1,4,3,1.814
LOW,LOW,0,4,1,0,2.326
HIGH,HIGH,1,7,2,0,0.3
LOW,LOW,1,5,4,0,1.582
HIGH,HIGH,1,9,2,0,1.304
HIGH,HIGH,1,7,3,0,0.3359999999999999
HIGH,HIGH,1,6,3,1,0.5146666666666666
LOW,LOW,1,5,1,0,0.95
LOW,LOW,1,3,1,0,1.574
LOW,LOW,1,2,3,0,1.308
HIGH,HIGH,1,6,4,0,0.344
HIGH,HIGH,1,8,5,0,0.3
LOW,LOW,0,0,3,1,2.524666666666667
LOW,LOW,1,5,0,0,1.246
LOW,LOW,0,5,1,0,4.326
LOW,LOW,1,5,1,0,1.29
HIGH,HIGH,0,7,3,2,2.869333333333333
HIGH,HIGH,1,7,5,3,3.348
HIGH,HIGH,0,7,1,0,3.012
LOW,LOW,0,3,0,0,4.392
LOW,LOW,0,2,3,1,3.884666666666667
HIGH,HIGH,0,7,3,1,3.736666666666667
LOW,LOW,0,4,1,0,3.512
LOW,LOW,1,1,5,3,7.06
LOW,LOW,0,3,0,0,3.526
LOW,LOW,0,1,0,0,4.794
HIGH,HIGH,0,7,3,1,4.728666666666667
HIGH,HIGH,0,8,3,2,6.221333333333333
LOW,LOW,0,0,5,4,6.466000000000001
LOW,LOW,1,4,1,0,8.334
LOW,LOW,0,4,5,4,6.724
LOW,LOW,0,3,3,2,4.429333333333334
LOW,LOW,1,0,3,0,0.3379999999999999
LOW,LOW,1,2,0,0,0.996
HIGH,HIGH,1,8,0,0,1.0179999999999998
LOW,LOW,1,0,0,0,0.0
LOW,LOW,1,4,4,0,0.3
LOW,LOW,1,0,1,0,1.886
HIGH,HIGH,1,6,2,0,0.8999999999999999
LOW,LOW,1,5,5,1,0.344
LOW,LOW,1,1,4,0,0.302
HIGH,HIGH,1,6,0,0,0.616
HIGH,HIGH,1,9,0,0,6.126
LOW,LOW,0,4,5,4,7.486
HIGH,HIGH,1,9,2,1,7.185999999999999
LOW,LOW,0,3,1,0,4.688000000000001
HIGH,HIGH,0,7,4,3,6.8500000000000005
HIGH,HIGH,0,9,4,4,4.978
LOW,LOW,0,1,4,2,5.731999999999999
LOW,LOW,0,0,5,4,5.46
LOW,LOW,0,5,2,2,5.5
LOW,LOW,1,2,0,0,6.43
LOW,LOW,0,2,1,1,4.916
LOW,LOW,0,3,4,3,5.864
LOW,LOW,0,2,0,0,5.834
HIGH,HIGH,0,6,4,2,6.045999999999999
HIGH,HIGH,0,7,1,0,6.978
LOW,LOW,1,2,5,3,3.634
HIGH,HIGH,0,8,1,0,4.182
HIGH,HIGH,0,8,1,0,5.723999999999999
LOW,LOW,0,5,5,4,6.882
LOW,LOW,0,4,2,1,5.654
LOW,LOW,0,5,3,2,3.753333333333333
LOW,LOW,1,4,5,2,3.078
HIGH,HIGH,1,9,5,2,2.652
LOW,LOW,1,1,2,1,4.593999999999999
LOW,LOW,0,4,1,0,2.058
LOW,LOW,1,2,5,1,1.7460000000000002
LOW,LOW,0,3,5,2,4.172
HIGH,HIGH,0,8,5,3,2.906
LOW,LOW,1,0,4,2,3.25
HIGH,HIGH,1,8,5,2,2.658
LOW,LOW,0,4,1,0,4.95
HIGH,HIGH,0,6,5,4,6.5760000000000005
HIGH,HIGH,0,9,4,2,6.322
LOW,LOW,0,5,3,2,7.043333333333334
LOW,LOW,1,5,2,2,5.28
HIGH,HIGH,0,6,4,3,5.094
HIGH,HIGH,0,9,4,4,4.830000000000001
LOW,LOW,0,5,4,3,5.84
LOW,LOW,0,4,0,0,4.798
LOW,LOW,0,0,1,0,5.088
LOW,LOW,1,4,1,0,6.098
LOW,LOW,0,5,5,4,7.478
HIGH,HIGH,0,7,4,3,7.408
LOW,LOW,0,4,2,1,5.865999999999999
HIGH,HIGH,0,9,0,0,3.69
HIGH,HIGH,0,6,0,0,5.324
LOW,LOW,1,3,2,1,7.223999999999999
HIGH,HIGH,0,8,5,3,3.838
LOW,LOW,0,5,5,5,4.984
HIGH,HIGH,0,7,3,2,6.777333333333334
LOW,LOW,0,3,3,2,4.075333333333333
HIGH,HIGH,1,6,3,1,4.320666666666667
LOW,LOW,1,2,2,1,7.465999999999999
LOW,LOW,0,0,1,0,0.4999999999999999
LOW,LOW,1,0,1,0,1.97
HIGH,HIGH,0,8,3,1,6.270666666666667
HIGH,HIGH,1,8,3,2,2.3993333333333333
LOW,LOW,0,5,4,2,5.188
LOW,LOW,0,1,1,0,4.654000000000001
LOW,LOW,0,2,3,2,0.3333333333333333
HIGH,HIGH,0,7,1,0,6.776
LOW,LOW,1,0,5,3,6.222
LOW,LOW,0,1,0,0,5.7
LOW,LOW,0,2,3,3,4.294
LOW,LOW,0,5,3,2,6.737333333333334
LOW,LOW,0,2,3,3,3.034
LOW,LOW,0,1,5,4,6.196
LOW,LOW,0,1,3,2,6.385333333333334
HIGH,HIGH,1,7,2,1,6.869999999999999
HIGH,HIGH,0,9,2,1,3.444
HIGH,HIGH,1,8,4,0,0.7
LOW,LOW,1,0,2,0,1.264
LOW,LOW,1,5,1,0,0.954
LOW,LOW,1,0,2,0,0.0
HIGH,HIGH,1,6,1,0,2.824
HIGH,HIGH,1,6,2,0,0.702
HIGH,HIGH,1,7,0,0,0.948
HIGH,HIGH,1,6,0,0,0.628
LOW,LOW,1,5,0,0,1.274
LOW,LOW,1,2,3,0,0.968
HIGH,HIGH,0,8,5,3,4.132
LOW,LOW,1,3,0,0,5.109999999999999
LOW,LOW,0,3,0,0,6.242
LOW,LOW,0,2,4,4,8.052
HIGH,HIGH,1,9,0,0,7.077999999999999
HIGH,HIGH,1,8,4,3,4.936
HIGH,HIGH,0,6,5,5,5.656
HIGH,HIGH,0,7,0,0,6.174
LOW,LOW,0,0,5,3,7.407999999999999
HIGH,HIGH,0,6,2,2,2.6340000000000003
LOW,LOW,1,4,5,1,2.128
HIGH,HIGH,1,8,5,4,2.09
LOW,LOW,1,0,1,0,4.284
LOW,LOW,1,3,3,1,3.5966666666666667
LOW,LOW,1,1,3,1,2.8886666666666665
LOW,LOW,0,1,2,0,1.808
HIGH,HIGH,1,9,2,0,3.27
LOW,LOW,0,0,0,0,3.9819999999999993
LOW,LOW,1,4,5,3,3.3040000000000003
LOW,LOW,1,1,3,0,3.334
LOW,LOW,1,5,5,3,5.238
HIGH,HIGH,0,6,3,2,7.191333333333334
HIGH,HIGH,0,9,2,1,5.702
LOW,LOW,0,4,2,1,7.356
LOW,LOW,0,0,3,2,4.799333333333334
LOW,LOW,0,2,2,1,3.806
LOW,LOW,1,2,2,1,4.566
LOW,LOW,0,0,4,3,6.426000000000001
LOW,LOW,0,5,4,2,6.614
LOW,LOW,1,3,3,2,3.995333333333333
HIGH,HIGH,1,6,2,0,0.978
HIGH,HIGH,1,8,4,1,0.054
HIGH,HIGH,1,6,1,0,0.0
LOW,LOW,1,2,0,0,0.698
LOW,LOW,1,5,4,0,2.35
HIGH,HIGH,1,9,0,0,1.954
HIGH,HIGH,1,9,5,1,1.0759999999999998
HIGH,HIGH,1,7,4,0,2.242
LOW,LOW,1,0,1,0,0.0
LOW,LOW,1,2,0,0,1.294
LOW,LOW,0,2,1,0,3.942
HIGH,HIGH,1,8,5,2,4.708
HIGH,HIGH,1,9,3,1,1.6886666666666668
HIGH,HIGH,1,9,4,2,2.62
HIGH,HIGH,0,7,2,1,3.454
HIGH,HIGH,1,6,0,0,2.85
LOW,LOW,1,3,5,2,1.724
LOW,LOW,1,4,5,3,3.63
HIGH,HIGH,0,8,1,0,2.114
LOW,LOW,1,3,5,2,3.89
LOW,LOW,1,3,0,0,2.278
LOW,LOW,0,0,4,2,2.496
HIGH,HIGH,1,7,5,2,1.4560000000000002
HIGH,HIGH,1,8,0,0,3.212
HIGH,HIGH,0,7,3,1,5.418666666666667
LOW,LOW,1,2,2,1,5.517999999999999
HIGH,HIGH,0,6,1,0,1.2179999999999995
LOW,LOW,0,1,2,1,3.096
LOW,LOW,0,1,4,0,2.382
LOW,LOW,0,4,5,1,1.736
HIGH,HIGH,1,7,3,2,5.8933333333333335
LOW,LOW,0,1,2,1,8.504
LOW,LOW,1,3,2,2,7.895999999999999
LOW,LOW,0,4,4,2,4.811999999999999
LOW,LOW,1,0,2,1,6.449999999999999
HIGH,HIGH,0,7,0,0,8.33
HIGH,HIGH,0,8,1,1,7.166
LOW,LOW,0,0,4,3,6.412000000000001
LOW,LOW,0,0,5,5,7.772
LOW,LOW,0,1,0,0,5.54
LOW,LOW,1,4,3,1,2.246666666666667
LOW,LOW,0,0,0,0,4.448
HIGH,HIGH,0,8,3,1,1.9826666666666668
LOW,LOW,1,0,3,1,1.9126666666666663
LOW,LOW,0,5,5,3,0.96
LOW,LOW,1,1,0,0,3.224
HIGH,HIGH,0,7,2,1,2.838
LOW,LOW,1,3,0,0,2.916
HIGH,HIGH,0,6,4,2,3.45
LOW,LOW,0,2,0,0,5.588
LOW,LOW,1,5,0,0,1.896
LOW,LOW,1,2,2,0,0.6659999999999999
LOW,LOW,1,1,0,0,1.0639999999999998
LOW,LOW,1,3,4,0,0.054
HIGH,HIGH,1,9,1,0,0.604
HIGH,HIGH,1,8,3,0,0.634
HIGH,HIGH,1,8,4,0,1.56
LOW,LOW,1,3,2,0,0.972
HIGH,HIGH,1,9,2,0,0.64
LOW,LOW,1,3,2,0,0.91
LOW,LOW,0,0,5,5,6.7620000000000005
LOW,LOW,1,3,0,0,4.454000000000001
HIGH,HIGH,0,6,1,1,6.286
LOW,LOW,0,5,0,0,8.536
HIGH,HIGH,1,8,1,0,5.789999999999999
HIGH,HIGH,0,7,1,1,4.958
LOW,LOW,0,0,1,0,8.306
LOW,LOW,0,4,3,2,5.165333333333334
LOW,LOW,0,0,4,3,5.904
LOW,LOW,0,1,5,4,5.42
LOW,LOW,0,5,0,0,5.26
HIGH,HIGH,0,8,1,0,8.122
LOW,LOW,0,5,5,4,5.164000000000001
LOW,LOW,0,5,5,3,5.584
LOW,LOW,1,5,5,3,4.86
LOW,LOW,0,0,3,2,3.839333333333333
HIGH,HIGH,0,6,2,1,5.835999999999999
HIGH,HIGH,1,9,1,0,6.446
HIGH,HIGH,1,9,5,3,4.904
LOW,LOW,0,1,1,0,5.358
LOW,LOW,1,4,3,0,1.6
LOW,LOW,1,1,5,0,1.266
HIGH,HIGH,1,7,4,0,0.934
LOW,LOW,1,0,5,0,0.8999999999999999
LOW,LOW,1,3,4,0,0.0
LOW,LOW,1,4,2,0,0.3399999999999999
LOW,LOW,1,4,3,0,0.6719999999999999
LOW,LOW,1,3,2,0,1.558
HIGH,HIGH,1,6,0,0,0.3
LOW,LOW,1,0,3,0,0.95
HIGH,HIGH,1,7,3,2,4.741333333333333
LOW,LOW,0,5,3,0,3.826
HIGH,HIGH,0,9,3,1,4.062666666666667
LOW,LOW,0,2,2,1,5.734
LOW,LOW,0,3,5,2,1.254
LOW,LOW,1,1,0,0,4.408
LOW,LOW,1,3,0,0,0.3999999999999999
LOW,LOW,1,2,0,0,0.62
HIGH,HIGH,0,8,3,1,0.9506666666666664
HIGH,HIGH,0,8,1,0,3.66
LOW,LOW,1,5,4,0,0.996
LOW,LOW,1,0,3,0,0.948
HIGH,HIGH,1,9,3,0,0.0
HIGH,HIGH,1,7,5,1,1.624
LOW,LOW,1,5,3,0,0.304
LOW,LOW,1,2,2,0,1.244
LOW,LOW,1,1,3,0,0.63
LOW,LOW,1,3,5,0,0.946
LOW,LOW,1,2,0,0,1.964
LOW,LOW,1,5,2,0,1.024
HIGH,HIGH,1,9,5,0,0.038
HIGH,HIGH,1,9,2,0,0.618
LOW,LOW,1,5,2,0,1.302
LOW,LOW,1,2,2,0,0.376
LOW,LOW,1,2,5,0,1.572
LOW,LOW,1,4,1,0,1.62
HIGH,HIGH,1,7,4,0,1.62
LOW,LOW,1,3,3,0,1.574
LOW,LOW,1,2,3,0,0.964
LOW,LOW,1,1,1,0,1.888
HIGH,HIGH,0,8,3,1,2.450666666666667
LOW,LOW,1,4,4,1,1.052
LOW,LOW,0,3,0,0,3.138
LOW,LOW,1,1,2,1,1.6900000000000002
LOW,LOW,0,5,3,1,1.9926666666666664
HIGH,HIGH,0,9,4,0,3.428
HIGH,HIGH,0,8,2,0,3.2219999999999995
LOW,LOW,0,1,4,1,2.476
LOW,LOW,1,0,1,0,3.268
LOW,LOW,0,2,1,0,3.108
LOW,LOW,1,3,2,0,0.0
LOW,LOW,1,5,4,0,0.6
LOW,LOW,1,4,3,0,1.004
LOW,LOW,1,1,3,0,0.002
LOW,LOW,1,2,3,0,0.91
LOW,LOW,1,2,1,0,0.6819999999999999
HIGH,HIGH,1,9,4,0,0.6579999999999999
HIGH,HIGH,1,9,2,0,2.606
HIGH,HIGH,1,6,3,0,0.954
HIGH,HIGH,1,8,0,0,0.372
LOW,LOW,1,2,2,0,0.6
LOW,LOW,1,0,0,0,0.3
LOW,LOW,1,0,1,0,0.6719999999999999
LOW,LOW,1,0,0,0,0.0
LOW,LOW,1,3,3,0,0.964
LOW,LOW,1,4,0,0,1.02
LOW,LOW,1,5,0,0,1.906
LOW,LOW,1,0,3,0,0.346
LOW,LOW,1,4,1,0,1.294
LOW,LOW,1,3,4,0,0.906
LOW,LOW,1,2,2,0,0.02
HIGH,HIGH,1,8,0,0,0.0
HIGH,HIGH,1,8,4,0,0.994
LOW,LOW,1,0,4,0,0.032
LOW,LOW,1,0,2,0,0.3
HIGH,HIGH,1,6,3,0,0.026
HIGH,HIGH,1,6,5,0,0.94
LOW,LOW,1,3,0,0,1.27
LOW,LOW,1,5,3,0,0.604
HIGH,HIGH,1,7,3,0,0.048
LOW,LOW,1,1,0,0,0.73
LOW,LOW,1,3,1,0,1.578
HIGH,HIGH,1,7,5,1,2.216
LOW,LOW,1,5,4,0,0.324
HIGH,HIGH,1,9,1,0,0.642
HIGH,HIGH,1,6,4,0,0.04
LOW,LOW,1,0,3,0,1.284
HIGH,HIGH,1,6,0,0,1.636
HIGH,HIGH,0,7,4,0,0.482
HIGH,HIGH,1,9,4,0,1.57
LOW,LOW,0,2,3,1,5.3966666666666665
LOW,LOW,1,1,3,1,4.326666666666666
LOW,LOW,1,2,3,1,3.6126666666666662
HIGH,HIGH,1,6,3,1,2.9946666666666664
LOW,LOW,1,1,0,0,3.68
LOW,LOW,1,0,0,0,2.962
LOW,LOW,0,4,3,2,6.971333333333334
HIGH,HIGH,1,7,3,1,0.8686666666666666
LOW,LOW,0,5,0,0,5.234
HIGH,HIGH,1,9,1,0,2.84
LOW,LOW,1,5,4,2,1.54
HIGH,HIGH,1,8,1,0,2.572
LOW,LOW,1,1,0,0,2.586
LOW,LOW,0,4,4,2,3.828
LOW,LOW,1,2,1,0,5.134
LOW,LOW,1,0,1,0,5.128
HIGH,HIGH,1,9,2,1,5.27
LOW,LOW,0,1,3,1,4.326666666666666
HIGH,HIGH,0,7,0,0,3.372
HIGH,HIGH,1,8,2,0,1.274
LOW,LOW,0,2,5,1,6.066
HIGH,HIGH,1,7,1,0,3.614
LOW,LOW,1,1,5,1,4.184
LOW,LOW,0,3,0,0,2.698
LOW,LOW,1,2,0,0,3.168
LOW,LOW,0,1,4,2,1.558
LOW,LOW,0,5,2,1,6.042
LOW,LOW,0,5,2,0,4.7
LOW,LOW,0,4,0,0,2.05
LOW,LOW,1,5,1,0,5.494
HIGH,HIGH,1,6,5,0,0.6
HIGH,HIGH,1,9,5,1,0.972
HIGH,HIGH,1,9,2,0,0.0
LOW,LOW,1,1,5,0,0.922
HIGH,HIGH,1,6,4,0,0.0
HIGH,HIGH,1,8,2,0,1.33
LOW,LOW,1,5,3,0,1.368
HIGH,HIGH,1,9,1,0,1.676
HIGH,HIGH,1,6,0,0,0.3
LOW,LOW,1,0,5,0,1.004
HIGH,HIGH,1,7,0,0,0.964
LOW,LOW,1,3,0,0,0.608
LOW,LOW,1,0,4,0,1.684
LOW,LOW,1,0,3,0,0.0
LOW,LOW,1,0,4,0,1.346
HIGH,HIGH,1,9,1,0,0.41
LOW,LOW,1,5,3,0,1.224
LOW,LOW,1,3,1,0,0.394
LOW,LOW,1,1,3,0,1.572
LOW,LOW,1,3,5,1,1.3
HIGH,HIGH,0,7,1,0,8.206
HIGH,HIGH,0,6,2,1,6.079999999999999
HIGH,HIGH,0,6,5,4,3.22
LOW,LOW,0,0,2,1,7.274
HIGH,HIGH,0,9,4,3,4.960000000000001
LOW,LOW,1,3,3,2,5.283333333333333
LOW,LOW,0,4,5,5,7.42
LOW,LOW,0,2,3,3,4.026
LOW,LOW,0,4,5,5,3.908
LOW,LOW,0,5,1,0,4.960000000000001
LOW,LOW,1,1,1,0,0.71
LOW,LOW,1,2,5,0,0.126
LOW,LOW,1,4,3,0,0.3
LOW,LOW,1,0,1,0,0.954
LOW,LOW,1,5,2,0,0.736
LOW,LOW,1,0,5,0,1.3279999999999998
LOW,LOW,1,4,0,0,0.974
HIGH,HIGH,1,7,5,0,0.934
LOW,LOW,1,3,2,0,1.66
LOW,LOW,1,1,0,0,0.3
HIGH,HIGH,1,7,4,0,1.0679999999999998
LOW,LOW,1,3,4,0,1.314
LOW,LOW,1,1,3,0,1.208
HIGH,HIGH,1,7,0,0,0.656
LOW,LOW,1,2,3,0,0.704
HIGH,HIGH,1,6,4,1,0.35
LOW,LOW,1,2,0,0,1.348
LOW,LOW,1,4,2,0,1.036
LOW,LOW,1,0,2,0,0.3339999999999999
LOW,LOW,1,3,1,0,0.924
LOW,LOW,1,0,1,0,4.804
HIGH,HIGH,0,6,0,0,5.58
LOW,LOW,1,5,3,2,3.4173333333333336
LOW,LOW,0,1,1,0,0.7999999999999999
HIGH,HIGH,0,7,4,2,0.852
LOW,LOW,1,0,4,2,5.891999999999999
LOW,LOW,1,5,1,0,0.642
HIGH,HIGH,0,7,0,0,3.728
LOW,LOW,1,2,0,0,3.504
LOW,LOW,1,0,2,1,2.756
HIGH,HIGH,0,9,5,1,4.048
LOW,LOW,0,0,2,0,3.71
HIGH,HIGH,0,7,4,2,4.17
HIGH,HIGH,1,7,1,0,0.322
LOW,LOW,1,1,1,0,0.3339999999999999
LOW,LOW,1,3,1,0,4.162
HIGH,HIGH,0,8,2,1,6.656
LOW,LOW,0,2,3,1,3.0706666666666664
LOW,LOW,1,4,2,0,5.779999999999999
HIGH,HIGH,1,7,4,3,3.374
HIGH,HIGH,0,6,5,2,3.446
LOW,LOW,0,4,4,2,0.25
LOW,LOW,0,2,1,0,4.256
LOW,LOW,1,3,0,0,0.6759999999999999
LOW,LOW,1,1,1,0,0.968
HIGH,HIGH,1,9,5,2,3.362
LOW,LOW,1,3,5,2,3.928
LOW,LOW,1,5,3,2,4.143333333333333
LOW,LOW,0,0,3,1,6.6306666666666665
HIGH,HIGH,0,7,0,0,3.996
LOW,LOW,0,0,2,1,6.029999999999999
HIGH,HIGH,1,9,0,0,6.062
HIGH,HIGH,0,7,4,3,4.894
LOW,LOW,0,2,4,3,4.928
HIGH,HIGH,0,8,1,1,4.864000000000001
LOW,LOW,0,3,3,2,8.609333333333332
LOW,LOW,0,4,2,1,6.5
LOW,LOW,1,4,3,2,5.977333333333333
LOW,LOW,1,0,4,3,7.239999999999999
HIGH,HIGH,0,7,3,2,5.707333333333334
LOW,LOW,1,5,2,1,4.536
LOW,LOW,0,2,0,0,5.332
LOW,LOW,0,0,0,0,3.924
HIGH,HIGH,0,7,3,2,3.135333333333333
LOW,LOW,0,4,5,4,6.784
HIGH,HIGH,0,6,2,1,7.053999999999999
LOW,LOW,1,3,5,3,4.926
LOW,LOW,0,0,0,0,4.422000000000001
LOW,LOW,1,1,5,4,5.922
LOW,LOW,0,4,1,0,5.984
LOW,LOW,0,3,0,0,3.348
HIGH,HIGH,0,6,3,2,2.205333333333333
HIGH,HIGH,1,7,4,2,4.555999999999999
LOW,LOW,0,2,1,0,1.782
LOW,LOW,0,2,4,2,2.4480000000000004
HIGH,HIGH,0,7,2,1,1.544
LOW,LOW,1,4,5,2,3.546
LOW,LOW,0,3,1,0,4.696000000000001
LOW,LOW,0,4,3,2,3.169333333333333
HIGH,HIGH,0,7,4,2,3.782
HIGH,HIGH,1,7,1,0,0.734
HIGH,HIGH,1,6,0,0,0.0
LOW,LOW,1,4,5,0,0.0
HIGH,HIGH,1,6,0,0,1.588
LOW,LOW,1,4,3,0,0.694
LOW,LOW,1,3,4,0,1.304
LOW,LOW,1,2,4,1,0.7060000000000001
LOW,LOW,1,3,1,0,0.97
HIGH,HIGH,1,6,5,0,1.256
HIGH,HIGH,1,8,1,0,0.326
LOW,LOW,1,0,0,0,4.76
HIGH,HIGH,1,6,0,0,3.772
HIGH,HIGH,0,6,0,0,5.6
LOW,LOW,1,2,2,1,4.91
LOW,LOW,1,4,4,2,2.64
LOW,LOW,1,4,0,0,4.5
HIGH,HIGH,1,9,5,2,2.624
LOW,LOW,1,1,5,3,4.2860000000000005
HIGH,HIGH,1,8,1,0,4.474
HIGH,HIGH,1,9,1,0,3.19
HIGH,HIGH,1,7,5,2,4.008
LOW,LOW,0,2,2,0,5.268000000000001
LOW,LOW,0,4,1,0,5.256
LOW,LOW,0,4,1,0,3.354
HIGH,HIGH,1,9,1,0,5.198
LOW,LOW,0,2,3,1,3.182666666666667
HIGH,HIGH,1,7,4,1,3.854
LOW,LOW,1,2,4,1,3.232
LOW,LOW,1,2,3,1,4.174666666666667
LOW,LOW,0,1,2,0,4.377999999999999
LOW,LOW,1,4,4,2,4.367999999999999
LOW,LOW,1,2,0,0,5.076
HIGH,HIGH,1,9,4,2,2.658
HIGH,HIGH,1,9,3,2,2.651333333333333
LOW,LOW,1,1,5,3,1.7000000000000002
HIGH,HIGH,1,6,4,2,3.68
LOW,LOW,1,5,5,1,2.998
HIGH,HIGH,0,9,5,2,4.071999999999999
LOW,LOW,1,3,5,2,3.914
HIGH,HIGH,1,6,4,1,3.398
LOW,LOW,1,4,1,0,2.3920000000000003
LOW,LOW,1,1,3,1,3.722666666666667
LOW,LOW,1,3,2,1,2.4560000000000004
HIGH,HIGH,0,8,4,2,2.496
LOW,LOW,0,5,1,0,2.324
LOW,LOW,1,2,2,1,1.6720000000000002
LOW,LOW,1,3,0,0,5.06
LOW,LOW,1,4,2,1,4.014
HIGH,HIGH,1,6,0,0,4.18
HIGH,HIGH,1,8,1,0,3.268
LOW,LOW,0,2,1,0,3.3640000000000003
HIGH,HIGH,0,6,4,2,3.77
LOW,LOW,1,3,5,3,3.094
HIGH,HIGH,0,6,4,1,0.5980000000000001
HIGH,HIGH,0,6,0,0,1.164
HIGH,HIGH,0,8,4,2,0.624
LOW,LOW,1,1,2,1,2.338
HIGH,HIGH,0,8,4,3,2.9
LOW,LOW,0,1,3,2,4.499333333333333
HIGH,HIGH,0,6,2,1,6.06
LOW,LOW,0,5,0,0,3.364
HIGH,HIGH,0,6,1,0,2.714
LOW,LOW,1,2,2,0,2.578
HIGH,HIGH,1,9,0,0,2.224
HIGH,HIGH,0,7,3,0,4.546
LOW,LOW,1,5,5,2,4.890000000000001
LOW,LOW,0,0,2,0,3.026
HIGH,HIGH,1,9,3,1,3.262666666666667
LOW,LOW,0,1,3,2,2.795333333333333
HIGH,HIGH,1,7,5,3,3.62
HIGH,HIGH,1,6,3,1,1.0346666666666666
LOW,LOW,0,2,3,0,3.054
HIGH,HIGH,1,7,3,1,2.392666666666667
HIGH,HIGH,1,6,3,1,6.760666666666666
HIGH,HIGH,0,6,2,0,2.674
LOW,LOW,1,5,1,0,2.226
LOW,LOW,0,5,2,1,2.182
HIGH,HIGH,1,8,4,0,1.292
LOW,LOW,1,5,1,0,4.7620000000000005
HIGH,HIGH,0,9,3,1,4.358666666666666
HIGH,HIGH,1,6,4,1,2.3
HIGH,HIGH,1,8,1,0,3.968
LOW,LOW,1,5,0,0,2.6
LOW,LOW,0,3,3,3,1.06
LOW,LOW,1,2,2,1,2.01
HIGH,HIGH,1,7,5,3,4.313999999999999
LOW,LOW,1,0,1,0,0.0
LOW,LOW,1,3,2,1,4.388
LOW,LOW,0,5,3,1,5.296666666666667
HIGH,HIGH,1,6,1,0,3.61
HIGH,HIGH,0,9,1,0,4.274
LOW,LOW,0,5,0,0,3.782
LOW,LOW,0,4,0,0,0.796
HIGH,HIGH,0,7,0,0,3.75
HIGH,HIGH,0,7,4,2,1.556
LOW,LOW,0,3,2,1,6.053999999999999
HIGH,HIGH,1,9,3,1,4.6226666666666665
HIGH,HIGH,1,7,3,1,2.764666666666667
LOW,LOW,1,1,1,0,4.46
LOW,LOW,1,0,2,0,3.966
LOW,LOW,0,0,3,2,4.325333333333333
HIGH,HIGH,0,9,3,3,5.454000000000001
HIGH,HIGH,0,9,5,4,3.222
HIGH,HIGH,0,7,3,2,6.745333333333334
LOW,LOW,1,1,4,3,6.882000000000001
LOW,LOW,1,3,2,1,6.821999999999999
HIGH,HIGH,0,7,4,3,3.786
HIGH,HIGH,1,9,3,3,6.646
LOW,LOW,0,2,3,2,7.035333333333334
LOW,LOW,0,5,2,1,7.055999999999999
LOW,LOW,0,5,0,0,6.606
LOW,LOW,0,5,5,5,4.236
LOW,LOW,1,3,4,3,6.54
HIGH,HIGH,0,7,2,1,5.545999999999999
HIGH,HIGH,0,9,5,4,4.516
HIGH,HIGH,0,8,1,0,3.342
HIGH,HIGH,1,9,3,2,3.883333333333333
HIGH,HIGH,0,8,1,0,4.161999999999999
LOW,LOW,0,0,0,0,5.928
LOW,LOW,0,5,2,2,6.144
HIGH,HIGH,0,9,3,2,3.587333333333333
LOW,LOW,1,3,5,3,6.5
HIGH,HIGH,0,8,4,2,8.927999999999999
LOW,LOW,0,3,0,0,6.988
HIGH,HIGH,1,7,4,2,7.861999999999998
LOW,LOW,1,0,5,4,3.046
HIGH,HIGH,1,7,2,1,4.334
LOW,LOW,0,0,1,0,6.0
LOW,LOW,0,3,4,3,4.926000000000001
LOW,LOW,0,0,0,0,7.045999999999999
HIGH,HIGH,0,7,5,2,2.2139999999999995
HIGH,HIGH,0,8,3,2,1.8213333333333328
HIGH,HIGH,0,8,1,0,4.938000000000001
LOW,LOW,0,1,5,1,4.444
LOW,LOW,0,2,5,2,4.8020000000000005
LOW,LOW,1,0,4,3,4.638000000000001
HIGH,HIGH,1,6,3,2,4.965333333333334
HIGH,HIGH,0,9,3,2,8.917333333333334
LOW,LOW,1,1,5,2,2.036
LOW,LOW,1,1,1,0,2.892
LOW,LOW,1,1,2,1,5.51
LOW,LOW,0,1,1,0,7.492
LOW,LOW,0,5,1,0,3.188
HIGH,HIGH,0,9,5,3,7.576
LOW,LOW,0,2,0,0,5.744
LOW,LOW,0,2,0,0,6.646
LOW,LOW,1,4,1,0,3.878
LOW,LOW,0,1,2,1,6.968
HIGH,HIGH,1,8,0,0,5.693999999999999
LOW,LOW,0,0,0,0,5.976
LOW,LOW,1,4,0,0,2.848
HIGH,HIGH,1,7,2,1,3.022
HIGH,HIGH,0,7,5,3,4.148
LOW,LOW,1,4,1,0,0.7739999999999999
HIGH,HIGH,1,8,5,2,2.926
HIGH,HIGH,0,7,4,1,5.342
LOW,LOW,0,2,3,2,4.853333333333334
HIGH,HIGH,1,9,1,0,0.3
LOW,LOW,0,5,0,0,2.028
LOW,LOW,1,2,0,0,5.884
HIGH,HIGH,1,6,5,3,5.544
LOW,LOW,0,2,5,3,8.34
LOW,LOW,1,2,3,2,4.653333333333334
LOW,LOW,0,2,2,2,4.840000000000001
HIGH,HIGH,0,7,2,1,4.83
LOW,LOW,0,1,4,4,6.392
LOW,LOW,0,4,0,0,6.428
LOW,LOW,0,4,4,4,4.16
HIGH,HIGH,0,8,1,0,5.412
LOW,LOW,0,5,0,0,7.6
LOW,LOW,1,5,3,1,3.018666666666667
LOW,LOW,0,4,1,0,4.351999999999999
HIGH,HIGH,0,9,0,0,4.266
HIGH,HIGH,0,8,2,1,5.346
HIGH,HIGH,1,8,4,1,4.756
HIGH,HIGH,0,9,1,0,3.76
LOW,LOW,0,2,3,2,5.075333333333334
LOW,LOW,1,3,4,2,3.4000000000000004
HIGH,HIGH,1,9,5,3,3.71
LOW,LOW,1,0,1,0,3.452
HIGH,HIGH,0,8,5,3,6.124
LOW,LOW,0,3,4,3,7.842
HIGH,HIGH,0,9,3,3,7.208
LOW,LOW,1,1,4,3,4.364
HIGH,HIGH,0,7,5,3,7.426
LOW,LOW,0,2,5,3,5.722
HIGH,HIGH,0,8,4,2,7.129999999999999
LOW,LOW,0,4,3,2,5.443333333333334
HIGH,HIGH,0,6,1,0,6.878
HIGH,HIGH,1,8,4,2,4.867999999999999
HIGH,HIGH,1,8,5,1,3.266
LOW,LOW,0,0,4,3,3.634
LOW,LOW,1,3,0,0,1.998
LOW,LOW,1,5,5,4,2.8520000000000003
LOW,LOW,1,2,1,0,2.246
HIGH,HIGH,0,7,1,0,2.178
LOW,LOW,1,2,4,2,3.68
LOW,LOW,0,3,1,0,3.11
LOW,LOW,0,5,5,2,1.272
LOW,LOW,0,3,5,2,2.068
LOW,LOW,1,1,4,1,1.668
LOW,LOW,1,0,3,0,0.6
HIGH,HIGH,1,7,3,0,0.742
LOW,LOW,1,5,4,0,0.0
HIGH,HIGH,1,7,4,0,0.652
LOW,LOW,1,2,1,0,1.306
HIGH,HIGH,1,7,0,0,0.3
LOW,LOW,1,5,5,0,1.58
LOW,LOW,1,5,3,0,1.258
HIGH,HIGH,1,9,3,0,1.934
HIGH,HIGH,0,7,4,2,3.812
LOW,LOW,0,5,3,2,5.107333333333334
LOW,LOW,0,1,2,1,3.672
LOW,LOW,1,5,3,1,4.1866666666666665
LOW,LOW,1,4,5,2,4.29
LOW,LOW,0,4,0,0,4.014
LOW,LOW,1,5,2,1,3.09
LOW,LOW,1,4,5,1,2.722
HIGH,HIGH,1,6,0,0,3.632
HIGH,HIGH,1,6,2,1,3.346
HIGH,HIGH,0,7,4,2,3.758
LOW,LOW,0,3,2,1,3.138
LOW,LOW,0,0,5,3,5.0520000000000005
LOW,LOW,0,5,0,0,6.274000000000001
LOW,LOW,0,5,1,0,0.582
LOW,LOW,0,5,2,1,3.16
LOW,LOW,0,2,3,2,0.9513333333333333
LOW,LOW,0,3,5,3,4.146
LOW,LOW,0,5,0,0,2.144
HIGH,HIGH,1,8,3,1,0.6666666666666666
LOW,LOW,1,1,1,0,2.714
HIGH,HIGH,1,6,3,2,3.107333333333333
HIGH,HIGH,1,9,4,2,3.276
LOW,LOW,0,1,2,1,2.672
LOW,LOW,1,2,2,1,3.3360000000000003
LOW,LOW,1,4,0,0,4.577999999999999
LOW,LOW,1,3,4,2,5.881999999999999
LOW,LOW,0,2,0,0,2.724
LOW,LOW,1,3,2,1,3.042
HIGH,HIGH,1,6,3,2,4.623333333333334
HIGH,HIGH,1,7,5,2,3.586
HIGH,HIGH,0,8,4,1,3.714
HIGH,HIGH,1,8,1,0,3.458
LOW,LOW,0,3,2,0,4.892
LOW,LOW,1,4,1,0,5.536
LOW,LOW,1,3,1,0,3.488
HIGH,HIGH,0,8,0,0,0.544
HIGH,HIGH,0,7,5,3,5.798
LOW,LOW,0,5,3,1,4.706666666666667
HIGH,HIGH,0,8,0,0,5.39
LOW,LOW,1,5,0,0,1.228
HIGH,HIGH,1,7,5,0,0.608
LOW,LOW,1,2,3,0,0.962
HIGH,HIGH,1,6,2,0,0.3
HIGH,HIGH,1,9,5,1,1.944
LOW,LOW,1,5,4,0,1.556
HIGH,HIGH,1,8,5,0,1.35
LOW,LOW,1,5,3,0,0.96
LOW,LOW,1,1,0,0,1.7560000000000002
LOW,LOW,1,2,5,0,0.968
LOW,LOW,0,1,4,3,5.792
LOW,LOW,0,0,4,3,7.65
HIGH,HIGH,1,7,2,1,4.944
HIGH,HIGH,0,9,5,4,3.198
LOW,LOW,0,3,4,2,6.77
LOW,LOW,0,1,4,3,6.5600000000000005
HIGH,HIGH,0,7,2,1,8.404
LOW,LOW,1,2,2,1,6.829999999999999
LOW,LOW,1,4,4,3,4.982
LOW,LOW,0,0,0,0,6.612
HIGH,HIGH,0,6,3,1,5.020666666666667
HIGH,HIGH,0,8,5,4,6.086
HIGH,HIGH,0,7,0,0,7.802
LOW,LOW,1,0,1,0,6.72
HIGH,HIGH,1,7,1,0,4.896
LOW,LOW,0,3,0,0,6.260000000000001
LOW,LOW,0,0,2,1,5.807999999999999
LOW,LOW,0,1,4,2,7.703999999999999
LOW,LOW,0,4,4,2,6.614
HIGH,HIGH,0,7,3,2,6.379333333333334
HIGH,HIGH,1,8,4,1,4.826
HIGH,HIGH,1,7,2,0,3.612
HIGH,HIGH,0,7,5,1,4.898000000000001
HIGH,HIGH,0,9,0,0,3.754
LOW,LOW,0,5,0,0,4.640000000000001
HIGH,HIGH,1,7,1,0,2.954
LOW,LOW,1,2,2,0,3.63
LOW,LOW,1,2,4,1,2.622
LOW,LOW,0,0,3,2,1.2373333333333332
LOW,LOW,1,3,4,1,3.968
LOW,LOW,0,2,1,0,5.666
LOW,LOW,0,3,3,3,6.5440000000000005
LOW,LOW,0,5,1,0,6.5280000000000005
HIGH,HIGH,0,6,1,0,6.272
HIGH,HIGH,0,9,2,1,3.608
LOW,LOW,0,3,4,4,6.232
LOW,LOW,1,5,3,2,3.267333333333333
HIGH,HIGH,0,8,1,0,5.136
HIGH,HIGH,0,7,2,1,5.547999999999999
LOW,LOW,0,4,2,1,5.816
LOW,LOW,1,5,0,0,1.2
LOW,LOW,1,3,2,0,0.3359999999999999
HIGH,HIGH,1,9,2,0,0.626
LOW,LOW,1,0,5,1,0.086
LOW,LOW,1,1,4,0,0.038
HIGH,HIGH,1,6,4,0,1.334
LOW,LOW,1,5,5,0,0.012
HIGH,HIGH,1,9,3,0,0.3
LOW,LOW,1,4,0,0,0.0
LOW,LOW,1,0,0,0,0.316
HIGH,HIGH,0,6,3,2,2.929333333333333
LOW,LOW,1,5,3,2,2.821333333333333
LOW,LOW,0,1,2,0,3.048
LOW,LOW,0,5,4,1,5.114
HIGH,HIGH,1,8,1,0,2.624
HIGH,HIGH,1,7,5,3,4.386
HIGH,HIGH,0,6,0,0,3.014
LOW,LOW,1,4,5,2,0.486
LOW,LOW,1,3,0,0,4.256
HIGH,HIGH,1,6,0,0,4.162
HIGH,HIGH,0,9,3,2,3.259333333333333
HIGH,HIGH,0,9,4,1,2.3199999999999994
HIGH,HIGH,0,9,5,2,2.22
LOW,LOW,0,3,0,0,4.052
HIGH,HIGH,1,9,4,2,3.74
HIGH,HIGH,0,6,3,2,0.9493333333333334
LOW,LOW,0,2,4,2,3.5280000000000005
LOW,LOW,1,5,0,0,0.3339999999999999
HIGH,HIGH,1,9,5,3,1.148
LOW,LOW,1,2,3,1,1.0466666666666666
HIGH,HIGH,0,9,1,1,5.162000000000001
LOW,LOW,0,4,2,2,5.628
LOW,LOW,1,5,2,1,3.4200000000000004
LOW,LOW,0,1,4,3,6.752000000000001
HIGH,HIGH,1,8,3,2,5.927333333333333
LOW,LOW,0,0,0,0,9.404
LOW,LOW,0,0,3,1,5.756666666666666
LOW,LOW,1,0,2,1,3.66
LOW,LOW,0,3,1,0,6.5600000000000005
LOW,LOW,1,1,3,2,4.203333333333333
LOW,LOW,1,4,5,2,3.6
HIGH,HIGH,1,6,2,1,2.688
HIGH,HIGH,1,9,0,0,2.584
LOW,LOW,0,2,5,1,2.456
LOW,LOW,0,2,0,0,3.382
HIGH,HIGH,1,8,1,0,2.276
LOW,LOW,1,4,2,0,3.166
LOW,LOW,1,2,0,0,1.6
HIGH,HIGH,1,9,0,0,1.942
LOW,LOW,1,1,1,0,4.808
LOW,LOW,1,0,0,0,3.97
LOW,LOW,0,5,2,0,3.058
LOW,LOW,0,5,3,1,3.040666666666666
LOW,LOW,1,5,3,1,5.632666666666665
LOW,LOW,0,2,1,0,2.708
HIGH,HIGH,0,6,1,0,0.8739999999999999
HIGH,HIGH,1,9,3,1,1.7446666666666668
HIGH,HIGH,1,9,3,1,5.290666666666666
HIGH,HIGH,0,6,3,1,2.740666666666667
LOW,LOW,1,2,1,0,1.992
HIGH,HIGH,1,8,2,0,1.322
HIGH,HIGH,0,9,2,0,2.428
HIGH,HIGH,1,7,2,0,1.024
HIGH,HIGH,1,9,0,0,0.6679999999999999
HIGH,HIGH,1,6,5,0,0.344
LOW,LOW,1,4,5,0,0.316
LOW,LOW,1,3,1,0,0.006
LOW,LOW,1,1,4,0,0.048
HIGH,HIGH,1,9,3,1,0.0666666666666666
LOW,LOW,1,2,5,0,1.618
LOW,LOW,1,4,0,0,0.986
HIGH,HIGH,1,8,1,0,0.968
HIGH,HIGH,1,9,2,0,1.294
HIGH,HIGH,1,8,0,0,0.3399999999999999
HIGH,HIGH,1,9,4,0,0.312
HIGH,HIGH,1,9,5,0,0.0
HIGH,HIGH,1,9,3,1,0.4506666666666666
LOW,LOW,1,3,2,0,1.576
LOW,LOW,1,5,0,0,0.956
HIGH,HIGH,1,7,3,0,0.936
HIGH,HIGH,0,6,2,1,5.346
LOW,LOW,1,4,4,1,1.642
HIGH,HIGH,1,6,4,1,6.142
LOW,LOW,0,2,1,0,4.666
HIGH,HIGH,1,6,3,1,3.1006666666666667
LOW,LOW,1,5,3,1,3.6046666666666662
LOW,LOW,0,4,4,2,2.152
LOW,LOW,1,0,1,0,2.638
HIGH,HIGH,1,9,3,2,3.3433333333333333
HIGH,HIGH,1,8,0,0,3.854
HIGH,HIGH,1,6,2,0,3.216
LOW,LOW,1,0,1,0,1.87
LOW,LOW,1,2,3,1,1.9386666666666663
HIGH,HIGH,0,8,5,3,4.109999999999999
LOW,LOW,1,3,4,2,2.45
HIGH,HIGH,1,9,1,0,2.564
LOW,LOW,1,0,2,0,1.912
HIGH,HIGH,1,8,3,1,4.210666666666667
LOW,LOW,0,3,0,0,4.028
HIGH,HIGH,1,9,5,2,2.25
HIGH,HIGH,0,9,4,2,4.642
HIGH,HIGH,1,9,4,1,2.8799999999999994
LOW,LOW,0,0,3,2,5.215333333333334
LOW,LOW,0,0,0,0,3.032
HIGH,HIGH,1,6,5,2,2.124
LOW,LOW,0,5,3,2,2.1933333333333334
LOW,LOW,1,2,2,0,3.832
HIGH,HIGH,1,6,0,0,4.778
LOW,LOW,1,0,5,2,1.982
LOW,LOW,1,4,1,0,6.692
LOW,LOW,0,1,0,0,5.056
LOW,LOW,1,4,2,1,5.541999999999999
LOW,LOW,0,3,5,4,5.15
LOW,LOW,1,3,5,3,5.851999999999999
HIGH,HIGH,0,6,2,2,6.154
LOW,LOW,0,4,1,0,4.956
LOW,LOW,0,0,2,1,3.526
LOW,LOW,0,4,2,1,7.028
LOW,LOW,1,0,3,2,5.577333333333334
HIGH,HIGH,0,6,3,3,5.466
HIGH,HIGH,1,9,3,1,5.142666666666666
LOW,LOW,0,5,1,0,2.764
HIGH,HIGH,0,8,3,1,2.812666666666667
HIGH,HIGH,1,9,5,3,3.042
HIGH,HIGH,0,7,4,2,2.2179999999999995
HIGH,HIGH,0,8,5,2,2.764
HIGH,HIGH,0,7,2,1,6.994
LOW,LOW,1,3,2,1,2.168
LOW,LOW,0,0,0,0,3.046
LOW,LOW,1,3,1,0,4.236
LOW,LOW,0,3,1,0,6.916
LOW,LOW,0,4,2,1,3.654
LOW,LOW,0,3,5,5,7.368
HIGH,HIGH,0,7,4,3,9.38
HIGH,HIGH,0,6,1,0,4.434
LOW,LOW,0,0,5,3,3.812
LOW,LOW,0,1,3,2,5.463333333333334
LOW,LOW,0,0,3,2,8.669333333333332
LOW,LOW,0,5,5,5,5.682
LOW,LOW,0,2,3,2,6.483333333333333
LOW,LOW,0,2,3,1,5.052666666666666
HIGH,HIGH,0,8,0,0,1.694
HIGH,HIGH,0,9,4,2,1.862
LOW,LOW,0,4,4,1,2.08
LOW,LOW,0,4,2,1,0.902
HIGH,HIGH,1,8,1,0,3.892
LOW,LOW,0,2,2,1,3.476
LOW,LOW,1,3,3,1,1.9786666666666664
LOW,LOW,1,5,2,1,3.592
LOW,LOW,1,1,2,1,3.038
LOW,LOW,0,4,0,0,3.008
HIGH,HIGH,1,7,1,0,3.56
HIGH,HIGH,0,8,2,0,1.444
LOW,LOW,1,2,4,2,3.058
HIGH,HIGH,1,8,2,1,2.258
LOW,LOW,0,1,5,2,1.868
LOW,LOW,0,3,0,0,6.192
HIGH,HIGH,1,8,1,0,1.698
HIGH,HIGH,0,7,3,1,2.1406666666666663
LOW,LOW,1,5,2,0,1.36
HIGH,HIGH,1,7,1,0,1.202
LOW,LOW,1,5,3,0,0.6699999999999999
LOW,LOW,1,3,1,0,0.6579999999999999
LOW,LOW,1,4,3,0,1.9
LOW,LOW,1,1,2,0,0.696
LOW,LOW,1,5,4,0,1.336
HIGH,HIGH,1,7,4,0,1.612
HIGH,HIGH,1,7,4,0,0.3
HIGH,HIGH,1,6,4,1,0.6920000000000001
LOW,LOW,0,4,4,0,0.4519999999999999
LOW,LOW,0,5,3,2,4.8853333333333335
HIGH,HIGH,0,7,0,0,2.434
LOW,LOW,0,4,3,1,4.386666666666666
HIGH,HIGH,0,6,5,2,4.166
LOW,LOW,1,3,3,1,3.5246666666666666
LOW,LOW,0,1,0,0,2.364
HIGH,HIGH,1,9,4,1,1.954
LOW,LOW,0,4,3,2,1.8733333333333333
LOW,LOW,0,1,4,3,1.982
HIGH,HIGH,0,8,1,0,3.434
HIGH,HIGH,1,6,0,0,4.23
LOW,LOW,1,4,0,0,3.806
LOW,LOW,1,5,3,1,3.634666666666667
HIGH,HIGH,0,9,2,1,4.366
HIGH,HIGH,0,9,4,1,2.506
LOW,LOW,0,0,1,0,3.27
LOW,LOW,1,0,2,0,4.492
LOW,LOW,1,1,5,2,4.902
HIGH,HIGH,0,9,0,0,1.684
LOW,LOW,1,4,2,1,5.491999999999999
HIGH,HIGH,0,7,0,0,1.376
LOW,LOW,0,0,5,2,0.8360000000000001
HIGH,HIGH,1,6,5,3,6.618
LOW,LOW,1,4,3,1,3.400666666666667
HIGH,HIGH,0,8,1,0,4.548
LOW,LOW,0,0,0,0,1.0599999999999998
LOW,LOW,1,3,5,2,5.521999999999999
HIGH,HIGH,1,8,0,0,2.004
LOW,LOW,0,0,3,2,3.5533333333333337
LOW,LOW,1,5,0,0,1.0319999999999998
LOW,LOW,0,1,1,0,4.346
LOW,LOW,1,2,3,1,2.330666666666667
LOW,LOW,1,0,3,0,3.04
HIGH,HIGH,1,8,5,1,4.174
LOW,LOW,1,0,0,0,3.632
HIGH,HIGH,0,6,0,0,4.052
LOW,LOW,0,5,3,1,6.020666666666666
HIGH,HIGH,0,7,4,2,3.432
HIGH,HIGH,0,7,1,0,4.01
LOW,LOW,0,5,0,0,3.35
LOW,LOW,0,0,4,1,3.47
LOW,LOW,0,5,2,0,2.686
LOW,LOW,1,4,4,1,2.64
LOW,LOW,1,4,2,1,3.59
LOW,LOW,1,3,3,1,4.272666666666667
LOW,LOW,1,1,4,1,1.788
LOW,LOW,0,4,1,0,0.15
HIGH,HIGH,1,8,3,1,3.966666666666667
HIGH,HIGH,1,9,4,0,2.846
LOW,LOW,0,1,1,0,2.398
HIGH,HIGH,1,6,5,3,3.3200000000000003
LOW,LOW,0,4,5,3,2.198
LOW,LOW,1,5,1,0,1.334
LOW,LOW,1,0,1,0,4.462
HIGH,HIGH,0,7,3,2,5.465333333333334
LOW,LOW,1,2,3,1,2.6326666666666667
HIGH,HIGH,0,7,2,0,4.238
LOW,LOW,1,2,5,1,3.302
HIGH,HIGH,0,9,1,0,1.0779999999999998
LOW,LOW,1,1,5,1,3.3840000000000003
HIGH,HIGH,1,9,5,0,1.0139999999999998
LOW,LOW,1,1,5,0,0.3
LOW,LOW,1,4,2,0,1.032
LOW,LOW,1,3,1,0,0.634
HIGH,HIGH,1,9,5,1,0.348
HIGH,HIGH,1,9,5,0,0.952
LOW,LOW,1,5,4,0,1.242
HIGH,HIGH,1,7,3,0,0.3
LOW,LOW,1,4,3,0,1.31
LOW,LOW,1,1,5,1,0.076
LOW,LOW,1,1,2,1,1.368
HIGH,HIGH,0,7,3,1,5.350666666666666
LOW,LOW,0,4,1,0,3.106
LOW,LOW,1,0,1,0,2.588
LOW,LOW,0,2,0,0,4.558000000000001
LOW,LOW,1,4,0,0,2.57
LOW,LOW,1,0,5,2,1.02
LOW,LOW,0,0,4,2,2.192
HIGH,HIGH,1,6,1,0,2.674
LOW,LOW,0,4,5,2,4.102
LOW,LOW,0,3,4,2,0.85
LOW,LOW,1,3,4,1,4.262
LOW,LOW,1,0,1,0,0.63
HIGH,HIGH,1,6,1,0,2.834
LOW,LOW,0,4,0,0,3.434
LOW,LOW,1,4,1,0,0.6
LOW,LOW,1,5,2,0,4.73
HIGH,HIGH,0,7,3,1,5.272666666666667
LOW,LOW,1,3,0,0,3.21
LOW,LOW,0,2,2,1,2.152
LOW,LOW,0,5,2,2,4.276
HIGH,HIGH,0,7,2,2,7.074000000000001
LOW,LOW,0,0,5,3,4.416
HIGH,HIGH,0,6,2,1,5.177999999999999
LOW,LOW,0,4,0,0,5.51
LOW,LOW,0,5,2,2,5.192
HIGH,HIGH,1,6,3,2,4.937333333333334
LOW,LOW,0,4,1,1,6.6240000000000006
HIGH,HIGH,0,7,4,3,3.824
LOW,LOW,0,5,3,2,5.3853333333333335
LOW,LOW,1,2,5,3,4.916
HIGH,HIGH,0,7,5,4,4.278
HIGH,HIGH,1,6,1,1,6.17
HIGH,HIGH,0,9,3,2,7.923333333333334
HIGH,HIGH,1,9,3,2,4.319333333333333
LOW,LOW,1,1,4,3,5.874
LOW,LOW,0,4,1,0,4.334
LOW,LOW,1,0,1,1,6.034
LOW,LOW,0,1,2,2,6.26
LOW,LOW,0,5,1,0,4.292
HIGH,HIGH,0,9,4,3,4.263999999999999
LOW,LOW,1,4,3,1,4.250666666666667
HIGH,HIGH,0,6,4,1,4.988
HIGH,HIGH,1,6,3,1,3.0046666666666666
LOW,LOW,0,1,2,1,1.248
LOW,LOW,1,1,4,2,4.928
LOW,LOW,0,2,0,0,1.354
LOW,LOW,1,2,2,1,4.322
HIGH,HIGH,1,6,1,0,5.42
LOW,LOW,1,0,2,1,2.102
HIGH,HIGH,0,9,5,4,5.794
LOW,LOW,1,1,4,2,3.584
LOW,LOW,0,0,5,3,5.54
LOW,LOW,0,5,5,3,5.446000000000001
LOW,LOW,0,2,1,0,5.636
LOW,LOW,1,0,5,3,6.816
LOW,LOW,1,1,2,1,7.504
LOW,LOW,1,5,4,2,3.298
HIGH,HIGH,0,8,2,1,6.694
LOW,LOW,0,0,2,1,5.536
LOW,LOW,1,5,0,0,1.932
LOW,LOW,1,5,5,3,2.7840000000000003
HIGH,HIGH,0,7,1,0,4.279999999999999
HIGH,HIGH,1,6,1,0,3.502
HIGH,HIGH,0,7,3,2,3.3953333333333333
HIGH,HIGH,1,8,0,0,3.948
LOW,LOW,1,1,0,0,3.244
HIGH,HIGH,1,9,0,0,1.844
LOW,LOW,0,3,4,2,0.8999999999999999
LOW,LOW,1,4,1,0,0.608
LOW,LOW,0,5,2,1,3.486
LOW,LOW,0,5,5,2,2.784
LOW,LOW,1,2,2,1,2.762
HIGH,HIGH,0,6,1,0,2.728
HIGH,HIGH,0,9,0,0,1.192
LOW,LOW,1,0,2,0,3.254
LOW,LOW,1,3,0,0,0.6819999999999999
LOW,LOW,0,2,4,3,5.79
HIGH,HIGH,1,8,3,2,3.3633333333333333
HIGH,HIGH,1,8,5,4,0.76
LOW,LOW,0,4,4,3,3.572
LOW,LOW,0,5,1,0,0.6699999999999999
LOW,LOW,0,3,0,0,0.1699999999999999
LOW,LOW,0,2,2,1,1.266
LOW,LOW,0,2,0,0,1.464
LOW,LOW,1,3,5,2,3.738
LOW,LOW,0,4,2,1,4.433999999999999
LOW,LOW,0,2,2,1,4.742
HIGH,HIGH,0,9,0,0,3.09
HIGH,HIGH,1,7,5,3,4.5440000000000005
HIGH,HIGH,1,9,0,0,3.464
HIGH,HIGH,1,7,3,0,3.824
LOW,LOW,0,0,1,0,1.456
HIGH,HIGH,0,9,3,2,4.073333333333333
LOW,LOW,1,4,1,0,4.848
LOW,LOW,1,5,5,2,3.3240000000000003
LOW,LOW,1,3,1,0,1.79
LOW,LOW,1,2,0,0,3.788
HIGH,HIGH,1,9,4,1,3.556
HIGH,HIGH,0,8,5,3,2.522
LOW,LOW,1,3,0,0,5.144
LOW,LOW,0,1,0,0,5.893999999999999
LOW,LOW,0,0,1,1,3.196
HIGH,HIGH,0,8,0,0,4.936
LOW,LOW,0,4,5,2,7.728
LOW,LOW,0,2,5,5,5.53
HIGH,HIGH,1,7,4,2,7.463999999999999
LOW,LOW,0,1,4,2,6.105999999999999
HIGH,HIGH,0,7,0,0,7.154
LOW,LOW,0,3,5,3,2.816
HIGH,HIGH,1,7,4,2,3.628
HIGH,HIGH,1,7,5,2,3.056
LOW,LOW,0,2,4,2,3.44
LOW,LOW,0,0,0,0,3.04
LOW,LOW,0,5,0,0,2.1
HIGH,HIGH,1,9,1,0,3.614
LOW,LOW,1,0,0,0,2.57
LOW,LOW,0,5,5,3,4.844
LOW,LOW,1,5,5,1,2.548
HIGH,HIGH,1,6,1,0,4.478
HIGH,HIGH,0,7,3,1,0.5986666666666667
LOW,LOW,0,1,5,3,4.714
HIGH,HIGH,0,8,0,0,5.1
LOW,LOW,0,0,1,0,4.018
HIGH,HIGH,0,7,3,1,2.486666666666667
HIGH,HIGH,0,6,1,0,2.582
HIGH,HIGH,1,6,3,2,5.227333333333333
LOW,LOW,0,0,3,2,6.305333333333334
LOW,LOW,0,4,0,0,3.724
HIGH,HIGH,1,7,5,2,2.93
LOW,LOW,0,1,3,2,3.2573333333333334
LOW,LOW,0,4,1,0,4.588000000000001
LOW,LOW,1,5,2,0,1.002
LOW,LOW,0,0,5,1,2.702
HIGH,HIGH,1,7,1,0,0.778
HIGH,HIGH,0,9,3,1,0.6666666666666666
HIGH,HIGH,1,7,2,1,3.038
HIGH,HIGH,1,7,4,2,3.646
LOW,LOW,0,0,0,0,4.640000000000001
LOW,LOW,1,3,2,1,2.466
LOW,LOW,0,4,3,2,2.8393333333333333
LOW,LOW,0,3,0,0,3.042
LOW,LOW,0,4,0,0,2.732
LOW,LOW,1,1,1,0,3.56
HIGH,HIGH,1,7,2,1,2.39
HIGH,HIGH,0,6,4,3,2.464
LOW,LOW,1,5,5,2,4.65
HIGH,HIGH,0,9,0,0,3.378
HIGH,HIGH,0,8,1,0,3.358
LOW,LOW,0,5,2,1,2.522
LOW,LOW,1,5,3,0,0.63
LOW,LOW,1,1,0,0,1.888
LOW,LOW,1,0,1,0,2.298
LOW,LOW,1,1,4,0,0.0999999999999999
HIGH,HIGH,1,9,1,0,0.0
HIGH,HIGH,1,9,5,0,2.566
LOW,LOW,1,0,3,0,1.586
LOW,LOW,1,3,2,0,2.6
LOW,LOW,1,1,3,0,0.942
LOW,LOW,1,5,1,0,0.016
LOW,LOW,1,3,3,1,3.714666666666667
LOW,LOW,1,0,2,1,3.264
LOW,LOW,0,3,5,3,1.862
LOW,LOW,1,0,1,0,2.394
LOW,LOW,0,3,2,0,1.384
LOW,LOW,1,5,5,3,3.964
LOW,LOW,1,0,0,0,3.2880000000000003
HIGH,HIGH,0,8,1,0,3.972
HIGH,HIGH,0,8,0,0,4.15
LOW,LOW,1,1,0,0,3.248
LOW,LOW,1,0,5,1,6.37
HIGH,HIGH,1,8,2,1,1.344
HIGH,HIGH,1,7,3,1,4.602666666666666
LOW,LOW,0,1,1,0,4.27
LOW,LOW,1,3,4,2,3.246
LOW,LOW,1,0,4,1,2.974
LOW,LOW,0,0,0,0,2.3480000000000003
LOW,LOW,1,2,0,0,4.532
HIGH,HIGH,0,6,0,0,0.84
HIGH,HIGH,1,9,5,1,3.306
HIGH,HIGH,1,6,4,3,5.592
HIGH,HIGH,0,9,3,3,7.418
LOW,LOW,1,1,1,0,4.142
LOW,LOW,0,1,4,3,5.472
HIGH,HIGH,1,9,0,0,5.098
LOW,LOW,1,4,1,0,6.12
LOW,LOW,0,3,3,2,8.079333333333333
LOW,LOW,0,0,3,2,5.095333333333334
HIGH,HIGH,0,6,1,1,3.5600000000000005
HIGH,HIGH,0,7,2,1,6.946
HIGH,HIGH,1,8,0,0,0.936
LOW,LOW,1,2,2,0,1.226
LOW,LOW,1,4,4,0,0.958
HIGH,HIGH,1,9,2,0,0.64
LOW,LOW,1,4,1,0,0.3
LOW,LOW,1,3,1,0,0.3419999999999999
LOW,LOW,1,0,3,0,0.602
HIGH,HIGH,1,6,4,0,0.996
LOW,LOW,1,3,5,0,0.31
HIGH,HIGH,1,8,2,0,0.966
LOW,LOW,1,1,5,2,1.374
LOW,LOW,1,4,4,2,3.39
LOW,LOW,1,4,1,0,1.212
HIGH,HIGH,1,9,2,1,2.126
HIGH,HIGH,1,9,4,1,2.732
LOW,LOW,0,3,0,0,4.348
LOW,LOW,1,0,1,0,3.7
LOW,LOW,1,4,3,1,2.548666666666666
LOW,LOW,1,2,0,0,1.6740000000000002
LOW,LOW,1,1,4,1,1.102
LOW,LOW,0,1,2,0,5.334
LOW,LOW,0,2,1,0,3.042
HIGH,HIGH,0,9,1,0,0.5
LOW,LOW,1,0,0,0,3.5
LOW,LOW,0,3,5,1,4.680000000000001
LOW,LOW,1,0,1,0,3.136
LOW,LOW,0,0,4,2,3.152
HIGH,HIGH,1,7,3,1,0.6806666666666666
HIGH,HIGH,0,9,4,2,1.798
LOW,LOW,0,3,3,1,2.7306666666666666
LOW,LOW,0,5,2,0,4.636
LOW,LOW,1,1,3,1,4.000666666666667
HIGH,HIGH,0,8,4,2,5.044
LOW,LOW,1,4,5,2,4.254
LOW,LOW,0,2,2,1,5.086
LOW,LOW,0,4,4,1,3.71
LOW,LOW,0,2,3,1,5.044666666666667
LOW,LOW,1,4,0,0,4.308
LOW,LOW,0,0,3,1,0.5466666666666666
LOW,LOW,1,4,3,2,5.575333333333333
LOW,LOW,0,3,2,1,6.103999999999999
LOW,LOW,1,4,4,4,4.346
HIGH,HIGH,1,9,5,5,6.586
HIGH,HIGH,1,8,1,0,6.808
LOW,LOW,1,3,3,2,5.299333333333333
LOW,LOW,1,4,3,2,5.559333333333333
HIGH,HIGH,1,9,0,0,4.132
HIGH,HIGH,0,8,5,4,6.776000000000001
LOW,LOW,0,2,4,3,6.396000000000001
LOW,LOW,1,1,2,1,5.151999999999999
LOW,LOW,1,1,5,1,1.24
LOW,LOW,1,3,1,0,3.888
LOW,LOW,0,5,4,2,4.706
HIGH,HIGH,0,8,0,0,2.046
LOW,LOW,0,0,1,0,2.4320000000000004
LOW,LOW,0,1,1,0,4.04
HIGH,HIGH,1,9,4,2,3.382
HIGH,HIGH,1,6,1,0,0.102
HIGH,HIGH,0,6,0,0,3.3
LOW,LOW,0,0,4,1,3.1179999999999994
LOW,LOW,0,4,5,2,3.776
HIGH,HIGH,1,8,4,2,5.877999999999999
LOW,LOW,1,4,1,0,1.898
LOW,LOW,0,0,1,0,1.694
LOW,LOW,0,3,5,2,3.4840000000000004
HIGH,HIGH,0,8,0,0,4.932
HIGH,HIGH,0,6,3,1,2.444666666666667
LOW,LOW,1,2,3,2,3.1253333333333333
HIGH,HIGH,0,7,4,2,2.78
LOW,LOW,0,1,1,0,1.788
HIGH,HIGH,1,6,0,0,0.41
LOW,LOW,0,0,3,2,3.191333333333333
HIGH,HIGH,1,9,3,1,2.6446666666666667
LOW,LOW,1,3,3,2,3.791333333333333
HIGH,HIGH,0,8,4,1,4.081999999999999
LOW,LOW,1,0,3,1,2.9926666666666666
LOW,LOW,0,1,2,1,3.46
LOW,LOW,0,5,5,2,0.9499999999999998
HIGH,HIGH,1,8,2,1,1.428
LOW,LOW,1,1,3,2,3.657333333333333
LOW,LOW,0,0,0,0,2.722
LOW,LOW,0,5,1,0,5.781999999999999
HIGH,HIGH,0,7,3,3,5.74
HIGH,HIGH,0,8,5,5,4.27
LOW,LOW,0,3,4,4,8.138
HIGH,HIGH,1,7,5,3,3.3200000000000003
LOW,LOW,0,1,3,2,4.601333333333334
HIGH,HIGH,0,8,3,2,8.413333333333334
HIGH,HIGH,1,9,3,3,6.3100000000000005
LOW,LOW,0,1,3,2,6.051333333333334
HIGH,HIGH,0,8,3,3,6.424
LOW,LOW,0,5,4,3,4.218
LOW,LOW,0,2,1,0,7.913999999999999
LOW,LOW,1,0,4,2,7.14
LOW,LOW,0,1,2,1,5.707999999999999
HIGH,HIGH,0,8,4,4,6.23
HIGH,HIGH,1,9,1,0,7.345999999999999
HIGH,HIGH,0,7,3,2,4.797333333333334
LOW,LOW,0,3,3,2,4.399333333333334
LOW,LOW,0,2,4,3,5.478000000000001
HIGH,HIGH,1,7,5,5,3.664
LOW,LOW,0,2,3,2,5.051333333333334
LOW,LOW,0,3,1,1,5.646
LOW,LOW,0,3,2,1,6.073999999999999
HIGH,HIGH,1,7,1,0,5.592
LOW,LOW,0,0,0,0,6.858
HIGH,HIGH,1,6,5,3,7.401999999999999
HIGH,HIGH,0,6,4,4,9.29
HIGH,HIGH,0,9,2,1,6.028
HIGH,HIGH,0,6,3,3,6.7620000000000005
HIGH,HIGH,0,6,4,3,6.186
HIGH,HIGH,1,7,5,4,4.332
LOW,LOW,0,4,4,3,5.418000000000001
LOW,LOW,0,0,5,3,6.022
LOW,LOW,0,0,4,3,6.586
LOW,LOW,0,4,3,2,8.357333333333333
LOW,LOW,0,5,2,1,6.686
HIGH,HIGH,0,9,2,1,4.796
LOW,LOW,0,3,4,2,5.545999999999999
LOW,LOW,1,0,5,4,5.973999999999999
LOW,LOW,0,3,2,1,4.864
LOW,LOW,0,2,5,4,6.223999999999999
LOW,LOW,0,2,2,1,6.734
HIGH,HIGH,0,9,0,0,4.037999999999999
LOW,LOW,0,5,3,2,8.133333333333333
LOW,LOW,0,4,5,4,3.5900000000000003
HIGH,HIGH,0,9,4,3,3.22
HIGH,HIGH,1,9,0,0,4.162
HIGH,HIGH,0,7,5,5,4.524
HIGH,HIGH,0,9,1,1,4.508
HIGH,HIGH,1,6,0,0,4.01
HIGH,HIGH,0,7,1,0,1.19
LOW,LOW,0,5,2,1,1.826
LOW,LOW,0,4,4,1,4.074
HIGH,HIGH,1,7,3,2,1.8173333333333328
HIGH,HIGH,0,8,2,0,3.036
HIGH,HIGH,0,7,5,2,2.116
LOW,LOW,0,2,2,1,3.258
HIGH,HIGH,1,7,2,1,1.0
HIGH,HIGH,1,7,5,2,1.744
LOW,LOW,0,5,2,1,4.772
HIGH,HIGH,1,6,1,0,5.478
LOW,LOW,1,5,1,0,3.58
HIGH,HIGH,0,9,2,1,5.14
LOW,LOW,1,2,5,2,3.944
HIGH,HIGH,1,7,0,0,0.7
LOW,LOW,0,5,2,1,3.428
HIGH,HIGH,1,9,1,0,0.322
LOW,LOW,0,4,4,2,1.898
LOW,LOW,0,2,2,1,1.62
LOW,LOW,0,1,4,3,3.964
HIGH,HIGH,0,7,2,1,5.505999999999999
LOW,LOW,1,1,2,1,5.849999999999999
LOW,LOW,0,0,4,3,5.0920000000000005
LOW,LOW,0,0,1,0,4.602
LOW,LOW,0,1,4,4,6.2
LOW,LOW,0,2,3,2,2.553333333333333
LOW,LOW,0,4,5,3,8.246
LOW,LOW,0,2,0,0,5.566
LOW,LOW,0,2,0,0,8.514
LOW,LOW,0,0,0,0,1.818
LOW,LOW,0,2,1,0,3.698
LOW,LOW,1,4,4,1,0.776
LOW,LOW,1,3,2,0,4.462
LOW,LOW,0,1,3,2,3.501333333333333
HIGH,HIGH,1,6,1,0,3.858
LOW,LOW,1,2,4,2,4.901999999999999
LOW,LOW,1,0,5,3,4.326
LOW,LOW,1,4,2,1,1.0579999999999998
LOW,LOW,1,0,0,0,4.438000000000001
LOW,LOW,0,4,3,1,2.1586666666666665
LOW,LOW,0,4,5,3,4.207999999999999
HIGH,HIGH,0,9,1,0,4.064
HIGH,HIGH,1,7,4,2,2.394
LOW,LOW,1,5,2,1,2.034
HIGH,HIGH,1,9,3,2,2.1493333333333333
LOW,LOW,1,3,0,0,2.214
HIGH,HIGH,0,6,2,0,4.764
LOW,LOW,1,2,3,1,4.192666666666667
LOW,LOW,1,2,0,0,3.35
LOW,LOW,1,3,0,0,4.778
LOW,LOW,0,4,4,2,2.822
LOW,LOW,1,2,0,0,2.968
HIGH,HIGH,0,7,4,1,1.486
LOW,LOW,0,1,5,3,3.15
LOW,LOW,0,5,1,0,4.918
LOW,LOW,0,2,0,0,2.142
LOW,LOW,0,5,2,1,4.092
HIGH,HIGH,0,6,2,1,2.5540000000000003
HIGH,HIGH,1,9,3,1,4.504666666666667
LOW,LOW,0,3,4,1,2.9499999999999997
LOW,LOW,0,0,0,0,4.630000000000001
LOW,LOW,0,1,2,0,3.64
LOW,LOW,1,5,1,0,0.98
LOW,LOW,0,0,0,0,0.864
LOW,LOW,1,5,0,0,4.826
HIGH,HIGH,0,8,5,1,4.542
LOW,LOW,1,3,2,1,4.885999999999999
LOW,LOW,0,4,3,1,0.8846666666666667
LOW,LOW,0,0,2,1,0.858
HIGH,HIGH,1,7,3,0,1.268
LOW,LOW,1,0,0,0,0.0
LOW,LOW,1,5,0,0,0.6
HIGH,HIGH,1,6,1,0,0.006
HIGH,HIGH,1,6,5,0,0.6619999999999999
LOW,LOW,1,0,3,1,0.6966666666666667
LOW,LOW,1,2,5,0,2.268
HIGH,HIGH,1,9,5,1,0.05
LOW,LOW,1,1,3,0,0.6
LOW,LOW,1,2,1,0,0.646
HIGH,HIGH,1,9,2,0,0.348
LOW,LOW,1,3,1,0,1.638
LOW,LOW,1,1,5,0,0.6619999999999999
HIGH,HIGH,1,6,4,0,0.926
LOW,LOW,1,2,3,1,0.0926666666666666
LOW,LOW,1,2,1,0,0.032
LOW,LOW,1,5,2,0,0.146
HIGH,HIGH,1,7,5,0,0.352
HIGH,HIGH,1,8,3,0,1.028
LOW,LOW,1,0,2,0,0.6
LOW,LOW,1,3,0,0,2.23
LOW,LOW,1,1,2,1,0.702
LOW,LOW,0,3,5,2,0.924
HIGH,HIGH,1,9,1,0,2.514
LOW,LOW,0,4,1,0,3.818
LOW,LOW,0,1,1,0,4.986
LOW,LOW,0,4,1,0,3.994
HIGH,HIGH,0,7,2,1,4.117999999999999
HIGH,HIGH,1,7,5,1,0.3399999999999999
HIGH,HIGH,1,7,0,0,4.526
LOW,LOW,0,0,3,1,3.0326666666666666
LOW,LOW,1,1,2,0,3.464
LOW,LOW,1,0,1,0,3.33
LOW,LOW,1,4,0,0,1.664
LOW,LOW,0,4,4,1,6.2700000000000005
LOW,LOW,1,3,3,0,3.954
HIGH,HIGH,1,6,5,2,3.914
LOW,LOW,1,1,5,3,4.27
LOW,LOW,1,5,5,3,3.592
LOW,LOW,1,1,2,0,1.61
LOW,LOW,0,3,0,0,1.656
HIGH,HIGH,1,7,0,0,4.59
HIGH,HIGH,1,8,1,0,6.428
HIGH,HIGH,1,6,5,2,4.686
HIGH,HIGH,0,7,2,1,5.334
HIGH,HIGH,0,7,3,1,4.1226666666666665
LOW,LOW,0,0,3,1,3.0726666666666667
HIGH,HIGH,0,7,1,0,3.884
LOW,LOW,1,4,5,2,3.554
LOW,LOW,0,5,1,0,5.584
LOW,LOW,0,4,2,1,4.483999999999999
HIGH,HIGH,0,6,1,0,4.438
HIGH,HIGH,1,8,1,1,4.932
HIGH,HIGH,0,6,3,2,7.761333333333333
LOW,LOW,0,4,3,2,8.915333333333333
LOW,LOW,0,5,3,2,5.761333333333334
HIGH,HIGH,0,9,3,2,6.251333333333333
LOW,LOW,0,2,0,0,5.692
LOW,LOW,1,5,1,0,5.436
LOW,LOW,0,2,3,2,7.407333333333334
LOW,LOW,0,0,1,1,7.13
LOW,LOW,0,1,2,1,5.489999999999999
LOW,LOW,1,4,3,2,4.9013333333333335
LOW,LOW,0,2,4,3,4.542
LOW,LOW,0,2,2,2,5.941999999999999
LOW,LOW,0,2,2,1,4.424
LOW,LOW,0,2,2,1,4.552
HIGH,HIGH,1,8,5,4,6.382
LOW,LOW,0,3,3,2,7.057333333333334
LOW,LOW,1,4,4,2,7.377999999999999
HIGH,HIGH,1,9,3,1,3.6006666666666667
HIGH,HIGH,1,8,5,2,1.718
LOW,LOW,1,1,1,0,2.544
HIGH,HIGH,1,8,4,1,3.354
LOW,LOW,1,0,2,1,3.864
LOW,LOW,1,2,1,0,5.478
LOW,LOW,0,3,3,2,3.159333333333333
LOW,LOW,1,2,0,0,3.952
HIGH,HIGH,1,6,4,2,0.1
LOW,LOW,1,3,0,0,3.822
HIGH,HIGH,1,7,4,1,0.67
LOW,LOW,1,1,2,0,1.956
LOW,LOW,1,3,0,0,0.964
LOW,LOW,1,5,4,0,0.0
LOW,LOW,1,1,2,0,0.024
LOW,LOW,1,0,5,0,1.944
LOW,LOW,1,5,4,1,0.3979999999999999
HIGH,HIGH,1,7,5,1,0.41
HIGH,HIGH,1,6,5,0,0.648
LOW,LOW,1,0,0,0,0.016
LOW,LOW,1,0,5,2,3.632
LOW,LOW,1,0,0,0,2.792
HIGH,HIGH,1,8,1,0,3.824
HIGH,HIGH,1,8,4,1,3.896
LOW,LOW,0,5,2,1,4.13
HIGH,HIGH,0,8,3,1,3.1486666666666667
HIGH,HIGH,1,7,0,0,2.264
LOW,LOW,1,2,0,0,1.63
HIGH,HIGH,0,8,2,1,2.444
LOW,LOW,1,0,0,0,0.93
LOW,LOW,0,0,0,0,3.02
LOW,LOW,0,2,0,0,2.698
LOW,LOW,0,0,2,0,3.778
LOW,LOW,1,4,2,1,3.696
LOW,LOW,1,5,2,0,2.6
HIGH,HIGH,0,6,1,0,2.4400000000000004
HIGH,HIGH,1,6,0,0,4.6
HIGH,HIGH,0,8,4,2,3.446
LOW,LOW,0,4,1,0,0.82
HIGH,HIGH,1,8,0,0,2.828
HIGH,HIGH,0,9,3,1,5.310666666666666
LOW,LOW,0,5,4,1,2.514
LOW,LOW,0,5,2,0,5.244
LOW,LOW,1,3,4,2,2.142
LOW,LOW,0,3,4,1,3.376
HIGH,HIGH,1,7,0,0,0.6839999999999999
HIGH,HIGH,1,8,2,1,5.132
LOW,LOW,1,5,3,2,4.267333333333333
LOW,LOW,0,2,5,3,0.602
LOW,LOW,0,3,2,1,1.538
LOW,LOW,1,0,5,0,1.66
LOW,LOW,1,1,5,0,1.972
LOW,LOW,1,4,2,0,0.924
HIGH,HIGH,1,9,2,0,0.0
LOW,LOW,1,3,1,0,1.008
HIGH,HIGH,1,9,2,0,0.934
LOW,LOW,1,2,0,0,1.276
LOW,LOW,1,3,2,0,0.044
HIGH,HIGH,1,7,5,1,1.348
LOW,LOW,1,5,5,1,0.708
LOW,LOW,0,1,2,1,6.978
HIGH,HIGH,0,6,3,2,6.359333333333335
HIGH,HIGH,0,7,1,0,5.93
LOW,LOW,0,1,1,0,5.098
LOW,LOW,0,0,0,0,5.484
LOW,LOW,0,2,4,3,4.916
HIGH,HIGH,0,7,2,1,7.728
LOW,LOW,1,0,4,3,6.250000000000001
HIGH,HIGH,0,7,4,3,5.44
LOW,LOW,0,1,0,0,6.946
HIGH,HIGH,1,7,3,1,4.224666666666667
LOW,LOW,0,1,1,0,4.434
HIGH,HIGH,1,8,1,0,2.27
HIGH,HIGH,0,8,1,0,1.382
HIGH,HIGH,1,8,1,0,1.974
LOW,LOW,0,1,1,0,2.772
LOW,LOW,1,4,2,1,5.341999999999999
LOW,LOW,0,3,5,1,4.992000000000001
HIGH,HIGH,1,6,4,2,4.21
HIGH,HIGH,1,8,2,1,2.764
LOW,LOW,1,4,5,3,2.04
LOW,LOW,1,5,2,1,5.871999999999999
LOW,LOW,1,0,4,2,2.622
LOW,LOW,0,3,1,0,4.966
HIGH,HIGH,1,6,0,0,3.15
LOW,LOW,0,5,1,0,0.792
HIGH,HIGH,1,7,2,1,4.566
LOW,LOW,0,5,1,0,4.338
LOW,LOW,1,5,4,1,4.98
HIGH,HIGH,0,6,4,2,0.6099999999999999
HIGH,HIGH,0,9,1,0,3.626
HIGH,HIGH,1,7,4,3,4.005999999999999
HIGH,HIGH,0,8,3,2,6.807333333333333
HIGH,HIGH,0,9,2,1,3.786
LOW,LOW,0,1,0,0,6.113999999999999
HIGH,HIGH,0,7,0,0,4.734
HIGH,HIGH,1,9,1,0,6.126
LOW,LOW,0,1,3,2,3.6013333333333333
HIGH,HIGH,0,6,2,1,7.042
LOW,LOW,1,2,1,0,5.12
HIGH,HIGH,1,8,1,0,4.198
HIGH,HIGH,0,8,4,1,3.472
LOW,LOW,1,2,4,2,4.554
LOW,LOW,1,1,1,0,3.582
LOW,LOW,0,3,1,0,2.74
LOW,LOW,1,4,3,1,3.6786666666666665
HIGH,HIGH,1,9,4,2,3.306
LOW,LOW,1,1,5,3,3.28
LOW,LOW,0,4,2,1,1.9
LOW,LOW,1,0,5,2,4.304
HIGH,HIGH,1,9,2,1,3.3240000000000003
HIGH,HIGH,1,9,1,0,2.96
LOW,LOW,1,1,4,1,2.644
LOW,LOW,1,4,5,2,4.924
HIGH,HIGH,1,9,4,1,4.282
LOW,LOW,1,1,0,0,3.67
HIGH,HIGH,0,6,1,0,3.786
LOW,LOW,0,3,5,1,2.496
HIGH,HIGH,1,6,4,3,2.052
LOW,LOW,0,2,1,0,2.704
LOW,LOW,0,3,2,1,5.981999999999999
LOW,LOW,0,0,0,0,4.5760000000000005
LOW,LOW,0,2,3,1,6.6226666666666665
LOW,LOW,1,0,0,0,5.104
HIGH,HIGH,0,7,0,0,5.666
LOW,LOW,1,3,4,3,4.32
HIGH,HIGH,0,8,4,2,7.673999999999999
LOW,LOW,0,5,0,0,5.564
HIGH,HIGH,0,7,3,1,8.284666666666666
HIGH,HIGH,0,7,0,0,5.077999999999999
LOW,LOW,1,1,0,0,4.7620000000000005
HIGH,HIGH,1,8,3,2,3.4833333333333334
LOW,LOW,0,5,0,0,2.342
LOW,LOW,1,0,4,2,2.044
LOW,LOW,1,3,4,1,0.95
HIGH,HIGH,1,7,4,2,2.044
LOW,LOW,1,0,2,0,4.562
LOW,LOW,1,4,4,2,2.066
LOW,LOW,0,1,0,0,4.262
LOW,LOW,1,0,2,1,2.4040000000000004
HIGH,HIGH,0,7,2,1,7.294
LOW,LOW,1,3,0,0,3.242
LOW,LOW,0,4,1,0,5.353999999999999
LOW,LOW,1,4,0,0,7.699999999999999
LOW,LOW,0,2,4,2,6.616
LOW,LOW,0,2,0,0,5.6
LOW,LOW,0,0,4,4,5.928
LOW,LOW,0,4,4,3,5.732
LOW,LOW,0,5,1,0,4.988
LOW,LOW,1,4,2,1,5.523999999999999
HIGH,HIGH,1,9,4,1,3.658
LOW,LOW,1,3,2,1,4.316
HIGH,HIGH,1,6,4,2,4.385999999999999
HIGH,HIGH,1,8,0,0,3.234
HIGH,HIGH,0,7,0,0,0.784
LOW,LOW,1,3,2,1,2.986
LOW,LOW,1,1,5,3,4.91
HIGH,HIGH,1,9,1,0,1.0759999999999998
HIGH,HIGH,0,6,4,1,0.564
LOW,LOW,1,4,0,0,0.0
HIGH,HIGH,1,6,5,0,0.3
LOW,LOW,1,4,3,0,0.028
HIGH,HIGH,1,8,3,0,0.3379999999999999
HIGH,HIGH,1,8,3,0,0.6759999999999999
LOW,LOW,1,1,1,0,1.606
LOW,LOW,1,1,1,0,0.3339999999999999
HIGH,HIGH,1,7,5,0,0.6759999999999999
LOW,LOW,1,4,4,0,0.068
LOW,LOW,1,1,2,0,1.652
LOW,LOW,1,0,5,1,0.642
HIGH,HIGH,0,9,0,0,3.96
HIGH,HIGH,1,8,5,2,3.916
LOW,LOW,1,5,3,1,4.568666666666667
HIGH,HIGH,0,9,2,1,5.404
LOW,LOW,0,0,4,2,3.47
LOW,LOW,0,5,0,0,2.714
HIGH,HIGH,0,9,0,0,3.38
LOW,LOW,0,2,4,1,4.358
HIGH,HIGH,1,8,2,0,2.842
LOW,LOW,0,0,4,2,2.212
LOW,LOW,1,0,1,0,3.492
LOW,LOW,1,2,2,1,4.04
HIGH,HIGH,1,9,2,1,0.468
HIGH,HIGH,1,8,0,0,3.164
LOW,LOW,1,5,3,2,2.4493333333333336
LOW,LOW,1,0,0,0,4.228
LOW,LOW,0,2,1,0,5.0440000000000005
HIGH,HIGH,0,7,2,1,2.54
HIGH,HIGH,1,6,4,1,4.98
HIGH,HIGH,0,9,3,1,2.1666666666666665
LOW,LOW,0,5,0,0,0.7999999999999999
LOW,LOW,0,4,0,0,3.714
LOW,LOW,1,0,4,2,0.432
LOW,LOW,0,1,1,0,3.444
HIGH,HIGH,1,6,2,1,2.966
LOW,LOW,1,5,4,2,3.302
HIGH,HIGH,1,8,0,0,4.922
HIGH,HIGH,1,6,2,1,2.032
LOW,LOW,0,1,4,1,3.0539999999999994
HIGH,HIGH,0,9,0,0,4.082
HIGH,HIGH,0,7,4,3,4.640000000000001
LOW,LOW,0,2,2,1,4.794
LOW,LOW,0,0,3,2,6.173333333333333
HIGH,HIGH,0,8,4,3,2.964
LOW,LOW,0,2,0,0,5.632
LOW,LOW,0,1,0,0,5.72
LOW,LOW,0,4,3,1,7.132666666666666
HIGH,HIGH,0,7,3,2,3.813333333333333
LOW,LOW,0,0,3,2,7.047333333333333
LOW,LOW,0,2,0,0,4.806
LOW,LOW,1,1,0,0,0.414
LOW,LOW,1,0,4,0,1.236
LOW,LOW,1,5,1,0,0.32
HIGH,HIGH,1,6,0,0,1.628
HIGH,HIGH,1,7,0,0,0.028
LOW,LOW,1,2,1,0,0.6759999999999999
HIGH,HIGH,1,8,1,0,0.612
HIGH,HIGH,1,9,0,0,0.0999999999999999
HIGH,HIGH,1,6,3,0,0.006
LOW,LOW,1,4,5,0,1.0399999999999998
HIGH,HIGH,1,6,0,0,7.388
LOW,LOW,0,2,1,0,5.984
HIGH,HIGH,0,6,5,3,5.686
LOW,LOW,0,3,1,0,4.356
LOW,LOW,0,5,5,4,6.892
LOW,LOW,1,0,4,3,3.36
LOW,LOW,0,0,0,0,4.984
HIGH,HIGH,1,9,3,1,4.578666666666667
LOW,LOW,0,0,5,4,5.612
LOW,LOW,0,3,1,0,6.68
LOW,LOW,0,5,4,2,4.507999999999999
LOW,LOW,0,4,3,1,4.7026666666666666
HIGH,HIGH,0,6,2,0,4.648000000000001
HIGH,HIGH,0,9,3,1,4.144666666666667
HIGH,HIGH,0,8,3,2,1.6273333333333333
HIGH,HIGH,0,7,4,2,0.652
HIGH,HIGH,1,6,1,0,3.83
HIGH,HIGH,0,9,5,2,3.736
LOW,LOW,0,5,3,2,4.221333333333333
HIGH,HIGH,1,7,1,0,3.252
LOW,LOW,1,2,5,0,0.6579999999999999
HIGH,HIGH,1,7,3,0,0.916
HIGH,HIGH,1,6,1,0,0.692
LOW,LOW,1,3,4,0,0.914
HIGH,HIGH,0,8,0,0,0.15
LOW,LOW,1,0,0,0,1.928
LOW,LOW,1,5,4,0,0.6
LOW,LOW,1,1,3,0,1.6900000000000002
LOW,LOW,1,1,0,0,1.262
HIGH,HIGH,1,8,4,0,0.942
HIGH,HIGH,1,7,1,0,1.382
HIGH,HIGH,0,8,4,2,2.39
LOW,LOW,0,1,3,1,2.4066666666666667
LOW,LOW,1,5,2,1,4.343999999999999
HIGH,HIGH,1,7,5,2,2.048
HIGH,HIGH,0,8,5,2,2.132
HIGH,HIGH,0,8,0,0,3.046
HIGH,HIGH,1,6,4,2,2.99
LOW,LOW,1,0,4,1,2.128
HIGH,HIGH,1,9,1,0,3.228
HIGH,HIGH,1,6,2,0,0.622
HIGH,HIGH,1,8,2,0,1.006
LOW,LOW,1,2,0,0,0.776
LOW,LOW,1,3,2,0,0.6639999999999999
LOW,LOW,1,1,3,0,0.0
LOW,LOW,1,4,1,0,0.048
HIGH,HIGH,1,6,3,0,0.0
LOW,LOW,1,1,2,0,0.944
HIGH,HIGH,1,9,0,0,1.62
LOW,LOW,1,3,2,0,0.0
HIGH,HIGH,0,9,5,4,5.006
LOW,LOW,0,1,0,0,7.84
LOW,LOW,1,1,3,2,4.887333333333334
HIGH,HIGH,0,6,3,2,7.723333333333334
LOW,LOW,0,0,0,0,6.614
LOW,LOW,0,5,0,0,5.412
HIGH,HIGH,0,8,1,1,5.965999999999999
HIGH,HIGH,0,7,2,1,5.73
HIGH,HIGH,0,9,4,3,6.82
HIGH,HIGH,0,6,4,4,7.537999999999999
LOW,LOW,1,2,1,0,3.87
LOW,LOW,0,0,4,2,5.712
HIGH,HIGH,1,9,1,0,2.942
LOW,LOW,0,0,4,2,4.072
HIGH,HIGH,1,6,4,1,0.82
LOW,LOW,1,1,5,2,2.938
LOW,LOW,1,3,3,1,6.608666666666666
HIGH,HIGH,1,6,3,1,2.6126666666666667
HIGH,HIGH,0,8,2,1,3.492
LOW,LOW,0,0,2,0,4.73
HIGH,HIGH,0,8,3,2,6.029333333333334
LOW,LOW,0,2,3,2,7.043333333333334
LOW,LOW,0,3,0,0,7.55
LOW,LOW,0,4,0,0,3.658
LOW,LOW,0,0,3,3,4.986
HIGH,HIGH,1,9,2,1,5.52
HIGH,HIGH,0,7,1,0,7.366
HIGH,HIGH,0,9,3,2,5.899333333333333
LOW,LOW,1,1,5,3,5.26
HIGH,HIGH,0,9,4,3,5.2700000000000005
HIGH,HIGH,1,8,4,2,0.52
HIGH,HIGH,0,7,2,1,4.093999999999999
LOW,LOW,0,5,1,0,1.504
HIGH,HIGH,1,7,3,1,2.2046666666666668
LOW,LOW,1,0,3,1,5.788666666666666
LOW,LOW,0,0,0,0,4.366
LOW,LOW,0,1,5,2,5.050000000000001
LOW,LOW,1,1,4,1,2.234
HIGH,HIGH,0,6,0,0,4.298
HIGH,HIGH,0,9,0,0,3.3800000000000003
LOW,LOW,0,3,5,3,5.936
LOW,LOW,1,4,0,0,1.59
LOW,LOW,1,0,2,1,4.609999999999999
LOW,LOW,1,0,3,2,2.4533333333333336
LOW,LOW,0,1,1,0,2.442
HIGH,HIGH,0,7,1,0,2.03
LOW,LOW,0,5,0,0,2.764
LOW,LOW,1,2,2,1,4.63
HIGH,HIGH,1,9,0,0,2.492
LOW,LOW,0,4,2,1,4.806
HIGH,HIGH,1,7,0,0,1.27
LOW,LOW,0,1,1,0,0.164
HIGH,HIGH,1,7,3,0,1.0139999999999998
LOW,LOW,1,1,1,0,0.656
LOW,LOW,1,0,2,0,0.376
LOW,LOW,1,5,3,0,0.964
LOW,LOW,1,5,4,0,0.3359999999999999
HIGH,HIGH,1,9,0,0,0.606
LOW,LOW,1,1,1,0,1.004
HIGH,HIGH,1,7,5,0,0.3379999999999999
HIGH,HIGH,0,9,5,3,4.892
LOW,LOW,0,0,5,5,6.676
HIGH,HIGH,0,8,5,4,6.87
LOW,LOW,0,1,2,1,6.185999999999999
LOW,LOW,0,3,0,0,6.466
LOW,LOW,0,3,2,1,5.412
LOW,LOW,0,4,1,0,5.346
LOW,LOW,1,4,5,5,4.43
HIGH,HIGH,0,6,2,2,5.606
LOW,LOW,0,3,0,0,5.38
LOW,LOW,0,2,4,3,3.792
LOW,LOW,0,4,3,1,1.4786666666666666
HIGH,HIGH,1,7,4,1,1.7000000000000002
HIGH,HIGH,0,9,3,0,4.928
LOW,LOW,0,1,5,3,6.061999999999999
HIGH,HIGH,1,9,0,0,0.6
LOW,LOW,0,5,5,3,4.848000000000001
HIGH,HIGH,0,9,0,0,5.05
HIGH,HIGH,1,8,0,0,2.3080000000000003
HIGH,HIGH,0,9,2,0,4.888
HIGH,HIGH,1,7,3,1,3.9766666666666666
HIGH,HIGH,1,6,1,0,3.51
LOW,LOW,1,3,4,2,2.036
LOW,LOW,0,4,3,1,2.0966666666666667
HIGH,HIGH,1,7,0,0,0.926
LOW,LOW,0,4,3,1,2.1826666666666665
LOW,LOW,0,0,0,0,3.298
HIGH,HIGH,1,6,0,0,2.496
LOW,LOW,0,1,2,1,5.664
HIGH,HIGH,0,8,5,2,2.81
LOW,LOW,1,3,0,0,3.258
LOW,LOW,0,4,5,2,2.44
LOW,LOW,0,3,5,3,3.16
LOW,LOW,1,4,3,1,4.672666666666666
HIGH,HIGH,0,8,1,0,2.062
HIGH,HIGH,1,7,1,0,1.92
HIGH,HIGH,0,7,5,3,4.682
LOW,LOW,0,5,5,2,5.074
LOW,LOW,0,5,5,1,4.021999999999999
HIGH,HIGH,0,9,3,1,3.396666666666667
HIGH,HIGH,1,8,1,0,1.738
HIGH,HIGH,1,6,5,0,0.0
LOW,LOW,1,3,2,0,0.97
LOW,LOW,1,0,5,2,0.714
HIGH,HIGH,1,6,4,0,0.64
LOW,LOW,1,2,5,0,1.364
LOW,LOW,1,5,1,0,0.0
LOW,LOW,1,5,4,0,0.074
HIGH,HIGH,1,7,0,0,0.6599999999999999
HIGH,HIGH,1,6,4,0,0.646
LOW,LOW,1,2,2,1,4.404
LOW,LOW,1,1,1,0,0.6699999999999999
LOW,LOW,0,4,5,3,3.494
LOW,LOW,1,4,1,0,3.264
HIGH,HIGH,0,8,0,0,4.266
LOW,LOW,0,1,5,4,1.3119999999999998
LOW,LOW,1,0,5,2,3.2960000000000003
LOW,LOW,1,0,3,1,3.306666666666666
LOW,LOW,0,4,3,2,3.523333333333333
HIGH,HIGH,1,6,4,2,4.401999999999999
LOW,LOW,0,1,3,1,1.4706666666666666
LOW,LOW,1,1,2,1,2.4840000000000004
LOW,LOW,0,1,1,0,4.353999999999999
LOW,LOW,1,1,0,0,3.188
LOW,LOW,1,0,1,0,5.241999999999999
HIGH,HIGH,1,9,5,3,3.078
LOW,LOW,0,3,5,2,2.812
LOW,LOW,1,1,2,1,4.006
LOW,LOW,1,3,2,0,3.222
LOW,LOW,0,4,0,0,2.012
HIGH,HIGH,0,9,3,2,6.433333333333335
HIGH,HIGH,0,8,4,3,6.8100000000000005
HIGH,HIGH,0,9,4,3,6.740000000000001
LOW,LOW,0,4,1,0,5.925999999999999
LOW,LOW,1,0,3,2,4.677333333333334
HIGH,HIGH,0,8,1,0,7.21
LOW,LOW,0,1,2,1,7.765999999999999
LOW,LOW,0,0,3,3,4.99
LOW,LOW,0,3,3,1,6.170666666666666
LOW,LOW,0,5,1,0,6.210000000000001
LOW,LOW,0,3,0,0,4.272
LOW,LOW,0,3,5,3,3.848
HIGH,HIGH,1,9,5,3,6.192
LOW,LOW,1,2,0,0,5.162
HIGH,HIGH,1,7,2,1,6.162
LOW,LOW,0,5,4,3,7.652
LOW,LOW,0,1,0,0,7.534
LOW,LOW,1,3,3,2,4.3453333333333335
LOW,LOW,1,4,4,3,7.19
HIGH,HIGH,0,7,1,0,5.646
HIGH,HIGH,1,7,5,3,5.32
LOW,LOW,0,1,2,1,3.482
LOW,LOW,0,2,2,0,4.012
HIGH,HIGH,0,6,3,1,4.458666666666666
HIGH,HIGH,0,6,2,1,2.122
LOW,LOW,0,5,1,0,2.438
HIGH,HIGH,1,8,5,4,5.57
HIGH,HIGH,1,6,2,0,3.214
LOW,LOW,0,4,5,1,3.124
HIGH,HIGH,1,6,3,1,2.552666666666666
HIGH,HIGH,1,8,1,0,2.3880000000000003
HIGH,HIGH,0,8,4,0,2.37
LOW,LOW,0,1,4,1,2.102
LOW,LOW,0,5,1,0,3.39
LOW,LOW,1,1,3,0,1.946
HIGH,HIGH,0,8,5,3,0.27
HIGH,HIGH,1,6,1,0,4.284
LOW,LOW,1,0,0,0,2.9319999999999995
HIGH,HIGH,1,9,2,0,4.426
HIGH,HIGH,1,8,4,1,1.016
LOW,LOW,1,3,1,0,4.526
LOW,LOW,0,0,4,1,3.818
LOW,LOW,1,4,4,2,2.306
HIGH,HIGH,1,6,5,3,2.988
HIGH,HIGH,1,7,2,1,2.4080000000000004
HIGH,HIGH,0,9,0,0,2.802
LOW,LOW,0,0,2,0,4.252
LOW,LOW,1,4,5,2,2.4560000000000004
HIGH,HIGH,0,7,3,2,2.555333333333333
HIGH,HIGH,0,9,2,0,2.4
LOW,LOW,1,0,2,1,1.738
HIGH,HIGH,1,8,2,1,3.876
LOW,LOW,1,3,1,0,5.768
LOW,LOW,1,1,3,1,2.8926666666666665
HIGH,HIGH,0,8,4,2,6.02
HIGH,HIGH,0,9,3,0,5.366
HIGH,HIGH,1,7,4,2,5.669999999999999
LOW,LOW,1,1,4,2,3.438
LOW,LOW,0,1,0,0,0.532
LOW,LOW,1,0,3,1,3.8586666666666662
HIGH,HIGH,1,8,3,0,0.984
LOW,LOW,1,1,3,0,0.0
LOW,LOW,1,3,1,0,1.882
HIGH,HIGH,1,8,2,0,1.0
LOW,LOW,1,1,2,0,1.58
LOW,LOW,1,5,4,0,1.59
HIGH,HIGH,1,8,5,0,1.0259999999999998
HIGH,HIGH,1,8,3,0,1.006
HIGH,HIGH,1,7,3,0,1.938
HIGH,HIGH,1,7,2,0,0.98
LOW,LOW,1,2,1,0,4.816
LOW,LOW,1,0,3,1,2.250666666666667
LOW,LOW,1,2,3,2,3.4373333333333336
HIGH,HIGH,0,9,1,0,2.696
LOW,LOW,0,1,2,1,0.872
HIGH,HIGH,0,8,5,2,3.478
LOW,LOW,0,2,3,1,3.6986666666666665
HIGH,HIGH,0,9,0,0,3.05
HIGH,HIGH,0,8,1,0,1.892
LOW,LOW,1,3,5,2,2.988
HIGH,HIGH,1,9,5,5,4.752000000000001
LOW,LOW,0,4,0,0,5.723999999999999
LOW,LOW,0,2,3,2,5.207333333333334
LOW,LOW,0,0,0,0,5.88
HIGH,HIGH,0,8,3,2,6.1113333333333335
LOW,LOW,0,0,2,1,7.999999999999999
HIGH,HIGH,1,7,3,2,6.241333333333333
HIGH,HIGH,1,9,3,2,4.8613333333333335
LOW,LOW,0,5,2,1,6.85
LOW,LOW,1,4,5,3,4.242
LOW,LOW,0,4,3,1,7.216666666666667
HIGH,HIGH,1,9,2,1,4.664
HIGH,HIGH,0,9,4,3,5.576
LOW,LOW,0,4,4,1,3.448
LOW,LOW,1,4,0,0,7.675999999999999
LOW,LOW,0,2,0,0,5.401999999999999
HIGH,HIGH,0,8,5,5,7.118
LOW,LOW,0,4,1,1,6.432
LOW,LOW,1,0,2,2,4.337999999999999
LOW,LOW,0,4,0,0,6.494000000000001
LOW,LOW,1,3,2,1,5.239999999999999
HIGH,HIGH,1,7,5,4,2.716
LOW,LOW,0,5,1,0,4.079999999999999
HIGH,HIGH,0,8,2,1,4.752000000000001
HIGH,HIGH,0,9,0,0,5.942
LOW,LOW,1,3,0,0,5.093999999999999
LOW,LOW,1,3,1,0,2.954
HIGH,HIGH,1,7,0,0,1.49
HIGH,HIGH,1,9,4,1,4.372
LOW,LOW,1,1,1,0,1.538
LOW,LOW,1,3,1,0,4.158
LOW,LOW,0,0,4,2,1.56
HIGH,HIGH,0,6,5,3,2.83
HIGH,HIGH,1,8,2,0,2.314
LOW,LOW,1,4,2,0,1.612
LOW,LOW,1,0,3,1,2.6206666666666667
LOW,LOW,1,1,5,2,2.616
LOW,LOW,1,5,1,0,1.606
LOW,LOW,0,4,4,2,5.084
LOW,LOW,1,4,0,0,4.924
LOW,LOW,0,3,5,4,3.876
HIGH,HIGH,0,9,0,0,7.401999999999999
LOW,LOW,0,4,1,0,6.876
LOW,LOW,0,2,1,1,6.8020000000000005
HIGH,HIGH,0,8,3,3,5.5360000000000005
LOW,LOW,1,2,4,3,6.5200000000000005
LOW,LOW,0,2,0,0,3.486
LOW,LOW,0,1,4,2,7.129999999999999
LOW,LOW,0,0,1,0,5.392
HIGH,HIGH,0,9,4,4,5.942
LOW,LOW,0,2,3,1,3.142666666666667
LOW,LOW,0,2,3,1,1.8566666666666665
LOW,LOW,1,4,1,0,4.246
LOW,LOW,1,0,2,0,2.986
HIGH,HIGH,1,8,1,0,1.906
HIGH,HIGH,0,8,5,3,3.158
LOW,LOW,1,0,0,0,4.212
HIGH,HIGH,1,7,0,0,3.286
LOW,LOW,1,2,5,3,4.257999999999999
HIGH,HIGH,0,7,0,0,1.0659999999999998
LOW,LOW,0,4,3,2,4.161333333333332
LOW,LOW,0,4,2,1,6.622
LOW,LOW,0,0,2,1,4.83
LOW,LOW,0,4,0,0,4.406000000000001
LOW,LOW,0,2,3,3,4.922000000000001
LOW,LOW,0,4,0,0,5.464
LOW,LOW,1,4,3,2,4.215333333333334
HIGH,HIGH,0,9,5,3,6.74
HIGH,HIGH,0,8,3,3,7.382000000000001
LOW,LOW,0,4,1,0,7.482
LOW,LOW,0,3,1,0,4.012
HIGH,HIGH,1,7,2,0,4.436
LOW,LOW,0,4,1,0,4.424
HIGH,HIGH,0,8,1,0,2.43
HIGH,HIGH,1,7,2,1,3.28
HIGH,HIGH,1,8,5,3,3.034
LOW,LOW,0,3,3,1,3.6946666666666665
LOW,LOW,0,2,2,1,3.45
HIGH,HIGH,1,8,5,1,4.992
HIGH,HIGH,0,9,5,2,3.234
LOW,LOW,1,3,0,0,3.602
LOW,LOW,0,0,0,0,4.698
LOW,LOW,0,0,5,2,4.38
LOW,LOW,0,1,1,0,0.832
HIGH,HIGH,1,9,3,2,3.621333333333333
HIGH,HIGH,1,6,5,2,4.276
HIGH,HIGH,1,6,0,0,6.014
LOW,LOW,0,1,0,0,3.684
LOW,LOW,1,0,2,1,4.278
LOW,LOW,1,2,1,0,4.112
HIGH,HIGH,0,6,4,3,7.0520000000000005
LOW,LOW,0,2,1,0,5.256
HIGH,HIGH,1,7,0,0,5.773999999999999
HIGH,HIGH,1,8,3,2,7.1513333333333335
LOW,LOW,0,1,5,4,5.158
LOW,LOW,1,4,3,2,4.953333333333334
HIGH,HIGH,0,7,4,3,6.586
LOW,LOW,1,1,1,1,6.33
LOW,LOW,0,5,0,0,7.582
LOW,LOW,0,4,0,0,4.798
LOW,LOW,0,1,2,2,5.172000000000001
LOW,LOW,0,0,5,5,7.492
LOW,LOW,0,0,1,0,7.427999999999999
LOW,LOW,1,4,0,0,5.755999999999999
LOW,LOW,0,2,2,1,4.052
HIGH,HIGH,1,8,0,0,4.838
HIGH,HIGH,0,6,0,0,8.156
HIGH,HIGH,0,6,3,2,4.495333333333334
LOW,LOW,0,0,1,0,5.27
LOW,LOW,0,3,0,0,7.596
LOW,LOW,1,5,5,0,1.268
HIGH,HIGH,1,9,5,0,0.912
LOW,LOW,1,4,1,0,1.554
HIGH,HIGH,1,6,5,2,2.318
LOW,LOW,1,4,1,0,1.004
LOW,LOW,1,4,3,0,1.31
LOW,LOW,1,2,1,0,0.0
LOW,LOW,1,3,3,1,0.6766666666666666
LOW,LOW,1,4,1,0,1.228
LOW,LOW,1,4,2,0,1.0679999999999998
HIGH,HIGH,1,8,4,0,0.97
LOW,LOW,1,4,1,0,1.872
HIGH,HIGH,1,8,1,0,1.578
HIGH,HIGH,1,8,0,0,0.3
HIGH,HIGH,1,6,2,0,0.0
LOW,LOW,1,4,0,0,0.968
LOW,LOW,1,5,4,0,1.296
LOW,LOW,1,1,5,0,0.348
HIGH,HIGH,1,6,2,0,0.314
HIGH,HIGH,1,7,3,0,0.32
LOW,LOW,0,1,4,1,5.0600000000000005
HIGH,HIGH,1,7,5,2,0.08
HIGH,HIGH,0,6,2,1,5.41
LOW,LOW,0,0,2,0,0.5
LOW,LOW,0,0,1,0,2.348
LOW,LOW,0,4,2,1,0.8999999999999999
LOW,LOW,1,0,2,1,4.93
LOW,LOW,1,5,3,1,5.840666666666666
LOW,LOW,0,3,0,0,0.7999999999999999
HIGH,HIGH,0,7,4,2,3.106
HIGH,HIGH,1,8,3,3,4.318
LOW,LOW,0,5,4,3,4.830000000000001
LOW,LOW,1,2,5,3,3.634
HIGH,HIGH,1,6,2,1,4.933999999999999
HIGH,HIGH,0,9,3,2,6.393333333333334
HIGH,HIGH,0,8,1,0,5.296
HIGH,HIGH,1,7,2,1,5.961999999999999
HIGH,HIGH,1,7,2,1,6.486
HIGH,HIGH,0,7,4,3,4.17
HIGH,HIGH,0,7,4,2,6.756
LOW,LOW,1,5,0,0,7.348
LOW,LOW,0,2,5,5,5.386
HIGH,HIGH,0,7,5,3,7.016
LOW,LOW,0,5,4,4,5.158
LOW,LOW,1,0,1,0,5.348
LOW,LOW,0,3,0,0,5.588
HIGH,HIGH,0,6,5,3,4.512
LOW,LOW,0,0,2,1,4.604
HIGH,HIGH,0,7,2,1,5.085999999999999
LOW,LOW,1,3,3,2,7.197333333333333
LOW,LOW,0,5,5,2,2.458
HIGH,HIGH,0,6,4,1,2.09
LOW,LOW,1,2,2,1,3.3560000000000003
HIGH,HIGH,1,7,4,2,4.64
LOW,LOW,1,0,3,1,3.250666666666667
HIGH,HIGH,1,8,5,2,5.779999999999999
HIGH,HIGH,1,9,1,0,1.938
HIGH,HIGH,0,8,5,3,3.526
HIGH,HIGH,1,7,0,0,0.6659999999999999
LOW,LOW,1,0,0,0,2.604
HIGH,HIGH,1,9,0,0,0.974
LOW,LOW,1,0,2,0,0.6579999999999999
LOW,LOW,1,1,1,0,0.388
LOW,LOW,1,1,3,0,1.004
HIGH,HIGH,1,7,3,0,0.646
HIGH,HIGH,1,9,4,1,0.35
HIGH,HIGH,1,9,1,0,0.0
LOW,LOW,1,0,4,1,1.942
LOW,LOW,0,5,5,0,1.7879999999999998
LOW,LOW,1,4,3,0,0.8999999999999999
HIGH,HIGH,1,8,3,1,4.474666666666667
HIGH,HIGH,0,8,0,0,5.288
LOW,LOW,0,4,1,0,3.282
HIGH,HIGH,0,8,5,2,3.2059999999999995
HIGH,HIGH,1,8,4,2,4.866
HIGH,HIGH,0,9,0,0,0.8280000000000001
LOW,LOW,1,1,2,0,3.496
LOW,LOW,1,3,4,2,0.702
LOW,LOW,1,1,5,3,3.94
LOW,LOW,0,0,5,2,4.372
LOW,LOW,1,1,4,0,1.974
LOW,LOW,1,5,4,0,1.3159999999999998
HIGH,HIGH,1,6,5,1,1.702
LOW,LOW,1,5,5,0,0.412
LOW,LOW,1,2,1,0,0.02
LOW,LOW,1,0,1,0,0.764
LOW,LOW,1,1,4,0,1.732
HIGH,HIGH,1,9,0,0,1.314
LOW,LOW,1,2,2,0,1.284
LOW,LOW,1,1,3,0,0.95
LOW,LOW,0,1,5,3,9.599999999999998
LOW,LOW,0,2,1,0,6.364
LOW,LOW,1,5,4,3,8.164
LOW,LOW,1,5,4,2,6.172
HIGH,HIGH,0,6,1,0,5.917999999999999
LOW,LOW,1,4,3,2,4.609333333333334
LOW,LOW,0,4,1,0,7.513999999999999
HIGH,HIGH,0,7,4,3,4.272
LOW,LOW,0,3,3,2,6.433333333333335
LOW,LOW,0,1,3,2,6.663333333333334
HIGH,HIGH,0,8,5,1,2.814
LOW,LOW,0,0,5,3,3.128
HIGH,HIGH,1,7,4,1,3.038
LOW,LOW,1,1,3,1,2.9506666666666668
LOW,LOW,1,4,3,2,5.539333333333333
HIGH,HIGH,0,9,4,1,1.184
LOW,LOW,1,1,3,2,2.699333333333333
LOW,LOW,0,0,3,2,2.857333333333333
LOW,LOW,1,1,0,0,6.81
LOW,LOW,1,2,3,1,2.9306666666666668
HIGH,HIGH,1,9,2,0,3.198
HIGH,HIGH,1,9,2,0,2.896
HIGH,HIGH,1,7,2,0,2.572
HIGH,HIGH,1,9,4,2,0.442
LOW,LOW,0,2,1,0,2.114
LOW,LOW,0,0,1,0,1.424
HIGH,HIGH,1,8,1,0,2.674
LOW,LOW,0,5,0,0,2.058
HIGH,HIGH,1,9,2,1,0.1
LOW,LOW,1,1,1,0,2.582
LOW,LOW,0,3,2,1,8.443999999999999
HIGH,HIGH,0,8,2,1,5.388
LOW,LOW,0,2,5,3,5.198
LOW,LOW,0,0,2,1,5.823999999999999
LOW,LOW,0,4,2,0,5.93
HIGH,HIGH,0,9,5,3,5.734
HIGH,HIGH,0,6,5,2,6.98
LOW,LOW,0,4,0,0,4.464
LOW,LOW,0,4,3,2,7.1193333333333335
LOW,LOW,0,4,1,0,7.284
LOW,LOW,1,4,3,0,1.502
LOW,LOW,1,5,5,0,1.246
LOW,LOW,1,2,4,1,0.71
LOW,LOW,1,4,4,0,0.064
LOW,LOW,1,2,1,0,1.356
LOW,LOW,1,1,5,0,2.31
LOW,LOW,1,2,5,0,1.976
LOW,LOW,1,3,0,0,1.256
HIGH,HIGH,1,6,5,0,0.036
HIGH,HIGH,1,7,3,0,0.0
HIGH,HIGH,1,7,1,0,1.98
HIGH,HIGH,1,7,4,0,0.654
LOW,LOW,1,1,5,0,1.27
LOW,LOW,1,1,4,0,2.244
LOW,LOW,1,5,1,0,1.568
HIGH,HIGH,1,8,3,0,0.01
HIGH,HIGH,1,6,3,1,1.9686666666666663
LOW,LOW,1,2,2,0,0.35
LOW,LOW,1,2,1,0,0.0
LOW,LOW,1,2,0,0,0.36
LOW,LOW,0,2,3,2,7.375333333333334
LOW,LOW,0,1,3,2,6.911333333333333
HIGH,HIGH,0,8,2,1,4.456
LOW,LOW,1,4,3,2,5.919333333333333
HIGH,HIGH,0,6,1,0,4.5680000000000005
LOW,LOW,0,4,0,0,6.394
HIGH,HIGH,0,7,0,0,5.616
LOW,LOW,0,1,3,2,6.353333333333334
HIGH,HIGH,0,9,0,0,4.67
LOW,LOW,1,1,4,3,6.204000000000001
LOW,LOW,1,1,0,0,6.208
LOW,LOW,1,3,5,4,7.202
LOW,LOW,0,5,3,2,5.601333333333334
LOW,LOW,0,1,4,3,4.5
LOW,LOW,0,1,4,4,6.084
LOW,LOW,0,4,5,4,6.862
LOW,LOW,0,0,2,1,6.306
LOW,LOW,0,3,2,1,6.716
LOW,LOW,1,2,4,2,4.858
LOW,LOW,1,0,5,4,4.948
HIGH,HIGH,0,8,5,3,3.138
LOW,LOW,0,0,5,2,3.564
HIGH,HIGH,0,7,5,2,4.142
LOW,LOW,0,4,1,0,2.076
HIGH,HIGH,1,6,5,2,2.692
HIGH,HIGH,0,8,2,1,3.188
LOW,LOW,0,0,4,2,3.794
LOW,LOW,1,1,0,0,6.358
LOW,LOW,0,5,4,1,2.732
LOW,LOW,1,2,2,1,4.862
LOW,LOW,0,5,5,3,2.442
HIGH,HIGH,0,8,0,0,2.78
HIGH,HIGH,0,9,3,2,4.4093333333333335
LOW,LOW,1,5,5,2,3.58
HIGH,HIGH,0,9,0,0,4.922000000000001
HIGH,HIGH,0,6,0,0,4.045999999999999
HIGH,HIGH,1,8,3,1,3.536666666666666
HIGH,HIGH,1,7,4,2,2.98
LOW,LOW,1,2,4,2,2.3200000000000003
LOW,LOW,0,3,3,1,2.780666666666667
LOW,LOW,1,4,2,1,1.8020000000000005
LOW,LOW,1,1,5,2,2.322
LOW,LOW,0,2,5,2,3.866
LOW,LOW,1,0,2,0,4.864
LOW,LOW,1,4,5,3,4.013999999999999
HIGH,HIGH,0,6,3,1,3.0886666666666667
LOW,LOW,1,3,1,0,0.8999999999999999
LOW,LOW,1,4,1,0,4.258
HIGH,HIGH,1,7,1,0,4.13
HIGH,HIGH,1,9,5,2,2.944
LOW,LOW,1,1,2,0,0.8099999999999999
LOW,LOW,1,5,0,0,0.0
LOW,LOW,1,2,3,0,0.402
LOW,LOW,1,3,2,0,0.016
HIGH,HIGH,1,8,0,0,0.012
LOW,LOW,1,2,4,0,0.374
LOW,LOW,1,2,3,0,0.95
LOW,LOW,1,5,0,0,1.216
HIGH,HIGH,1,9,3,0,0.3
LOW,LOW,1,4,1,0,0.324
HIGH,HIGH,1,7,0,0,1.886
LOW,LOW,1,3,1,0,1.286
LOW,LOW,1,4,3,1,1.6266666666666667
LOW,LOW,0,1,1,0,4.286
LOW,LOW,0,2,0,0,5.284
HIGH,HIGH,0,7,4,1,3.004
LOW,LOW,1,1,4,2,2.108
HIGH,HIGH,1,7,4,2,2.632
LOW,LOW,1,1,1,0,0.3299999999999999
LOW,LOW,1,5,2,1,4.59
LOW,LOW,1,4,1,0,0.636
HIGH,HIGH,0,8,3,1,3.2686666666666664
LOW,LOW,0,0,3,2,5.463333333333334
HIGH,HIGH,1,6,3,2,4.029333333333333
LOW,LOW,0,0,3,1,3.7606666666666655
LOW,LOW,1,5,1,0,0.958
LOW,LOW,1,2,2,1,4.04
LOW,LOW,0,5,2,1,4.465999999999999
HIGH,HIGH,0,9,5,2,3.4480000000000004
HIGH,HIGH,0,9,3,2,0.2933333333333333
HIGH,HIGH,1,9,4,1,2.254
HIGH,HIGH,1,7,0,0,4.792
HIGH,HIGH,1,9,1,0,1.95
HIGH,HIGH,1,7,3,1,3.240666666666667
HIGH,HIGH,1,8,3,1,2.284666666666667
HIGH,HIGH,0,8,2,0,1.766
LOW,LOW,0,2,1,0,5.0200000000000005
LOW,LOW,0,3,2,1,1.5779999999999998
HIGH,HIGH,0,6,5,1,1.458
LOW,LOW,1,5,3,1,0.9966666666666666
HIGH,HIGH,0,6,3,1,2.436666666666667
LOW,LOW,0,3,4,1,3.716
LOW,LOW,0,2,2,1,3.46
HIGH,HIGH,0,9,0,0,3.0
HIGH,HIGH,0,8,1,0,2.082
LOW,LOW,1,4,4,2,4.552
HIGH,HIGH,0,6,3,2,4.763333333333335
LOW,LOW,1,4,3,1,3.3586666666666667
HIGH,HIGH,1,8,0,0,3.914
LOW,LOW,1,3,0,0,1.638
LOW,LOW,1,5,1,0,0.61
LOW,LOW,1,1,5,0,0.012
HIGH,HIGH,1,6,5,0,0.0
HIGH,HIGH,1,7,3,0,0.3
LOW,LOW,1,0,4,0,0.324
LOW,LOW,1,4,4,0,0.756
LOW,LOW,1,4,0,0,0.3319999999999999
LOW,LOW,1,3,0,0,0.608
LOW,LOW,1,1,1,0,0.344
HIGH,HIGH,1,9,3,0,0.972
LOW,LOW,1,1,3,0,0.7
LOW,LOW,1,2,0,0,0.376
HIGH,HIGH,1,9,1,0,0.984
HIGH,HIGH,1,6,1,0,1.966
LOW,LOW,1,2,5,0,0.344
HIGH,HIGH,1,6,3,0,1.584
LOW,LOW,1,2,0,0,0.614
LOW,LOW,1,0,0,0,1.24
LOW,LOW,1,1,5,1,0.94
LOW,LOW,1,0,4,0,1.3199999999999998
LOW,LOW,1,1,2,0,0.0
HIGH,HIGH,1,9,4,0,1.896
HIGH,HIGH,1,9,0,0,1.02
LOW,LOW,1,5,0,0,1.636
LOW,LOW,1,3,5,0,0.624
LOW,LOW,1,5,0,0,1.972
HIGH,HIGH,1,7,1,0,1.292
LOW,LOW,1,0,2,0,1.254
HIGH,HIGH,1,8,4,0,0.39
LOW,LOW,1,3,4,0,0.3399999999999999
LOW,LOW,1,2,2,0,1.594
HIGH,HIGH,1,7,3,0,1.972
LOW,LOW,1,1,1,0,0.368
LOW,LOW,1,5,2,0,0.016
LOW,LOW,1,0,2,0,0.0
LOW,LOW,1,0,5,0,0.054
LOW,LOW,1,5,4,0,1.004
HIGH,HIGH,1,9,5,1,0.94
LOW,LOW,1,3,2,0,1.582
HIGH,HIGH,1,8,0,0,1.764
HIGH,HIGH,1,8,2,0,0.968
LOW,LOW,0,2,1,0,0.75
LOW,LOW,1,5,2,0,0.388
HIGH,HIGH,1,8,4,1,0.136
HIGH,HIGH,1,7,4,0,0.306
HIGH,HIGH,1,7,4,1,0.65
LOW,LOW,1,1,2,0,1.394
HIGH,HIGH,1,6,4,0,0.308
LOW,LOW,1,0,0,0,1.572
HIGH,HIGH,1,7,5,1,1.632
HIGH,HIGH,1,6,4,2,2.654
LOW,LOW,1,1,0,0,2.552
HIGH,HIGH,1,7,0,0,3.844
LOW,LOW,1,3,1,0,2.658
LOW,LOW,0,3,5,3,3.142
LOW,LOW,0,2,3,0,2.736
HIGH,HIGH,0,7,1,0,3.98
HIGH,HIGH,0,7,2,1,2.172
LOW,LOW,1,0,2,1,3.006
LOW,LOW,1,0,3,1,4.882666666666666
HIGH,HIGH,0,7,5,4,5.554
LOW,LOW,1,5,4,2,5.887999999999999
LOW,LOW,1,0,2,1,6.532
HIGH,HIGH,0,6,4,4,3.952
HIGH,HIGH,0,6,3,3,6.382000000000001
LOW,LOW,0,3,2,1,5.867999999999999
HIGH,HIGH,1,7,4,4,5.981999999999999
HIGH,HIGH,1,8,4,3,7.826
HIGH,HIGH,1,9,5,4,4.644
HIGH,HIGH,0,9,1,0,7.762
LOW,LOW,0,3,2,0,2.672
LOW,LOW,0,4,5,2,2.398
LOW,LOW,1,2,3,1,4.250666666666667
LOW,LOW,1,3,2,0,0.0999999999999999
HIGH,HIGH,1,8,0,0,3.38
HIGH,HIGH,0,9,4,2,3.52
LOW,LOW,1,3,4,1,3.956
HIGH,HIGH,1,9,4,3,2.776
LOW,LOW,1,2,1,0,1.948
HIGH,HIGH,1,9,0,0,2.202
HIGH,HIGH,1,9,4,2,4.286
LOW,LOW,1,5,2,0,3.926
LOW,LOW,1,3,3,1,3.244666666666667
LOW,LOW,0,2,1,0,3.784
HIGH,HIGH,0,7,4,1,2.774
LOW,LOW,1,2,1,0,0.984
LOW,LOW,1,3,4,2,2.458
LOW,LOW,0,4,2,1,2.424
HIGH,HIGH,1,6,3,2,2.5153333333333334
HIGH,HIGH,1,8,2,0,2.806
LOW,LOW,0,5,1,0,3.996
LOW,LOW,1,1,2,0,2.862
HIGH,HIGH,1,9,5,2,2.898
LOW,LOW,0,3,0,0,2.4
LOW,LOW,1,2,1,0,1.222
HIGH,HIGH,1,7,5,2,3.594
HIGH,HIGH,0,8,5,3,2.846
LOW,LOW,0,3,0,0,3.966
HIGH,HIGH,1,8,4,2,3.002
HIGH,HIGH,0,7,1,0,6.548
LOW,LOW,1,4,5,1,1.0
HIGH,HIGH,1,6,0,0,1.532
HIGH,HIGH,1,6,5,0,0.65
LOW,LOW,1,4,2,0,1.608
LOW,LOW,1,0,5,0,1.56
LOW,LOW,1,1,0,0,1.244
LOW,LOW,1,1,0,0,0.764
LOW,LOW,1,5,2,0,0.8999999999999999
LOW,LOW,1,3,0,0,0.606
LOW,LOW,1,3,1,0,0.7
HIGH,HIGH,1,8,1,0,0.382
HIGH,HIGH,1,7,4,0,1.242
LOW,LOW,1,4,1,0,0.3
HIGH,HIGH,1,9,3,0,0.65
HIGH,HIGH,1,9,0,0,0.74
LOW,LOW,1,1,0,0,0.008
LOW,LOW,1,0,4,1,1.7120000000000002
HIGH,HIGH,1,7,2,0,2.2840000000000003
LOW,LOW,1,2,3,0,1.376
LOW,LOW,1,3,5,0,1.35
LOW,LOW,1,2,2,0,0.3
HIGH,HIGH,1,6,2,0,1.652
HIGH,HIGH,1,7,4,1,2.13
HIGH,HIGH,1,9,1,0,1.574
LOW,LOW,1,2,3,0,0.308
LOW,LOW,1,0,1,0,1.592
HIGH,HIGH,1,9,4,0,0.714
LOW,LOW,1,5,4,0,0.3319999999999999
LOW,LOW,1,0,1,0,1.584
HIGH,HIGH,1,6,1,0,1.554
LOW,LOW,1,0,3,1,3.334666666666667
LOW,LOW,0,2,3,2,5.1193333333333335
LOW,LOW,1,3,1,0,2.56
LOW,LOW,1,5,3,1,3.9646666666666666
LOW,LOW,1,1,2,0,2.848
HIGH,HIGH,0,6,1,0,3.5120000000000005
LOW,LOW,0,4,0,0,3.454
HIGH,HIGH,0,9,4,2,3.074
LOW,LOW,1,3,2,0,2.9
LOW,LOW,0,4,4,1,4.684
LOW,LOW,1,2,5,2,5.254
LOW,LOW,0,0,2,1,6.43
HIGH,HIGH,0,6,5,2,3.488
LOW,LOW,1,2,3,1,2.958666666666667
LOW,LOW,1,3,4,2,3.968
HIGH,HIGH,1,7,4,2,3.086
HIGH,HIGH,0,6,0,0,6.24
HIGH,HIGH,0,6,1,0,1.186
HIGH,HIGH,1,8,2,1,3.3000000000000003
LOW,LOW,0,0,4,3,2.2059999999999995
LOW,LOW,1,3,0,0,0.352
LOW,LOW,1,1,4,0,1.66
HIGH,HIGH,1,9,1,0,1.576
LOW,LOW,1,4,1,0,0.3
LOW,LOW,1,0,0,0,0.988
LOW,LOW,1,3,5,0,0.974
LOW,LOW,1,4,2,0,1.264
HIGH,HIGH,1,6,3,0,1.712
HIGH,HIGH,1,9,4,0,1.252
LOW,LOW,1,1,0,0,1.6
HIGH,HIGH,0,9,0,0,2.974
HIGH,HIGH,0,7,2,0,3.096
LOW,LOW,1,0,1,0,2.236
LOW,LOW,0,0,4,2,3.742
LOW,LOW,1,2,4,2,4.33
LOW,LOW,1,4,0,0,3.758
LOW,LOW,1,4,1,0,3.894
HIGH,HIGH,1,7,4,2,3.564
HIGH,HIGH,1,6,3,0,3.3
LOW,LOW,1,1,0,0,2.956
LOW,LOW,1,2,4,2,2.95
HIGH,HIGH,0,9,1,0,2.742
LOW,LOW,1,2,2,1,2.056
HIGH,HIGH,1,8,4,1,2.26
LOW,LOW,1,2,4,3,3.714
LOW,LOW,0,4,1,0,3.054
LOW,LOW,0,0,4,2,4.146
LOW,LOW,0,2,1,0,1.724
LOW,LOW,1,4,0,0,2.214
HIGH,HIGH,0,6,0,0,3.054
LOW,LOW,1,1,2,0,1.256
HIGH,HIGH,1,6,1,0,1.634
LOW,LOW,1,5,5,1,1.0
LOW,LOW,1,5,5,1,0.672
LOW,LOW,1,1,2,0,1.212
HIGH,HIGH,1,9,1,0,1.036
HIGH,HIGH,1,7,4,0,0.0
LOW,LOW,1,4,1,0,1.93
LOW,LOW,1,1,5,1,0.094
HIGH,HIGH,1,8,4,0,0.918
HIGH,HIGH,1,7,4,1,3.234
LOW,LOW,1,0,1,0,1.25
HIGH,HIGH,1,7,0,0,2.25
HIGH,HIGH,0,7,0,0,2.482
LOW,LOW,1,1,5,2,3.962
LOW,LOW,1,1,3,0,1.24
LOW,LOW,1,5,5,3,0.12
HIGH,HIGH,1,9,5,1,4.524
LOW,LOW,1,3,0,0,1.63
LOW,LOW,1,5,1,0,1.33
LOW,LOW,1,5,2,0,2.864
LOW,LOW,0,0,5,2,2.086
LOW,LOW,0,1,3,2,2.1653333333333333
HIGH,HIGH,0,6,1,0,3.294
LOW,LOW,0,5,0,0,2.12
HIGH,HIGH,0,7,0,0,1.362
HIGH,HIGH,0,6,0,0,4.306
LOW,LOW,1,4,0,0,0.642
HIGH,HIGH,1,9,4,3,4.037999999999999
HIGH,HIGH,1,8,3,0,2.56
LOW,LOW,1,1,4,0,2.91
HIGH,HIGH,0,7,3,1,2.1366666666666667
HIGH,HIGH,0,7,0,0,2.774
HIGH,HIGH,1,6,5,3,4.87
HIGH,HIGH,0,8,0,0,2.734
LOW,LOW,0,2,2,1,2.456
LOW,LOW,0,4,2,1,3.722
HIGH,HIGH,0,8,4,2,6.007999999999999
LOW,LOW,0,4,3,2,3.4113333333333333
LOW,LOW,1,4,1,0,2.884
HIGH,HIGH,0,6,5,3,0.726
LOW,LOW,1,5,4,1,2.612
HIGH,HIGH,1,7,0,0,4.256
HIGH,HIGH,0,9,2,1,3.976
LOW,LOW,1,3,1,0,4.901999999999999
LOW,LOW,0,4,0,0,4.054
LOW,LOW,0,5,2,1,3.5160000000000005
HIGH,HIGH,1,7,5,2,3.948
LOW,LOW,1,3,5,2,3.426
HIGH,HIGH,1,6,3,1,0.4326666666666666
LOW,LOW,0,2,0,0,3.932
LOW,LOW,1,1,2,0,4.462
HIGH,HIGH,1,7,2,1,3.16
LOW,LOW,1,3,5,2,4.25
LOW,LOW,1,2,5,4,4.33
HIGH,HIGH,1,9,3,1,1.4846666666666666
LOW,LOW,0,1,2,1,3.4720000000000004
LOW,LOW,0,2,5,2,5.3660000000000005
HIGH,HIGH,1,6,1,0,6.064
LOW,LOW,0,3,0,0,3.632
HIGH,HIGH,1,6,3,1,2.362666666666667
LOW,LOW,0,3,0,0,3.68
HIGH,HIGH,1,9,4,2,0.4
LOW,LOW,0,4,0,0,4.57
HIGH,HIGH,0,6,0,0,5.206
HIGH,HIGH,0,9,5,2,2.176
LOW,LOW,0,4,3,1,3.7546666666666666
LOW,LOW,1,0,4,3,2.018
LOW,LOW,0,3,0,0,3.4040000000000004
LOW,LOW,1,3,2,1,0.7819999999999999
LOW,LOW,1,0,4,1,3.014
LOW,LOW,1,1,3,1,4.1946666666666665
LOW,LOW,1,1,3,1,3.244666666666667
LOW,LOW,1,4,3,2,5.023333333333333
LOW,LOW,1,1,4,2,5.233999999999999
LOW,LOW,1,3,5,1,3.33
LOW,LOW,0,0,0,0,0.8839999999999999
LOW,LOW,0,1,2,1,2.506
LOW,LOW,1,3,2,1,1.75
HIGH,HIGH,0,6,1,0,2.008
HIGH,HIGH,1,9,2,0,2.206
LOW,LOW,0,5,3,1,4.394666666666666
HIGH,HIGH,1,6,3,0,1.616
HIGH,HIGH,1,8,4,2,1.0579999999999998
LOW,LOW,1,0,1,0,4.486
HIGH,HIGH,1,6,2,1,7.109999999999999
HIGH,HIGH,1,6,0,0,2.858
LOW,LOW,0,5,1,0,5.922
HIGH,HIGH,1,7,5,2,3.624
LOW,LOW,1,5,4,1,2.328
HIGH,HIGH,1,9,5,0,0.6839999999999999
HIGH,HIGH,1,9,5,0,0.0
LOW,LOW,1,0,2,0,1.358
HIGH,HIGH,1,9,1,0,0.6
LOW,LOW,1,3,5,0,1.33
LOW,LOW,1,5,5,1,1.656
LOW,LOW,1,1,0,0,0.352
LOW,LOW,1,2,0,0,1.346
HIGH,HIGH,1,7,1,0,0.36
LOW,LOW,1,2,3,0,0.6599999999999999
HIGH,HIGH,0,9,5,4,6.838
HIGH,HIGH,1,8,2,1,7.483999999999999
LOW,LOW,1,0,1,0,4.426
LOW,LOW,0,1,1,0,4.798
LOW,LOW,1,4,3,2,5.621333333333333
HIGH,HIGH,0,9,5,3,4.268
LOW,LOW,0,2,4,4,8.71
LOW,LOW,1,1,5,5,5.642
HIGH,HIGH,1,7,0,0,5.093999999999999
LOW,LOW,0,5,0,0,3.674
LOW,LOW,1,0,4,2,2.918
LOW,LOW,1,0,5,2,1.144
LOW,LOW,1,3,1,0,2.596
LOW,LOW,1,3,1,0,2.628
HIGH,HIGH,0,6,0,0,2.136
HIGH,HIGH,1,6,2,1,4.658
LOW,LOW,1,2,0,0,4.806
LOW,LOW,1,5,2,1,3.908
LOW,LOW,1,1,3,1,3.9546666666666654
LOW,LOW,0,5,1,0,3.33
HIGH,HIGH,0,8,2,1,4.414
HIGH,HIGH,1,7,3,1,3.9026666666666663
LOW,LOW,0,2,1,0,3.094
LOW,LOW,0,3,4,2,5.062
LOW,LOW,0,5,5,3,4.758000000000001
HIGH,HIGH,1,6,3,1,4.504666666666667
LOW,LOW,1,4,1,0,3.848
LOW,LOW,0,2,5,3,5.1080000000000005
LOW,LOW,0,0,0,0,4.656000000000001
LOW,LOW,0,1,3,1,5.704666666666666
HIGH,HIGH,0,9,1,0,2.514
LOW,LOW,1,5,1,0,3.846
LOW,LOW,1,1,3,1,5.002666666666666
HIGH,HIGH,0,8,1,0,2.446
LOW,LOW,1,4,3,1,3.306666666666666
HIGH,HIGH,1,7,3,1,3.9146666666666654
LOW,LOW,0,0,3,1,3.7506666666666666
HIGH,HIGH,1,8,1,0,0.348
HIGH,HIGH,1,7,5,2,2.69
LOW,LOW,1,5,2,0,4.452
HIGH,HIGH,0,9,3,2,5.883333333333333
LOW,LOW,1,0,2,1,4.824
LOW,LOW,0,2,2,1,4.884
LOW,LOW,1,0,1,0,5.706
LOW,LOW,0,0,1,0,7.826
LOW,LOW,0,3,1,0,5.32
LOW,LOW,1,2,1,0,5.465999999999999
HIGH,HIGH,1,9,4,3,3.684
LOW,LOW,1,1,3,2,5.871333333333333
HIGH,HIGH,0,9,0,0,6.095999999999999
LOW,LOW,1,0,1,0,1.256
HIGH,HIGH,1,6,4,0,2.036
HIGH,HIGH,1,6,4,0,0.344
LOW,LOW,1,5,2,0,1.314
HIGH,HIGH,1,8,1,0,0.0
HIGH,HIGH,1,7,3,0,0.994
LOW,LOW,1,5,0,0,1.364
HIGH,HIGH,1,9,2,0,0.63
HIGH,HIGH,1,6,3,0,1.274
HIGH,HIGH,1,7,2,0,0.0
LOW,LOW,0,5,0,0,3.692
LOW,LOW,1,4,0,0,3.522
HIGH,HIGH,0,6,2,1,4.473999999999999
LOW,LOW,0,0,1,0,4.456
LOW,LOW,0,3,0,0,7.182
HIGH,HIGH,0,6,2,0,5.448
HIGH,HIGH,1,7,1,0,3.262
HIGH,HIGH,0,9,0,0,7.981999999999999
HIGH,HIGH,0,8,0,0,4.682
HIGH,HIGH,1,9,4,3,5.906
LOW,LOW,1,0,0,0,3.508
LOW,LOW,0,1,1,0,3.368
LOW,LOW,0,2,5,2,1.492
LOW,LOW,1,1,0,0,0.962
LOW,LOW,1,5,2,1,2.3720000000000003
LOW,LOW,0,1,4,2,3.188
LOW,LOW,1,0,1,0,2.576
LOW,LOW,0,5,3,1,2.8146666666666667
LOW,LOW,0,1,1,0,4.342
HIGH,HIGH,0,6,5,3,3.18
LOW,LOW,1,4,5,4,2.818
LOW,LOW,0,3,1,0,0.8579999999999999
LOW,LOW,0,4,1,0,5.3260000000000005
HIGH,HIGH,1,8,2,1,3.026
LOW,LOW,1,4,5,2,1.986
LOW,LOW,0,2,1,0,4.970000000000001
LOW,LOW,0,0,5,3,1.26
LOW,LOW,1,2,4,2,6.176
LOW,LOW,1,0,2,1,0.1
LOW,LOW,0,2,4,2,5.73
HIGH,HIGH,0,7,0,0,3.048
LOW,LOW,1,1,5,2,4.214
LOW,LOW,1,0,3,1,4.052666666666666
LOW,LOW,1,4,3,2,2.1453333333333333
HIGH,HIGH,0,6,3,2,4.065333333333333
LOW,LOW,0,2,4,2,1.892
HIGH,HIGH,1,6,2,1,3.702
LOW,LOW,0,4,2,0,2.408
LOW,LOW,0,3,5,2,5.0520000000000005
HIGH,HIGH,0,8,3,1,1.5626666666666666
LOW,LOW,1,2,0,0,1.89
LOW,LOW,1,4,1,0,4.312
HIGH,HIGH,1,8,4,2,5.853999999999999
LOW,LOW,0,0,4,2,0.25
HIGH,HIGH,1,6,2,1,0.152
HIGH,HIGH,1,6,1,0,5.945999999999999
LOW,LOW,0,2,2,1,1.842
LOW,LOW,1,3,2,0,2.526
LOW,LOW,1,5,5,2,3.052
LOW,LOW,0,0,4,1,4.618
LOW,LOW,0,4,4,1,3.398
LOW,LOW,1,0,5,3,3.578
HIGH,HIGH,0,9,5,3,2.184
HIGH,HIGH,1,8,1,0,2.862
LOW,LOW,1,0,5,2,0.5
LOW,LOW,1,5,5,2,3.01
LOW,LOW,1,1,0,0,2.538
HIGH,HIGH,1,8,2,0,5.841999999999999
LOW,LOW,1,0,1,0,2.642
LOW,LOW,0,5,2,1,6.036
LOW,LOW,0,1,4,2,4.8500000000000005
LOW,LOW,1,0,1,0,4.168
LOW,LOW,1,1,3,1,4.582666666666666
LOW,LOW,0,0,0,0,0.8
LOW,LOW,1,2,5,2,1.32
HIGH,HIGH,1,9,0,0,3.224
LOW,LOW,1,5,5,3,2.76
HIGH,HIGH,1,6,0,0,1.874
LOW,LOW,0,2,1,0,5.604
LOW,LOW,0,0,4,1,2.082
HIGH,HIGH,1,6,3,1,2.9266666666666667
HIGH,HIGH,1,7,3,1,3.0766666666666667
HIGH,HIGH,1,8,1,0,2.86
LOW,LOW,0,4,5,1,1.462
HIGH,HIGH,0,6,1,0,2.358
LOW,LOW,0,0,0,0,4.716
LOW,LOW,0,3,4,3,3.506
LOW,LOW,0,1,0,0,3.024
HIGH,HIGH,1,9,4,1,2.302
HIGH,HIGH,0,9,2,0,3.964
HIGH,HIGH,1,8,4,0,0.3299999999999999
HIGH,HIGH,1,8,0,0,0.6719999999999999
HIGH,HIGH,1,6,2,0,0.736
LOW,LOW,1,2,3,0,0.0
HIGH,HIGH,1,7,5,0,0.044
LOW,LOW,1,1,2,0,0.6759999999999999
HIGH,HIGH,1,6,3,0,1.988
LOW,LOW,1,0,4,0,0.078
HIGH,HIGH,1,6,1,0,0.604
LOW,LOW,1,0,0,0,1.292
LOW,LOW,0,3,0,0,3.722
LOW,LOW,1,1,1,0,1.926
HIGH,HIGH,0,8,1,0,4.324
HIGH,HIGH,1,7,5,2,5.502
LOW,LOW,1,3,2,1,4.648
LOW,LOW,1,0,5,1,4.532
LOW,LOW,0,5,0,0,4.342
HIGH,HIGH,0,7,5,1,0.844
LOW,LOW,1,4,3,1,2.282666666666667
LOW,LOW,1,2,5,3,3.952
LOW,LOW,1,5,1,0,0.322
HIGH,HIGH,1,9,0,0,0.324
LOW,LOW,1,2,2,0,0.908
LOW,LOW,1,2,5,0,1.7200000000000002
HIGH,HIGH,1,9,1,0,1.252
LOW,LOW,1,5,5,0,0.35
LOW,LOW,1,4,1,0,1.334
HIGH,HIGH,1,6,4,0,0.6679999999999999
LOW,LOW,1,4,5,2,0.08
HIGH,HIGH,1,6,3,0,1.606
LOW,LOW,0,0,4,2,3.09
HIGH,HIGH,0,6,5,1,5.644
HIGH,HIGH,0,9,0,0,3.342
LOW,LOW,0,0,4,2,3.09
HIGH,HIGH,0,8,4,3,4.124
LOW,LOW,1,0,5,3,2.37
LOW,LOW,1,4,0,0,1.576
LOW,LOW,1,4,2,0,2.686
LOW,LOW,1,1,0,0,4.486
LOW,LOW,0,2,4,2,2.5460000000000003
LOW,LOW,0,4,0,0,1.4
LOW,LOW,0,3,2,0,2.32
LOW,LOW,1,1,0,0,4.394
HIGH,HIGH,1,7,1,0,3.568
HIGH,HIGH,1,6,5,3,3.3120000000000003
LOW,LOW,1,4,1,0,5.064
HIGH,HIGH,1,7,4,2,3.684
LOW,LOW,1,1,5,2,1.382
HIGH,HIGH,0,8,0,0,0.75
LOW,LOW,1,3,4,1,0.682
LOW,LOW,0,3,3,1,2.4066666666666667
LOW,LOW,0,3,3,2,3.267333333333333
LOW,LOW,1,2,2,1,3.35
LOW,LOW,1,3,3,2,0.2333333333333333
HIGH,HIGH,0,8,1,0,3.628
HIGH,HIGH,1,6,0,0,4.148
LOW,LOW,1,3,2,1,3.054
LOW,LOW,0,1,0,0,2.418
LOW,LOW,0,1,2,1,4.132
HIGH,HIGH,0,8,5,2,2.8
HIGH,HIGH,0,7,0,0,3.028
HIGH,HIGH,1,6,3,2,3.131333333333333
HIGH,HIGH,0,7,1,0,0.5
HIGH,HIGH,1,9,0,0,2.2880000000000003
LOW,LOW,1,3,3,1,2.626666666666667
LOW,LOW,0,1,1,0,3.982
LOW,LOW,0,1,0,0,5.714
LOW,LOW,1,2,5,2,4.012
LOW,LOW,1,5,2,1,4.712
LOW,LOW,1,5,2,1,3.946
LOW,LOW,1,0,0,0,1.81
LOW,LOW,0,4,4,1,3.984
LOW,LOW,1,1,0,0,0.366
LOW,LOW,1,2,5,1,1.138
LOW,LOW,1,1,4,2,1.73
LOW,LOW,1,0,0,0,4.504
LOW,LOW,1,4,4,2,2.046
LOW,LOW,1,0,3,2,2.353333333333333
LOW,LOW,1,3,5,2,4.578
LOW,LOW,1,5,2,0,2.548
LOW,LOW,1,5,4,0,0.956
LOW,LOW,1,0,5,0,0.972
HIGH,HIGH,1,6,0,0,1.248
LOW,LOW,1,3,2,0,0.3
HIGH,HIGH,1,6,5,0,1.082
LOW,LOW,1,1,0,0,0.8999999999999999
HIGH,HIGH,1,8,4,0,0.36
HIGH,HIGH,1,8,4,0,0.642
HIGH,HIGH,1,9,4,0,0.6
LOW,LOW,1,2,3,0,0.942
LOW,LOW,1,3,2,1,4.896
LOW,LOW,1,4,2,1,1.714
LOW,LOW,1,0,1,0,5.492
LOW,LOW,1,1,3,1,2.262666666666667
HIGH,HIGH,0,6,4,1,4.271999999999999
LOW,LOW,1,3,1,0,4.26
LOW,LOW,1,0,2,0,3.742
HIGH,HIGH,1,7,4,2,2.07
HIGH,HIGH,1,6,4,2,2.986
LOW,LOW,1,2,3,1,2.316666666666667
LOW,LOW,1,1,0,0,1.898
LOW,LOW,1,2,0,0,1.584
HIGH,HIGH,1,7,5,0,0.6719999999999999
HIGH,HIGH,1,8,5,0,0.624
HIGH,HIGH,1,6,5,0,0.0
LOW,LOW,1,0,1,0,0.6
LOW,LOW,1,3,2,0,0.928
HIGH,HIGH,1,8,4,0,0.628
LOW,LOW,1,3,1,0,1.578
HIGH,HIGH,1,9,5,1,1.304
LOW,LOW,0,0,5,4,4.146
LOW,LOW,0,5,0,0,3.108
LOW,LOW,1,5,5,3,3.272
HIGH,HIGH,0,9,0,0,4.348
LOW,LOW,0,5,3,1,2.0966666666666667
LOW,LOW,1,2,5,3,4.263999999999999
LOW,LOW,0,3,1,0,1.406
LOW,LOW,0,3,4,2,2.814
LOW,LOW,1,3,2,0,5.489999999999999
LOW,LOW,1,2,1,0,3.582
LOW,LOW,1,0,1,0,3.892
LOW,LOW,1,0,0,0,2.276
HIGH,HIGH,1,8,0,0,5.4
LOW,LOW,1,5,1,0,1.6720000000000002
LOW,LOW,1,2,3,1,1.8266666666666669
HIGH,HIGH,1,6,0,0,3.532
HIGH,HIGH,0,6,1,0,2.958
LOW,LOW,0,2,4,1,3.7319999999999993
LOW,LOW,0,0,5,3,4.172
LOW,LOW,0,2,0,0,3.042
LOW,LOW,0,2,4,3,6.862
LOW,LOW,0,3,0,0,6.052
HIGH,HIGH,0,7,1,1,8.091999999999999
HIGH,HIGH,0,9,1,1,3.802
LOW,LOW,0,1,1,1,8.436
HIGH,HIGH,0,6,1,0,5.082
HIGH,HIGH,0,8,5,4,6.214
LOW,LOW,0,1,4,3,6.8420000000000005
LOW,LOW,0,2,2,2,4.568
LOW,LOW,0,2,5,4,6.7
HIGH,HIGH,1,6,5,4,3.082
LOW,LOW,0,4,2,0,4.43
LOW,LOW,1,5,0,0,5.15
LOW,LOW,0,0,1,0,4.026
LOW,LOW,1,1,4,2,6.16
LOW,LOW,1,5,0,0,0.6799999999999999
LOW,LOW,1,5,4,3,4.06
LOW,LOW,0,5,4,2,3.4280000000000004
LOW,LOW,0,1,4,2,0.86
HIGH,HIGH,0,9,2,1,0.652
LOW,LOW,1,1,5,3,4.376
LOW,LOW,0,3,3,1,5.064666666666667
HIGH,HIGH,0,7,2,0,3.3960000000000004
LOW,LOW,1,3,3,1,1.3266666666666669
LOW,LOW,0,4,5,3,4.154
HIGH,HIGH,0,6,4,2,3.192
HIGH,HIGH,0,6,5,2,4.126
HIGH,HIGH,0,9,1,0,2.806
LOW,LOW,1,0,0,0,5.104
HIGH,HIGH,1,6,4,2,3.722
LOW,LOW,0,5,0,0,3.112
HIGH,HIGH,1,7,5,2,2.702
HIGH,HIGH,0,8,5,1,3.688
LOW,LOW,1,0,3,0,4.944
HIGH,HIGH,0,7,5,2,2.5740000000000003
HIGH,HIGH,1,8,4,0,2.848
HIGH,HIGH,1,7,0,0,1.7040000000000002
LOW,LOW,1,1,1,0,2.242
HIGH,HIGH,1,9,4,2,4.997999999999999
LOW,LOW,1,1,1,0,3.248
LOW,LOW,1,3,2,1,3.022
LOW,LOW,1,2,2,1,3.932
HIGH,HIGH,1,6,0,0,0.6859999999999999
HIGH,HIGH,1,9,2,1,0.716
LOW,LOW,0,0,1,0,4.936
LOW,LOW,0,5,3,1,1.340666666666667
LOW,LOW,1,5,2,1,3.4040000000000004
HIGH,HIGH,1,6,4,2,4.654
LOW,LOW,0,2,0,0,4.680000000000001
LOW,LOW,0,2,0,0,3.682
LOW,LOW,1,4,1,0,1.89
LOW,LOW,0,2,0,0,1.7759999999999998
HIGH,HIGH,1,7,2,0,0.6
LOW,LOW,1,1,2,0,0.054
LOW,LOW,1,1,5,1,1.344
HIGH,HIGH,1,9,4,1,0.754
HIGH,HIGH,1,8,2,0,0.3339999999999999
HIGH,HIGH,1,9,5,1,1.01
HIGH,HIGH,1,6,2,0,1.264
HIGH,HIGH,1,9,1,0,0.008
LOW,LOW,0,5,0,0,3.02
HIGH,HIGH,1,9,3,1,3.002666666666667
LOW,LOW,1,4,0,0,1.882
LOW,LOW,0,3,2,0,4.612
HIGH,HIGH,1,7,1,0,3.334
LOW,LOW,0,0,3,1,4.1306666666666665
HIGH,HIGH,0,7,4,1,3.338
LOW,LOW,1,3,4,2,4.941999999999999
LOW,LOW,1,4,5,2,4.5120000000000005
HIGH,HIGH,0,7,5,2,3.744
HIGH,HIGH,0,8,3,1,3.6766666666666663
LOW,LOW,1,3,3,1,3.5726666666666667
LOW,LOW,0,5,3,1,5.930666666666666
HIGH,HIGH,1,8,5,3,6.140000000000001
HIGH,HIGH,0,9,4,1,4.992
LOW,LOW,1,0,2,1,4.026
HIGH,HIGH,1,9,0,0,5.249999999999999
LOW,LOW,0,1,3,2,5.121333333333334
HIGH,HIGH,1,6,1,0,0.6619999999999999
LOW,LOW,1,2,2,0,1.898
HIGH,HIGH,0,6,5,4,6.754
LOW,LOW,1,5,0,0,6.1080000000000005
HIGH,HIGH,0,7,5,5,4.8420000000000005
LOW,LOW,1,1,3,2,4.311333333333333
HIGH,HIGH,0,9,2,1,4.422
HIGH,HIGH,0,9,2,2,6.484000000000001
HIGH,HIGH,0,6,0,0,4.976
HIGH,HIGH,0,6,3,2,7.673333333333334
LOW,LOW,0,4,3,2,3.9733333333333327
LOW,LOW,0,3,1,0,4.044
LOW,LOW,1,1,1,0,0.1079999999999999
LOW,LOW,1,3,5,0,0.322
LOW,LOW,1,4,2,0,0.0
HIGH,HIGH,1,7,0,0,0.6639999999999999
LOW,LOW,1,3,4,0,2.15
LOW,LOW,1,1,2,0,1.0719999999999998
LOW,LOW,1,2,1,0,0.652
LOW,LOW,1,0,5,0,0.6
LOW,LOW,1,2,5,0,0.96
LOW,LOW,1,4,4,0,0.99
HIGH,HIGH,0,7,3,1,1.8126666666666664
HIGH,HIGH,0,9,3,1,2.870666666666667
HIGH,HIGH,1,7,3,1,2.6006666666666667
LOW,LOW,1,2,4,2,3.28
HIGH,HIGH,0,7,3,2,5.183333333333334
HIGH,HIGH,0,7,2,1,3.768
LOW,LOW,0,1,2,1,1.194
HIGH,HIGH,1,7,0,0,1.572
HIGH,HIGH,0,7,1,0,2.842
LOW,LOW,0,3,4,2,2.208
HIGH,HIGH,1,7,1,0,5.446
LOW,LOW,0,3,5,4,7.75
LOW,LOW,0,4,1,0,6.510000000000001
LOW,LOW,0,3,0,0,6.996
HIGH,HIGH,1,6,3,2,6.207333333333334
LOW,LOW,0,0,5,3,5.83
LOW,LOW,0,3,1,0,6.049999999999999
HIGH,HIGH,0,9,0,0,7.997999999999999
LOW,LOW,1,5,0,0,6.972
HIGH,HIGH,0,7,0,0,7.893999999999999
LOW,LOW,1,0,2,0,4.916
HIGH,HIGH,1,6,1,0,2.832
LOW,LOW,0,2,0,0,2.818
LOW,LOW,0,5,2,0,2.098
LOW,LOW,1,3,4,1,5.831999999999999
LOW,LOW,0,0,4,2,4.202
LOW,LOW,0,0,0,0,3.698
HIGH,HIGH,1,7,5,2,2.6
HIGH,HIGH,1,8,3,1,2.758666666666667
LOW,LOW,0,4,4,2,1.5
LOW,LOW,1,0,0,0,2.834
LOW,LOW,0,1,1,0,2.358
HIGH,HIGH,0,9,0,0,2.076
LOW,LOW,0,4,2,0,1.736
LOW,LOW,1,2,5,3,2.674
HIGH,HIGH,0,6,0,0,4.054
HIGH,HIGH,1,8,3,1,3.654666666666667
LOW,LOW,0,1,5,2,2.818
HIGH,HIGH,1,6,1,0,4.574
LOW,LOW,1,3,4,1,3.8859999999999992
LOW,LOW,1,1,5,4,6.244000000000001
HIGH,HIGH,1,9,1,0,8.326
LOW,LOW,0,5,0,0,6.236000000000001
LOW,LOW,0,1,1,1,5.7780000000000005
LOW,LOW,1,3,0,0,6.738
LOW,LOW,0,5,5,3,6.824
LOW,LOW,1,1,5,3,3.92
HIGH,HIGH,0,7,2,2,6.088
LOW,LOW,0,5,2,2,4.682
HIGH,HIGH,1,9,4,4,6.896
LOW,LOW,1,1,2,0,1.096
LOW,LOW,1,5,2,0,0.3
LOW,LOW,1,5,4,0,1.274
LOW,LOW,1,0,1,0,0.0
HIGH,HIGH,1,7,3,0,0.652
LOW,LOW,1,3,3,0,1.638
LOW,LOW,1,3,3,0,0.6
HIGH,HIGH,1,6,4,1,1.266
HIGH,HIGH,1,6,3,0,0.6819999999999999
LOW,LOW,1,5,0,0,0.6
LOW,LOW,0,1,5,3,4.214
HIGH,HIGH,1,6,5,3,4.684
LOW,LOW,1,1,4,3,2.996
LOW,LOW,1,5,3,1,3.9006666666666665
LOW,LOW,0,1,3,1,4.718666666666667
LOW,LOW,1,1,5,3,1.5459999999999998
LOW,LOW,1,4,0,0,2.87
LOW,LOW,1,4,5,2,2.932
LOW,LOW,0,3,3,2,2.865333333333333
HIGH,HIGH,1,7,5,3,3.674
HIGH,HIGH,0,6,5,2,3.852
LOW,LOW,0,2,1,0,2.096
LOW,LOW,1,4,2,0,1.926
LOW,LOW,1,3,1,0,1.908
HIGH,HIGH,1,6,1,0,2.276
LOW,LOW,0,3,2,1,2.8800000000000003
LOW,LOW,1,4,5,2,3.656
LOW,LOW,1,0,0,0,3.144
LOW,LOW,0,1,4,2,2.178
LOW,LOW,1,2,2,1,2.002
HIGH,HIGH,1,8,1,0,1.344
LOW,LOW,0,4,0,0,3.3
LOW,LOW,1,2,3,2,1.3793333333333333
LOW,LOW,0,1,5,3,3.44
HIGH,HIGH,1,6,5,2,2.774
LOW,LOW,0,3,4,1,0.8800000000000001
LOW,LOW,1,1,3,0,1.628
HIGH,HIGH,0,9,2,0,1.38
HIGH,HIGH,1,8,3,1,1.4726666666666668
LOW,LOW,1,3,3,1,1.9746666666666663
HIGH,HIGH,0,8,4,3,5.856
LOW,LOW,0,0,3,2,7.979333333333333
HIGH,HIGH,1,7,4,2,4.964
LOW,LOW,0,3,5,4,7.0440000000000005
LOW,LOW,1,5,2,1,5.214
LOW,LOW,0,1,2,2,5.506
LOW,LOW,0,0,0,0,5.76
HIGH,HIGH,1,9,3,2,4.969333333333334
HIGH,HIGH,0,7,5,5,5.644
LOW,LOW,0,0,0,0,5.898
LOW,LOW,0,5,0,0,4.07
HIGH,HIGH,1,6,5,4,7.452
LOW,LOW,0,0,5,4,6.862
LOW,LOW,0,1,0,0,7.192
LOW,LOW,0,4,2,1,8.008
HIGH,HIGH,0,7,3,2,5.123333333333334
LOW,LOW,0,5,1,0,5.554
HIGH,HIGH,0,7,3,2,6.827333333333334
LOW,LOW,0,3,2,1,6.049999999999999
HIGH,HIGH,1,9,4,4,5.634
HIGH,HIGH,1,8,1,0,2.648
LOW,LOW,0,0,5,2,0.538
HIGH,HIGH,0,7,5,3,3.48
HIGH,HIGH,1,8,2,1,3.3080000000000003
LOW,LOW,1,1,0,0,3.52
LOW,LOW,0,1,5,1,2.772
HIGH,HIGH,0,6,2,1,0.972
LOW,LOW,0,4,1,0,5.902
LOW,LOW,1,0,4,2,1.0239999999999998
HIGH,HIGH,0,6,3,2,5.005333333333335
HIGH,HIGH,0,6,0,0,2.4760000000000004
HIGH,HIGH,1,6,2,1,4.294
LOW,LOW,0,4,5,3,0.934
LOW,LOW,1,3,2,1,3.59
LOW,LOW,0,5,3,1,3.0666666666666664
HIGH,HIGH,1,6,1,0,2.562
LOW,LOW,1,0,5,2,2.94
LOW,LOW,1,5,1,0,3.822
HIGH,HIGH,1,6,1,0,5.808
LOW,LOW,0,5,1,0,5.3500000000000005
LOW,LOW,1,2,5,1,1.648
LOW,LOW,1,1,1,0,0.714
HIGH,HIGH,1,9,2,0,0.004
LOW,LOW,1,5,3,0,0.0
LOW,LOW,1,0,5,1,1.27
HIGH,HIGH,1,8,3,0,0.94
LOW,LOW,1,3,3,0,0.968
LOW,LOW,1,5,3,0,0.936
HIGH,HIGH,1,8,0,0,0.302
HIGH,HIGH,1,7,2,0,0.69
HIGH,HIGH,1,6,3,1,3.5846666666666667
LOW,LOW,0,5,2,1,1.47
LOW,LOW,1,1,0,0,3.214
LOW,LOW,0,1,0,0,4.012
HIGH,HIGH,0,9,0,0,6.2700000000000005
LOW,LOW,0,4,1,0,3.646
HIGH,HIGH,1,6,3,1,3.7006666666666663
LOW,LOW,1,4,3,1,4.6626666666666665
HIGH,HIGH,0,6,2,1,3.416
LOW,LOW,1,4,4,1,5.186
LOW,LOW,1,4,5,3,3.702
LOW,LOW,1,3,1,0,2.59
HIGH,HIGH,1,9,3,2,4.303333333333333
LOW,LOW,0,3,2,0,1.992
HIGH,HIGH,0,7,3,1,5.042666666666666
LOW,LOW,1,1,2,1,3.732
HIGH,HIGH,0,8,1,0,2.4
HIGH,HIGH,0,8,1,0,3.406
HIGH,HIGH,0,7,4,2,5.398
LOW,LOW,0,3,3,1,2.7006666666666668
LOW,LOW,0,4,0,0,3.392
HIGH,HIGH,1,6,2,0,0.6
LOW,LOW,1,4,1,0,0.068
LOW,LOW,0,4,4,2,1.844
HIGH,HIGH,1,7,0,0,4.194
LOW,LOW,1,0,5,3,4.292
LOW,LOW,0,1,2,1,1.15
HIGH,HIGH,1,6,0,0,3.706
LOW,LOW,0,1,1,0,3.288
LOW,LOW,1,1,2,0,5.733999999999999
LOW,LOW,0,4,3,2,3.8293333333333335
LOW,LOW,1,0,2,0,1.578
LOW,LOW,1,4,2,0,5.016
HIGH,HIGH,0,8,0,0,2.442
LOW,LOW,1,1,1,0,2.724
LOW,LOW,1,1,1,0,0.948
HIGH,HIGH,1,9,2,1,1.606
HIGH,HIGH,0,8,0,0,5.306
LOW,LOW,0,0,3,1,3.1806666666666663
LOW,LOW,1,1,3,0,3.3680000000000003
HIGH,HIGH,1,9,0,0,5.577999999999999
LOW,LOW,1,5,1,0,5.178
HIGH,HIGH,0,8,0,0,6.618
HIGH,HIGH,0,7,4,3,7.094
LOW,LOW,0,5,0,0,8.218
HIGH,HIGH,0,6,5,4,4.948
HIGH,HIGH,0,8,1,0,6.748
LOW,LOW,1,3,1,0,5.446
LOW,LOW,0,2,4,4,5.928
LOW,LOW,0,4,5,5,5.7620000000000005
HIGH,HIGH,0,8,4,1,2.482
LOW,LOW,0,0,4,3,1.352
HIGH,HIGH,1,7,2,1,4.666
HIGH,HIGH,1,6,3,2,4.639333333333334
LOW,LOW,0,4,3,1,5.758666666666667
HIGH,HIGH,0,7,4,1,1.182
LOW,LOW,0,3,3,1,1.4886666666666666
LOW,LOW,1,1,5,3,2.4040000000000004
LOW,LOW,1,4,0,0,0.996
HIGH,HIGH,0,7,2,1,0.6219999999999999
HIGH,HIGH,1,9,1,0,2.228
LOW,LOW,0,3,5,4,3.178
HIGH,HIGH,0,7,5,2,3.152
HIGH,HIGH,1,9,2,0,2.262
HIGH,HIGH,1,7,3,1,3.1066666666666665
LOW,LOW,1,5,5,2,4.834
LOW,LOW,1,5,3,1,4.274666666666667
LOW,LOW,0,5,3,1,4.032666666666667
LOW,LOW,0,0,3,1,3.6706666666666665
LOW,LOW,1,2,4,3,3.106
HIGH,HIGH,0,6,3,2,2.8673333333333333
LOW,LOW,0,4,0,0,0.856
LOW,LOW,1,4,0,0,3.2960000000000003
LOW,LOW,0,0,0,0,4.628
HIGH,HIGH,1,9,1,0,3.966
LOW,LOW,0,5,1,0,1.198
LOW,LOW,0,2,4,2,6.034
LOW,LOW,1,2,1,0,0.6
HIGH,HIGH,1,8,4,3,2.164
HIGH,HIGH,1,6,5,2,3.638
HIGH,HIGH,1,8,5,0,0.624
HIGH,HIGH,1,9,1,0,0.8999999999999999
HIGH,HIGH,1,7,1,0,1.302
LOW,LOW,1,4,2,0,0.3
LOW,LOW,1,0,1,0,1.288
LOW,LOW,1,5,4,0,1.3239999999999998
HIGH,HIGH,1,9,3,0,0.0
LOW,LOW,1,1,3,0,0.968
LOW,LOW,1,2,1,0,0.36
HIGH,HIGH,1,7,4,0,0.0
LOW,LOW,0,5,1,0,3.3560000000000003
LOW,LOW,1,3,2,1,2.3440000000000003
HIGH,HIGH,0,8,1,0,3.65
LOW,LOW,1,2,2,1,5.013999999999999
HIGH,HIGH,0,6,4,2,2.164
HIGH,HIGH,1,8,4,3,5.754
HIGH,HIGH,1,8,1,0,2.166
HIGH,HIGH,0,6,1,0,2.658
LOW,LOW,1,0,2,1,3.4240000000000004
LOW,LOW,0,5,5,2,1.828
HIGH,HIGH,1,9,3,1,1.3306666666666669
HIGH,HIGH,1,8,1,0,0.6659999999999999
HIGH,HIGH,1,8,4,0,0.0
LOW,LOW,1,5,3,0,0.03
LOW,LOW,1,2,1,0,0.01
LOW,LOW,1,2,4,0,0.6
HIGH,HIGH,1,8,5,0,0.926
HIGH,HIGH,1,7,3,0,1.29
HIGH,HIGH,1,7,4,1,0.962
LOW,LOW,1,2,1,0,0.382
HIGH,HIGH,1,9,3,1,3.678666666666667
LOW,LOW,0,4,1,0,2.406
LOW,LOW,0,3,3,1,4.102666666666667
HIGH,HIGH,1,8,5,2,3.958
LOW,LOW,0,3,2,1,4.17
LOW,LOW,0,5,0,0,1.736
HIGH,HIGH,1,7,5,1,1.614
HIGH,HIGH,0,6,3,1,5.0906666666666665
LOW,LOW,0,1,0,0,4.890000000000001
LOW,LOW,0,1,4,2,3.2259999999999995
HIGH,HIGH,0,6,5,4,6.99
HIGH,HIGH,1,8,3,2,5.5873333333333335
LOW,LOW,0,1,2,1,7.637999999999999
HIGH,HIGH,1,7,1,0,4.782
LOW,LOW,0,5,0,0,3.698
HIGH,HIGH,0,8,5,4,5.656000000000001
LOW,LOW,0,5,1,0,5.284
HIGH,HIGH,1,8,3,1,4.494666666666666
LOW,LOW,1,4,4,4,6.308000000000001
LOW,LOW,0,2,0,0,4.736
HIGH,HIGH,1,8,3,0,0.62
HIGH,HIGH,1,8,2,0,0.046
LOW,LOW,1,0,2,0,0.646
LOW,LOW,1,0,4,0,0.038
LOW,LOW,1,1,2,0,0.6579999999999999
LOW,LOW,1,5,1,0,0.42
HIGH,HIGH,1,9,3,0,0.0
LOW,LOW,1,2,3,0,0.956
LOW,LOW,1,5,5,0,0.8999999999999999
HIGH,HIGH,1,7,4,0,0.912
HIGH,HIGH,0,7,0,0,5.558
LOW,LOW,0,4,1,0,6.916
LOW,LOW,1,0,4,3,8.14
HIGH,HIGH,0,9,5,4,5.264
HIGH,HIGH,0,7,2,1,6.06
HIGH,HIGH,1,8,4,3,7.452
LOW,LOW,0,3,5,4,7.724
LOW,LOW,0,4,2,1,6.159999999999999
LOW,LOW,0,0,1,0,5.3
LOW,LOW,0,1,3,2,7.733333333333333
HIGH,HIGH,1,9,0,0,3.17
LOW,LOW,0,5,5,3,5.328
HIGH,HIGH,0,9,1,0,3.094
LOW,LOW,0,3,4,2,4.96
LOW,LOW,0,2,3,1,2.764666666666667
LOW,LOW,0,4,1,0,3.366
LOW,LOW,1,4,5,3,2.502
LOW,LOW,0,4,3,2,3.4953333333333334
HIGH,HIGH,0,6,5,1,3.736
LOW,LOW,0,4,1,0,6.88
HIGH,HIGH,0,6,2,2,6.1
LOW,LOW,0,4,5,4,7.19
LOW,LOW,0,2,1,0,6.414
LOW,LOW,0,3,3,2,5.121333333333334
LOW,LOW,0,2,0,0,6.642
LOW,LOW,0,0,0,0,8.186
HIGH,HIGH,0,9,3,2,4.309333333333333
LOW,LOW,0,1,1,0,6.73
LOW,LOW,1,2,5,4,9.096
LOW,LOW,1,3,4,3,8.53
LOW,LOW,1,5,2,0,1.006
LOW,LOW,1,0,2,0,0.972
LOW,LOW,1,3,3,0,0.6
HIGH,HIGH,1,6,5,1,1.368
LOW,LOW,1,1,3,0,0.3
LOW,LOW,1,0,4,0,0.952
HIGH,HIGH,1,8,2,0,1.032
HIGH,HIGH,1,9,4,0,0.008
HIGH,HIGH,1,7,2,0,0.3
HIGH,HIGH,1,7,5,0,1.89
LOW,LOW,0,0,4,1,2.852
HIGH,HIGH,0,8,2,0,3.31
HIGH,HIGH,1,9,2,0,0.626
LOW,LOW,1,0,5,3,2.518
HIGH,HIGH,1,9,5,2,0.504
LOW,LOW,0,2,4,2,4.024
LOW,LOW,0,1,5,2,2.488
HIGH,HIGH,1,7,5,2,2.362
LOW,LOW,1,0,4,1,2.9819999999999998
HIGH,HIGH,1,6,3,1,3.272666666666667
LOW,LOW,1,2,5,1,1.616
HIGH,HIGH,1,9,2,1,2.746
LOW,LOW,0,5,2,1,4.454
HIGH,HIGH,0,7,2,0,3.984
HIGH,HIGH,0,6,0,0,2.662
LOW,LOW,1,1,2,0,5.709999999999999
LOW,LOW,1,0,0,0,3.186
HIGH,HIGH,0,6,1,0,3.046
LOW,LOW,0,5,3,1,3.754666666666667
HIGH,HIGH,1,6,2,1,2.048
LOW,LOW,0,0,3,1,4.056666666666667
LOW,LOW,1,4,4,1,5.449999999999999
HIGH,HIGH,1,9,2,0,2.838
LOW,LOW,0,0,3,1,2.6806666666666668
HIGH,HIGH,0,9,4,2,3.144
LOW,LOW,1,2,5,2,3.906
HIGH,HIGH,1,8,4,2,4.072
HIGH,HIGH,0,8,5,2,1.856
HIGH,HIGH,0,7,5,2,4.066
HIGH,HIGH,0,9,5,3,3.48
HIGH,HIGH,1,8,0,0,3.828
LOW,LOW,0,2,0,0,1.146
LOW,LOW,1,0,4,2,5.908
HIGH,HIGH,1,8,0,0,1.926
HIGH,HIGH,1,6,5,2,4.642
HIGH,HIGH,0,8,4,0,3.116
LOW,LOW,1,2,2,0,0.8999999999999999
LOW,LOW,1,5,4,1,1.606
HIGH,HIGH,0,7,2,0,3.062
HIGH,HIGH,0,7,1,0,2.77
LOW,LOW,1,4,1,0,5.438
HIGH,HIGH,0,9,3,1,4.042666666666666
LOW,LOW,0,3,5,3,0.998
HIGH,HIGH,0,8,0,0,1.4879999999999998
HIGH,HIGH,1,6,3,1,5.716666666666666
LOW,LOW,0,4,4,2,5.718
HIGH,HIGH,1,7,2,1,3.348
HIGH,HIGH,0,7,3,1,3.1206666666666667
LOW,LOW,0,2,2,1,4.334
LOW,LOW,1,4,4,3,1.128
HIGH,HIGH,0,8,1,0,4.01
LOW,LOW,1,4,4,2,2.654
HIGH,HIGH,1,7,2,1,3.916
LOW,LOW,1,4,3,2,2.995333333333333
LOW,LOW,0,3,5,4,3.926
HIGH,HIGH,0,9,3,1,3.1326666666666667
LOW,LOW,1,4,4,1,3.202
HIGH,HIGH,1,7,5,2,4.25
LOW,LOW,0,5,2,0,3.414
LOW,LOW,1,3,5,3,4.942
LOW,LOW,1,1,5,4,5.648
LOW,LOW,0,1,0,0,6.029999999999999
LOW,LOW,1,4,1,0,3.16
HIGH,HIGH,0,6,4,4,5.008
HIGH,HIGH,0,6,1,0,7.536
LOW,LOW,0,3,3,2,5.583333333333333
LOW,LOW,0,0,3,2,7.0553333333333335
HIGH,HIGH,1,9,2,1,6.765999999999999
HIGH,HIGH,1,6,0,0,5.776
HIGH,HIGH,1,7,1,0,3.824
HIGH,HIGH,0,7,4,2,2.8520000000000003
LOW,LOW,1,3,5,4,5.3
HIGH,HIGH,0,8,3,2,0.5933333333333333
HIGH,HIGH,0,7,3,1,0.2666666666666666
LOW,LOW,1,2,1,0,6.422
HIGH,HIGH,0,7,4,2,3.718
LOW,LOW,0,3,3,1,4.426666666666666
HIGH,HIGH,1,8,5,4,1.102
HIGH,HIGH,0,7,4,2,4.098
LOW,LOW,0,2,5,3,1.2719999999999998
LOW,LOW,1,5,1,0,6.19
HIGH,HIGH,1,9,2,1,2.704
HIGH,HIGH,1,8,4,3,3.43
LOW,LOW,0,2,5,2,4.382
HIGH,HIGH,1,6,4,1,2.294
HIGH,HIGH,1,7,5,2,2.334
LOW,LOW,1,5,1,0,2.95
LOW,LOW,0,4,0,0,2.688
LOW,LOW,1,1,1,0,2.966
LOW,LOW,1,0,2,1,1.952
HIGH,HIGH,0,8,4,3,5.276
LOW,LOW,1,1,0,0,5.056
HIGH,HIGH,0,9,5,4,6.776000000000001
HIGH,HIGH,0,6,4,3,6.436000000000001
LOW,LOW,1,0,4,4,7.295999999999999
HIGH,HIGH,1,6,0,0,5.454
LOW,LOW,0,3,1,1,6.474000000000001
HIGH,HIGH,1,6,1,0,5.166
HIGH,HIGH,0,9,2,1,6.416
HIGH,HIGH,0,6,1,0,5.616
LOW,LOW,0,0,2,0,3.0779999999999994
LOW,LOW,1,1,0,0,4.96
HIGH,HIGH,1,6,4,1,2.962
HIGH,HIGH,1,9,1,0,1.564
LOW,LOW,1,2,1,0,2.838
HIGH,HIGH,1,9,1,0,2.55
LOW,LOW,0,3,5,1,5.312
HIGH,HIGH,1,7,1,0,0.7
HIGH,HIGH,1,8,4,1,3.03
HIGH,HIGH,1,6,1,0,2.3160000000000003
LOW,LOW,1,1,3,0,0.6
LOW,LOW,1,3,2,0,0.698
LOW,LOW,1,3,4,1,0.376
LOW,LOW,1,2,0,0,0.328
HIGH,HIGH,1,9,3,0,0.97
LOW,LOW,1,5,4,0,0.65
HIGH,HIGH,1,7,1,0,0.644
LOW,LOW,1,1,5,1,0.674
LOW,LOW,1,1,4,0,2.114
LOW,LOW,1,0,0,0,1.25
LOW,LOW,1,4,1,0,0.998
LOW,LOW,1,2,4,1,1.692
LOW,LOW,1,2,0,0,0.3
LOW,LOW,1,0,4,0,2.194
HIGH,HIGH,1,9,0,0,0.4639999999999999
LOW,LOW,1,0,2,0,1.34
LOW,LOW,1,0,1,0,0.988
HIGH,HIGH,1,9,0,0,0.006
HIGH,HIGH,1,6,1,0,0.3339999999999999
LOW,LOW,1,2,3,0,0.302
HIGH,HIGH,0,8,1,0,4.248
LOW,LOW,1,5,0,0,3.576
HIGH,HIGH,0,6,4,2,3.748
HIGH,HIGH,0,7,2,0,3.3640000000000003
HIGH,HIGH,1,9,2,1,3.568
HIGH,HIGH,0,8,2,1,5.15
LOW,LOW,0,4,2,1,2.784
LOW,LOW,1,2,4,1,3.98
LOW,LOW,1,4,0,0,4.474
HIGH,HIGH,1,8,0,0,3.846
LOW,LOW,0,2,5,2,3.748
HIGH,HIGH,1,7,1,0,4.486
LOW,LOW,1,1,0,0,0.946
LOW,LOW,1,5,5,3,4.484
LOW,LOW,0,3,2,1,1.0179999999999998
HIGH,HIGH,1,6,1,0,4.46
HIGH,HIGH,0,7,0,0,3.406
HIGH,HIGH,1,7,3,1,3.9046666666666665
LOW,LOW,1,2,4,2,0.712
LOW,LOW,0,1,0,0,3.686
LOW,LOW,1,5,4,2,4.28
HIGH,HIGH,0,6,0,0,3.674
HIGH,HIGH,0,9,5,2,4.032
HIGH,HIGH,0,9,2,1,6.098
LOW,LOW,0,3,0,0,4.984
LOW,LOW,0,1,5,2,3.786
HIGH,HIGH,0,7,1,0,4.986
LOW,LOW,0,5,0,0,5.917999999999999
HIGH,HIGH,0,9,3,1,5.6066666666666665
HIGH,HIGH,0,6,0,0,2.048
HIGH,HIGH,1,7,1,0,5.116
HIGH,HIGH,0,7,1,0,5.236
LOW,LOW,0,2,4,3,6.908
LOW,LOW,1,2,4,2,4.518
HIGH,HIGH,0,6,0,0,5.018000000000001
HIGH,HIGH,0,6,3,2,6.075333333333334
LOW,LOW,1,3,1,0,5.757999999999999
HIGH,HIGH,1,8,1,0,4.146
HIGH,HIGH,0,6,2,1,5.493999999999999
LOW,LOW,0,4,5,4,6.662000000000001
LOW,LOW,1,0,4,1,4.279999999999999
LOW,LOW,1,1,4,2,4.016
HIGH,HIGH,1,6,1,0,4.538
HIGH,HIGH,1,7,2,0,3.51
HIGH,HIGH,1,9,2,1,3.388
HIGH,HIGH,1,7,3,1,3.8686666666666665
HIGH,HIGH,1,6,1,0,5.813999999999999
LOW,LOW,1,2,0,0,0.944
HIGH,HIGH,1,6,5,2,1.996
LOW,LOW,0,4,0,0,3.638
HIGH,HIGH,0,8,5,3,3.176
HIGH,HIGH,1,8,1,0,2.556
HIGH,HIGH,1,9,3,2,5.627333333333333
LOW,LOW,0,0,1,0,3.43
LOW,LOW,1,4,1,0,2.878
LOW,LOW,0,3,0,0,3.014
LOW,LOW,0,2,4,3,3.184
LOW,LOW,1,0,1,0,2.88
LOW,LOW,1,1,5,5,2.092
LOW,LOW,0,1,3,1,2.2426666666666666
LOW,LOW,0,5,3,2,3.875333333333333
HIGH,HIGH,0,6,3,1,3.388666666666667
HIGH,HIGH,1,8,3,1,1.4266666666666667
LOW,LOW,0,4,0,0,4.324
LOW,LOW,0,5,0,0,1.802
LOW,LOW,0,0,2,0,0.2199999999999999
HIGH,HIGH,1,6,3,1,3.9926666666666666
HIGH,HIGH,1,8,2,0,2.216
HIGH,HIGH,0,8,3,1,4.334666666666666
LOW,LOW,0,1,4,2,1.906
HIGH,HIGH,1,8,2,1,3.938
HIGH,HIGH,0,8,5,1,3.434
HIGH,HIGH,1,8,1,0,2.176
HIGH,HIGH,1,9,2,1,4.675999999999999
HIGH,HIGH,1,7,2,1,5.568
LOW,LOW,1,3,4,2,4.216
HIGH,HIGH,0,9,0,0,3.66
LOW,LOW,0,1,1,0,2.068
LOW,LOW,0,3,3,1,3.4346666666666668
LOW,LOW,1,1,4,1,2.642
HIGH,HIGH,1,8,1,0,3.176
LOW,LOW,1,3,1,0,4.444
LOW,LOW,0,3,4,2,1.276
LOW,LOW,1,1,0,0,3.16
HIGH,HIGH,1,6,1,0,4.276
LOW,LOW,0,1,0,0,0.8160000000000001
HIGH,HIGH,1,7,4,2,4.94
LOW,LOW,0,5,2,1,1.284
LOW,LOW,1,0,0,0,0.6
HIGH,HIGH,1,9,3,1,0.4326666666666666
HIGH,HIGH,1,6,4,1,0.05
HIGH,HIGH,1,7,5,0,0.3
HIGH,HIGH,1,6,3,0,1.86
HIGH,HIGH,1,6,3,0,0.0
LOW,LOW,1,2,5,1,0.4459999999999999
LOW,LOW,1,4,2,0,0.0
LOW,LOW,1,0,5,0,0.0
HIGH,HIGH,1,8,1,0,0.738
LOW,LOW,1,0,2,0,0.026
HIGH,HIGH,1,7,5,0,0.0
LOW,LOW,0,1,3,2,5.109333333333334
LOW,LOW,0,0,1,1,4.526
LOW,LOW,1,1,4,4,4.680000000000001
HIGH,HIGH,0,7,3,2,7.761333333333333
HIGH,HIGH,0,9,1,0,7.478
LOW,LOW,0,0,3,3,2.83
LOW,LOW,0,4,3,2,2.9433333333333334
LOW,LOW,0,0,4,3,5.468
HIGH,HIGH,0,9,2,2,6.044
HIGH,HIGH,1,8,4,4,5.92
HIGH,HIGH,1,6,1,0,0.618
LOW,LOW,1,3,2,0,0.698
HIGH,HIGH,1,7,3,0,0.922
LOW,LOW,1,5,4,1,1.33
HIGH,HIGH,1,9,0,0,0.638
LOW,LOW,1,5,5,1,0.652
LOW,LOW,1,2,2,0,0.3299999999999999
HIGH,HIGH,1,7,4,0,0.0
HIGH,HIGH,1,6,4,0,0.764
LOW,LOW,1,2,4,0,1.232
LOW,LOW,1,4,1,1,6.306
HIGH,HIGH,0,8,2,2,3.5380000000000003
HIGH,HIGH,0,6,4,3,6.082
LOW,LOW,1,2,2,1,5.545999999999999
LOW,LOW,0,5,4,3,5.908
LOW,LOW,1,0,1,1,5.638
LOW,LOW,0,5,1,0,4.143999999999999
LOW,LOW,0,1,0,0,6.652
HIGH,HIGH,0,7,2,1,5.377999999999999
HIGH,HIGH,0,6,1,0,5.0
HIGH,HIGH,1,6,5,2,4.24
HIGH,HIGH,1,9,5,3,3.742
LOW,LOW,1,2,5,2,2.654
HIGH,HIGH,1,7,1,0,2.028
LOW,LOW,1,2,0,0,3.178
HIGH,HIGH,1,9,5,2,5.507999999999999
LOW,LOW,0,5,3,1,5.3646666666666665
HIGH,HIGH,0,9,4,3,2.158
LOW,LOW,1,0,4,3,3.002
HIGH,HIGH,0,8,3,1,3.178666666666667
HIGH,HIGH,1,7,1,0,0.3
HIGH,HIGH,1,6,4,0,1.262
HIGH,HIGH,1,9,2,0,1.618
HIGH,HIGH,1,8,2,0,1.562
LOW,LOW,1,5,0,0,0.0
LOW,LOW,1,5,0,0,1.28
LOW,LOW,1,4,5,0,0.612
HIGH,HIGH,1,9,5,0,1.294
LOW,LOW,0,2,5,0,0.1679999999999999
LOW,LOW,1,5,2,0,1.326
HIGH,HIGH,0,8,3,2,3.575333333333333
HIGH,HIGH,1,7,3,1,3.6166666666666663
LOW,LOW,1,4,3,1,5.150666666666666
HIGH,HIGH,0,6,3,2,4.439333333333334
LOW,LOW,1,3,5,3,2.972
LOW,LOW,0,3,1,0,2.01
LOW,LOW,0,3,2,1,3.83
HIGH,HIGH,1,8,5,2,5.564
LOW,LOW,1,4,3,1,3.9446666666666665
HIGH,HIGH,1,8,5,4,4.44
HIGH,HIGH,1,9,2,1,2.3200000000000003
HIGH,HIGH,0,8,5,2,3.38
HIGH,HIGH,0,7,3,1,4.726666666666667
LOW,LOW,0,4,1,0,2.696
LOW,LOW,1,0,4,2,2.694
LOW,LOW,1,1,2,1,2.654
HIGH,HIGH,0,7,4,2,0.916
LOW,LOW,0,5,2,1,2.8440000000000003
HIGH,HIGH,1,8,1,0,2.27
HIGH,HIGH,0,9,4,2,4.166
LOW,LOW,1,1,1,0,3.88
LOW,LOW,1,2,2,0,4.184
HIGH,HIGH,1,6,5,3,2.086
LOW,LOW,1,2,1,0,3.862
HIGH,HIGH,1,8,4,2,6.21
LOW,LOW,1,4,3,2,0.7333333333333333
LOW,LOW,1,0,0,0,1.918
LOW,LOW,0,0,4,2,2.884
HIGH,HIGH,1,6,3,0,1.428
HIGH,HIGH,1,9,1,0,0.02
HIGH,HIGH,0,9,2,1,0.85
HIGH,HIGH,1,6,5,3,3.702
LOW,LOW,0,3,0,0,2.9719999999999995
LOW,LOW,1,0,0,0,3.836
LOW,LOW,0,4,1,0,3.58
HIGH,HIGH,1,8,2,1,2.91
LOW,LOW,1,2,0,0,0.628
LOW,LOW,0,4,2,0,0.5
LOW,LOW,1,3,3,1,0.7406666666666666
LOW,LOW,0,0,0,0,4.708
LOW,LOW,0,2,4,2,2.842
LOW,LOW,1,5,4,2,3.54
HIGH,HIGH,1,8,1,0,0.654
LOW,LOW,0,4,1,0,3.038
LOW,LOW,1,5,0,0,1.91
HIGH,HIGH,1,8,4,1,3.606
LOW,LOW,1,0,5,2,3.01
LOW,LOW,0,3,1,0,3.694
HIGH,HIGH,0,6,5,2,3.808
LOW,LOW,0,4,5,2,4.736000000000001
HIGH,HIGH,1,6,2,1,7.443999999999999
LOW,LOW,1,2,1,0,6.0120000000000005
LOW,LOW,0,0,3,2,4.883333333333334
HIGH,HIGH,1,7,0,0,6.096
LOW,LOW,1,4,5,2,3.2880000000000003
HIGH,HIGH,0,8,5,4,7.046
HIGH,HIGH,0,9,0,0,5.433999999999999
HIGH,HIGH,0,7,5,4,6.082
HIGH,HIGH,1,6,3,2,5.291333333333333
HIGH,HIGH,0,6,4,2,6.696
HIGH,HIGH,1,6,3,0,0.63
LOW,LOW,1,3,2,0,1.238
HIGH,HIGH,1,6,0,0,1.284
LOW,LOW,1,0,4,0,0.6779999999999999
LOW,LOW,1,2,3,0,0.974
LOW,LOW,1,4,4,0,0.6
LOW,LOW,1,3,5,0,0.0
HIGH,HIGH,1,7,5,1,0.682
LOW,LOW,1,4,3,0,1.3279999999999998
HIGH,HIGH,1,7,1,0,1.614
LOW,LOW,1,5,1,0,2.064
LOW,LOW,0,1,4,1,4.06
HIGH,HIGH,1,7,5,2,2.342
LOW,LOW,1,3,5,2,4.556
LOW,LOW,1,2,4,0,4.188
LOW,LOW,0,1,3,1,3.440666666666667
LOW,LOW,1,3,4,2,5.255999999999999
LOW,LOW,0,0,1,0,4.962000000000001
HIGH,HIGH,1,9,4,1,2.93
HIGH,HIGH,1,8,3,1,1.6586666666666667
LOW,LOW,0,2,3,2,6.181333333333333
LOW,LOW,1,2,3,2,5.569333333333334
LOW,LOW,0,0,1,0,5.284
LOW,LOW,1,5,4,3,7.335999999999999
HIGH,HIGH,1,6,3,2,6.511333333333334
HIGH,HIGH,0,7,1,0,4.029999999999999
LOW,LOW,0,5,1,0,5.108
HIGH,HIGH,1,6,0,0,3.516
HIGH,HIGH,0,8,3,3,5.748
LOW,LOW,0,3,4,2,6.071999999999999
LOW,LOW,0,1,4,2,3.47
LOW,LOW,1,3,1,0,4.422000000000001
LOW,LOW,1,1,4,1,4.806
LOW,LOW,1,1,5,1,3.226
LOW,LOW,1,5,2,0,4.208
HIGH,HIGH,0,7,1,0,2.312
HIGH,HIGH,0,8,1,0,4.21
LOW,LOW,0,1,0,0,2.68
HIGH,HIGH,0,7,0,0,2.036
LOW,LOW,0,1,3,1,3.134666666666667
HIGH,HIGH,0,8,4,2,4.156
HIGH,HIGH,0,9,3,1,3.1686666666666667
LOW,LOW,1,2,4,2,3.578
HIGH,HIGH,1,8,5,3,2.342
LOW,LOW,0,0,5,3,7.414
HIGH,HIGH,1,9,2,1,4.96
LOW,LOW,1,4,3,1,2.6286666666666667
LOW,LOW,1,1,2,1,2.946
LOW,LOW,1,1,0,0,1.948
HIGH,HIGH,0,6,3,2,3.195333333333333
HIGH,HIGH,0,8,5,4,6.558
LOW,LOW,0,2,1,0,4.954000000000001
HIGH,HIGH,0,8,0,0,4.366
LOW,LOW,0,2,0,0,5.672
LOW,LOW,1,0,3,2,6.209333333333334
LOW,LOW,0,1,3,2,5.227333333333333
LOW,LOW,0,3,1,0,3.2099999999999995
LOW,LOW,0,3,2,1,3.98
LOW,LOW,1,5,1,0,3.3600000000000003
LOW,LOW,0,4,2,1,6.045999999999999
HIGH,HIGH,0,6,0,0,3.354
HIGH,HIGH,1,9,5,2,2.566
HIGH,HIGH,0,6,2,1,4.756
HIGH,HIGH,0,6,3,1,3.400666666666667
HIGH,HIGH,1,6,4,2,4.056
HIGH,HIGH,0,8,5,2,3.994
LOW,LOW,0,5,3,1,3.0726666666666667
HIGH,HIGH,0,9,2,0,4.07
LOW,LOW,1,2,4,2,3.558
HIGH,HIGH,0,8,4,1,4.904
HIGH,HIGH,0,9,2,0,1.502
LOW,LOW,0,3,3,2,3.5613333333333337
LOW,LOW,0,1,5,3,3.18
HIGH,HIGH,0,7,4,2,4.114
HIGH,HIGH,1,9,5,3,3.3120000000000003
LOW,LOW,0,4,3,1,4.714666666666667
LOW,LOW,1,4,0,0,2.606
HIGH,HIGH,1,8,4,2,3.4000000000000004
HIGH,HIGH,0,7,0,0,3.674
HIGH,HIGH,1,6,4,3,3.416
HIGH,HIGH,0,8,1,0,4.058
LOW,LOW,1,4,5,2,3.572
LOW,LOW,0,2,0,0,6.228000000000001
LOW,LOW,0,1,3,1,2.898666666666667
HIGH,HIGH,1,8,0,0,3.18
HIGH,HIGH,1,9,1,0,3.862
LOW,LOW,0,1,1,0,2.102
HIGH,HIGH,1,8,2,0,5.593999999999999
LOW,LOW,1,4,1,0,4.232
LOW,LOW,0,2,4,1,4.109999999999999
LOW,LOW,0,5,1,0,2.404
LOW,LOW,1,1,1,0,1.662
LOW,LOW,0,5,3,0,3.708
LOW,LOW,1,1,1,0,3.65
LOW,LOW,0,1,0,0,3.378
HIGH,HIGH,1,6,3,1,2.622666666666667
LOW,LOW,0,5,4,1,4.364
HIGH,HIGH,0,9,2,1,1.88
LOW,LOW,0,1,1,0,2.022
HIGH,HIGH,1,8,2,1,4.252
LOW,LOW,1,2,4,1,3.214
HIGH,HIGH,0,9,3,1,3.7186666666666666
HIGH,HIGH,1,9,3,1,3.030666666666667
LOW,LOW,1,2,1,0,3.498
LOW,LOW,1,1,0,0,2.542
LOW,LOW,0,0,4,2,3.218
LOW,LOW,1,5,2,1,4.616
LOW,LOW,1,2,5,3,3.6
HIGH,HIGH,0,6,4,1,2.43
HIGH,HIGH,0,7,3,1,3.7386666666666666
LOW,LOW,1,2,2,0,0.36
HIGH,HIGH,1,8,5,0,0.008
LOW,LOW,1,1,4,1,0.086
HIGH,HIGH,1,9,4,0,0.3
HIGH,HIGH,1,6,5,1,0.36
LOW,LOW,1,2,0,0,1.552
LOW,LOW,1,5,4,0,0.0
LOW,LOW,1,2,0,0,0.6
LOW,LOW,1,3,2,0,1.262
HIGH,HIGH,1,6,2,0,1.0459999999999998
LOW,LOW,0,5,2,2,5.5200000000000005
HIGH,HIGH,0,8,3,2,6.155333333333333
LOW,LOW,0,0,0,0,6.388
HIGH,HIGH,0,9,0,0,5.016
LOW,LOW,1,3,5,3,5.642
LOW,LOW,0,1,1,0,4.618
LOW,LOW,0,3,0,0,8.812
LOW,LOW,0,1,3,2,6.043333333333334
LOW,LOW,1,1,5,3,7.093999999999999
HIGH,HIGH,0,6,1,0,7.343999999999999
LOW,LOW,1,2,4,1,3.562
HIGH,HIGH,0,8,4,3,1.916
LOW,LOW,0,1,5,3,3.978
HIGH,HIGH,0,7,1,0,3.032
LOW,LOW,1,3,2,1,2.99
HIGH,HIGH,0,6,4,1,3.8
HIGH,HIGH,0,6,0,0,3.1779999999999995
LOW,LOW,1,0,3,1,4.052666666666666
HIGH,HIGH,0,6,0,0,3.022
HIGH,HIGH,1,7,3,2,2.991333333333333
LOW,LOW,0,4,5,4,0.914
HIGH,HIGH,0,8,4,2,3.258
LOW,LOW,0,2,3,1,4.394666666666666
HIGH,HIGH,1,7,2,0,0.966
LOW,LOW,0,3,0,0,5.544
LOW,LOW,1,5,0,0,4.132
LOW,LOW,1,1,3,0,4.492
LOW,LOW,0,4,0,0,0.75
LOW,LOW,1,1,0,0,4.572
LOW,LOW,1,2,4,2,4.556
LOW,LOW,0,0,1,0,4.984
LOW,LOW,0,4,4,3,4.770000000000001
LOW,LOW,1,0,3,2,4.6513333333333335
HIGH,HIGH,0,9,0,0,4.026
HIGH,HIGH,0,6,1,0,5.682
HIGH,HIGH,0,6,4,4,8.45
LOW,LOW,1,4,4,2,5.839999999999999
LOW,LOW,0,5,2,1,5.965999999999999
LOW,LOW,1,4,3,1,3.8806666666666665
HIGH,HIGH,0,6,3,2,7.361333333333333
LOW,LOW,1,1,3,0,0.0
LOW,LOW,1,1,0,0,0.326
HIGH,HIGH,1,9,4,1,0.686
HIGH,HIGH,1,9,3,0,0.6619999999999999
LOW,LOW,1,1,3,0,1.6980000000000002
LOW,LOW,1,1,3,0,0.312
LOW,LOW,1,0,2,0,0.382
LOW,LOW,1,0,5,0,0.608
LOW,LOW,1,1,2,0,0.916
LOW,LOW,1,5,5,0,0.6679999999999999
HIGH,HIGH,1,8,3,0,0.948
HIGH,HIGH,1,9,2,0,0.002
LOW,LOW,1,5,1,0,0.314
HIGH,HIGH,1,8,4,0,0.628
HIGH,HIGH,1,8,0,0,1.578
HIGH,HIGH,1,6,0,0,0.998
HIGH,HIGH,1,7,4,0,0.384
LOW,LOW,1,5,3,0,0.0
LOW,LOW,1,0,3,1,0.7886666666666666
LOW,LOW,1,0,3,0,2.822
LOW,LOW,0,3,0,0,7.172
LOW,LOW,0,0,1,1,6.118
HIGH,HIGH,0,6,4,3,4.151999999999999
LOW,LOW,0,2,0,0,5.266
HIGH,HIGH,0,9,3,1,7.280666666666666
LOW,LOW,1,0,4,4,4.78
LOW,LOW,0,0,3,2,6.461333333333334
HIGH,HIGH,1,7,3,2,5.8853333333333335
LOW,LOW,0,0,1,0,4.628
HIGH,HIGH,0,7,5,3,7.598
HIGH,HIGH,0,8,1,0,4.582000000000001
LOW,LOW,1,1,5,3,3.3440000000000003
HIGH,HIGH,1,7,5,2,3.922
HIGH,HIGH,0,9,0,0,0.796
HIGH,HIGH,0,9,1,0,4.282
HIGH,HIGH,1,9,2,1,0.216
HIGH,HIGH,1,9,3,1,3.9506666666666654
LOW,LOW,0,5,1,0,4.61
LOW,LOW,1,4,0,0,0.646
LOW,LOW,1,2,2,1,2.094
LOW,LOW,1,3,4,3,6.148000000000001
HIGH,HIGH,0,9,5,3,4.158
HIGH,HIGH,1,9,0,0,6.744
HIGH,HIGH,0,8,2,1,5.104
LOW,LOW,0,1,5,3,6.09
LOW,LOW,0,3,3,1,6.016666666666666
HIGH,HIGH,0,6,4,3,5.814
LOW,LOW,0,4,4,3,8.086
LOW,LOW,0,3,1,0,5.008
HIGH,HIGH,0,7,4,3,5.8020000000000005
LOW,LOW,0,3,1,0,3.7
LOW,LOW,1,0,3,2,1.4693333333333334
LOW,LOW,0,3,2,0,4.298
LOW,LOW,0,5,3,1,1.6326666666666667
HIGH,HIGH,0,7,3,2,4.823333333333334
LOW,LOW,0,0,1,0,3.03
HIGH,HIGH,1,9,1,0,1.582
LOW,LOW,1,3,3,2,2.4113333333333333
HIGH,HIGH,1,8,5,1,1.628
LOW,LOW,1,1,5,3,3.028
LOW,LOW,0,1,3,2,5.141333333333334
LOW,LOW,1,0,3,1,2.634666666666667
HIGH,HIGH,1,7,2,0,3.622
HIGH,HIGH,0,9,1,0,4.948
HIGH,HIGH,0,7,2,1,5.046
HIGH,HIGH,0,7,3,1,3.476666666666667
LOW,LOW,0,2,4,2,1.266
LOW,LOW,1,2,2,0,0.654
HIGH,HIGH,1,8,1,0,5.134
HIGH,HIGH,1,8,1,0,0.478
HIGH,HIGH,1,9,3,1,4.9126666666666665
HIGH,HIGH,0,7,0,0,2.364
LOW,LOW,1,0,5,3,4.218
LOW,LOW,0,2,3,1,3.4066666666666667
HIGH,HIGH,1,9,4,1,2.324
HIGH,HIGH,0,9,5,2,3.456
HIGH,HIGH,1,6,1,0,3.558
LOW,LOW,0,3,4,1,4.422
HIGH,HIGH,1,8,1,0,1.61
LOW,LOW,0,1,1,0,5.026000000000001
LOW,LOW,0,5,4,2,2.854
HIGH,HIGH,1,8,4,3,1.0599999999999998
LOW,LOW,1,5,3,2,4.221333333333333
LOW,LOW,1,5,1,0,4.53
HIGH,HIGH,1,8,5,2,4.924
LOW,LOW,0,4,3,1,5.3726666666666665
HIGH,HIGH,0,7,4,0,3.788
LOW,LOW,1,0,2,0,2.59
LOW,LOW,1,2,1,0,2.626
LOW,LOW,0,1,2,1,4.7
HIGH,HIGH,1,7,1,0,5.718
LOW,LOW,0,4,0,0,6.192
HIGH,HIGH,1,7,2,2,5.593999999999999
LOW,LOW,1,3,2,1,5.537999999999999
HIGH,HIGH,1,7,2,2,6.504
LOW,LOW,0,2,5,3,4.474
LOW,LOW,0,3,5,3,3.636
LOW,LOW,0,3,2,1,5.783999999999999
LOW,LOW,0,1,0,0,8.306
LOW,LOW,0,2,5,4,7.178
HIGH,HIGH,1,7,5,1,1.06
HIGH,HIGH,1,9,5,1,1.594
LOW,LOW,1,4,2,0,1.628
LOW,LOW,1,5,2,0,1.0
LOW,LOW,1,1,0,0,0.964
LOW,LOW,1,1,3,0,1.948
HIGH,HIGH,1,9,2,0,0.972
HIGH,HIGH,1,7,0,0,0.37
LOW,LOW,1,0,4,1,1.358
LOW,LOW,1,4,1,0,0.6
HIGH,HIGH,0,9,0,0,3.37
HIGH,HIGH,0,7,2,0,3.63
HIGH,HIGH,1,8,2,1,5.563999999999999
LOW,LOW,1,2,2,1,2.692
HIGH,HIGH,1,6,4,2,3.002
LOW,LOW,0,5,5,2,2.5
LOW,LOW,1,1,5,1,3.888
LOW,LOW,0,5,2,1,4.09
LOW,LOW,1,3,4,1,0.68
LOW,LOW,1,1,5,2,3.3280000000000003
HIGH,HIGH,1,9,4,0,0.928
HIGH,HIGH,1,8,2,0,2.23
LOW,LOW,1,4,2,0,1.578
LOW,LOW,1,3,1,0,0.31
LOW,LOW,1,4,2,0,1.304
HIGH,HIGH,1,7,3,0,1.282
HIGH,HIGH,1,9,3,0,0.994
LOW,LOW,1,3,0,0,0.694
HIGH,HIGH,1,9,5,1,1.646
HIGH,HIGH,1,9,2,0,1.634
LOW,LOW,1,4,1,0,3.262
HIGH,HIGH,1,8,2,0,1.56
HIGH,HIGH,0,9,1,0,4.976
LOW,LOW,0,1,1,0,5.26
LOW,LOW,0,3,5,2,1.5539999999999998
LOW,LOW,0,5,0,0,3.08
HIGH,HIGH,1,6,2,0,3.526
HIGH,HIGH,1,8,2,1,4.617999999999999
LOW,LOW,1,5,0,0,5.102
LOW,LOW,1,0,4,2,3.564
LOW,LOW,1,2,5,0,1.92
HIGH,HIGH,1,9,1,0,1.266
HIGH,HIGH,1,9,1,0,0.3299999999999999
HIGH,HIGH,1,8,4,1,0.05
HIGH,HIGH,1,9,1,0,0.3999999999999999
LOW,LOW,1,4,0,0,0.364
HIGH,HIGH,1,6,5,0,1.276
LOW,LOW,1,4,2,0,0.8999999999999999
LOW,LOW,1,0,2,0,0.916
LOW,LOW,1,4,1,0,0.978
LOW,LOW,1,2,0,0,0.648
LOW,LOW,1,2,0,0,1.902
HIGH,HIGH,1,8,1,0,0.0
LOW,LOW,1,3,3,1,1.6686666666666667
HIGH,HIGH,1,9,0,0,0.138
HIGH,HIGH,1,7,5,0,1.226
LOW,LOW,1,5,1,0,0.6599999999999999
LOW,LOW,1,0,5,0,1.2
LOW,LOW,1,0,0,0,2.036
LOW,LOW,1,3,4,0,1.604
LOW,LOW,1,3,1,0,0.91
LOW,LOW,1,5,5,0,0.936
HIGH,HIGH,1,6,2,0,1.59
LOW,LOW,1,2,2,0,0.018
HIGH,HIGH,1,8,0,0,1.542
LOW,LOW,1,5,5,0,1.962
LOW,LOW,1,5,0,0,0.972
LOW,LOW,1,1,2,1,1.094
HIGH,HIGH,1,9,5,0,0.624
HIGH,HIGH,1,7,0,0,0.6659999999999999
HIGH,HIGH,1,8,2,0,1.58
LOW,LOW,1,5,4,0,0.362
LOW,LOW,1,4,2,0,0.97
LOW,LOW,1,4,2,0,1.262
LOW,LOW,1,4,5,1,0.344
HIGH,HIGH,1,6,1,0,1.006
HIGH,HIGH,1,9,3,0,1.584
LOW,LOW,1,2,4,0,1.208
LOW,LOW,1,5,5,0,1.0
HIGH,HIGH,1,8,4,1,1.344
HIGH,HIGH,0,6,2,1,6.039999999999999
LOW,LOW,0,3,3,2,5.779333333333334
LOW,LOW,0,2,3,2,4.965333333333334
HIGH,HIGH,0,7,2,2,5.430000000000001
LOW,LOW,0,5,3,1,5.4126666666666665
LOW,LOW,1,2,4,4,7.292
LOW,LOW,1,1,2,1,3.596
LOW,LOW,0,3,2,1,4.684
LOW,LOW,0,2,3,1,5.720666666666666
HIGH,HIGH,0,8,1,0,3.952
HIGH,HIGH,0,8,5,2,2.758
HIGH,HIGH,0,6,1,0,3.1819999999999995
LOW,LOW,1,2,3,0,5.076
LOW,LOW,0,0,4,2,2.8840000000000003
LOW,LOW,1,5,0,0,3.548
LOW,LOW,0,1,3,1,4.034666666666666
LOW,LOW,0,5,4,3,3.974
HIGH,HIGH,0,9,2,0,4.308
LOW,LOW,1,3,5,3,5.65
HIGH,HIGH,0,9,5,3,1.214
LOW,LOW,0,4,3,1,2.7426666666666666
HIGH,HIGH,1,8,0,0,0.6
LOW,LOW,1,4,4,2,2.972
HIGH,HIGH,0,7,3,0,3.006
LOW,LOW,0,3,0,0,4.644
HIGH,HIGH,1,9,2,1,3.584
HIGH,HIGH,0,8,5,2,3.142
HIGH,HIGH,1,6,2,0,5.156
HIGH,HIGH,1,7,1,0,4.574
LOW,LOW,1,2,0,0,2.238
LOW,LOW,1,5,2,1,5.52
LOW,LOW,1,4,4,3,7.556
LOW,LOW,0,0,3,2,9.991333333333332
HIGH,HIGH,1,9,3,2,6.851333333333334
LOW,LOW,1,0,2,1,5.218
HIGH,HIGH,0,9,4,3,5.492
HIGH,HIGH,1,6,4,4,5.936
LOW,LOW,0,3,3,3,5.636
LOW,LOW,0,4,0,0,3.754
LOW,LOW,0,4,5,4,4.5
LOW,LOW,0,2,5,3,3.428
LOW,LOW,1,0,0,0,1.61
LOW,LOW,0,3,1,0,2.07
LOW,LOW,1,1,4,2,3.638
LOW,LOW,0,1,4,1,4.351999999999999
LOW,LOW,0,1,0,0,2.634
HIGH,HIGH,1,7,0,0,0.41
LOW,LOW,0,3,5,2,3.17
LOW,LOW,1,1,1,0,3.874
HIGH,HIGH,1,6,3,1,1.9786666666666664
LOW,LOW,1,2,3,2,2.913333333333333
HIGH,HIGH,1,8,4,1,3.698
LOW,LOW,0,5,5,3,3.782
LOW,LOW,0,4,1,0,5.608
HIGH,HIGH,0,6,2,1,5.048
LOW,LOW,1,0,2,0,2.554
LOW,LOW,0,0,5,2,2.18
HIGH,HIGH,1,9,5,1,4.624
HIGH,HIGH,1,9,3,0,2.228
LOW,LOW,0,5,3,1,5.082666666666666
LOW,LOW,0,3,0,0,6.93
LOW,LOW,1,4,1,0,6.692
HIGH,HIGH,0,9,3,1,6.080666666666666
HIGH,HIGH,1,7,3,2,4.679333333333334
LOW,LOW,1,5,1,0,5.156
HIGH,HIGH,0,7,1,0,5.61
LOW,LOW,0,5,3,2,5.395333333333333
LOW,LOW,0,5,2,1,3.78
HIGH,HIGH,0,8,4,2,5.997999999999999
LOW,LOW,0,3,3,2,7.067333333333334
HIGH,HIGH,0,9,5,3,7.186
LOW,LOW,0,2,4,2,5.911999999999999
HIGH,HIGH,0,9,5,5,7.34
LOW,LOW,0,2,0,0,4.402
LOW,LOW,0,1,3,2,6.225333333333333
LOW,LOW,0,0,0,0,5.789999999999999
LOW,LOW,0,4,2,1,4.406
HIGH,HIGH,0,6,1,0,6.648000000000001
LOW,LOW,0,1,0,0,5.481999999999999
HIGH,HIGH,0,8,5,3,5.54
LOW,LOW,0,3,5,4,6.470000000000001
LOW,LOW,0,2,2,1,5.699999999999999
LOW,LOW,0,4,4,2,8.610000000000001
LOW,LOW,0,5,1,0,4.295999999999999
LOW,LOW,0,5,3,2,3.4793333333333334
HIGH,HIGH,0,9,2,2,7.114
LOW,LOW,0,3,1,0,4.796
LOW,LOW,0,2,4,4,6.788
LOW,LOW,0,4,1,1,7.0360000000000005
LOW,LOW,0,3,0,0,7.893999999999999
LOW,LOW,1,4,4,1,0.18
HIGH,HIGH,1,7,5,2,1.958
LOW,LOW,1,3,5,2,3.99
LOW,LOW,0,1,0,0,5.3180000000000005
HIGH,HIGH,1,8,0,0,3.778
LOW,LOW,1,1,1,0,3.286
LOW,LOW,1,3,4,1,4.25
HIGH,HIGH,1,9,5,1,0.64
HIGH,HIGH,1,7,0,0,1.3
LOW,LOW,1,4,4,1,2.918
LOW,LOW,0,1,2,0,3.402
LOW,LOW,1,2,0,0,1.262
HIGH,HIGH,1,9,5,2,2.244
LOW,LOW,1,2,2,1,2.688
LOW,LOW,1,4,0,0,0.0999999999999999
HIGH,HIGH,0,9,2,0,2.678
HIGH,HIGH,0,7,1,0,0.502
LOW,LOW,0,5,3,2,4.543333333333333
HIGH,HIGH,1,8,5,3,4.042
HIGH,HIGH,1,8,4,1,4.538
LOW,LOW,1,2,0,0,0.978
LOW,LOW,1,2,3,0,0.39
LOW,LOW,1,1,3,0,1.21
HIGH,HIGH,1,9,3,0,1.208
LOW,LOW,1,5,2,0,0.026
HIGH,HIGH,1,6,0,0,0.8999999999999999
HIGH,HIGH,1,8,0,0,0.688
HIGH,HIGH,1,8,0,0,0.656
LOW,LOW,1,2,2,0,0.6659999999999999
LOW,LOW,1,0,4,1,1.978
HIGH,HIGH,0,7,3,1,5.3406666666666665
LOW,LOW,1,5,3,2,1.1973333333333334
LOW,LOW,0,0,3,1,2.1926666666666668
HIGH,HIGH,1,6,0,0,2.3560000000000003
HIGH,HIGH,1,8,0,0,3.192
LOW,LOW,0,1,4,2,2.184
HIGH,HIGH,1,7,2,0,3.594
LOW,LOW,0,0,0,0,0.5680000000000001
HIGH,HIGH,0,9,2,1,4.416
HIGH,HIGH,1,7,4,1,4.884
LOW,LOW,0,2,5,4,5.126
HIGH,HIGH,0,6,5,2,6.422
HIGH,HIGH,1,7,5,4,5.6
LOW,LOW,0,0,5,4,6.784000000000001
LOW,LOW,1,1,2,1,3.884
LOW,LOW,0,3,0,0,6.636
HIGH,HIGH,0,6,1,0,6.5520000000000005
HIGH,HIGH,0,6,5,5,6.784000000000001
LOW,LOW,0,3,5,3,6.394
HIGH,HIGH,0,9,5,5,5.206
HIGH,HIGH,0,7,3,1,2.0586666666666664
LOW,LOW,1,1,0,0,3.938
HIGH,HIGH,1,9,5,3,4.38
HIGH,HIGH,0,6,1,0,0.48
HIGH,HIGH,1,9,1,0,1.932
HIGH,HIGH,0,6,0,0,3.75
LOW,LOW,0,5,4,1,4.712
HIGH,HIGH,0,8,1,0,2.124
LOW,LOW,0,3,0,0,5.288
LOW,LOW,0,3,4,1,4.15
LOW,LOW,0,2,2,1,5.34
LOW,LOW,0,3,1,0,4.005999999999999
LOW,LOW,1,4,0,0,3.618
HIGH,HIGH,1,6,4,2,1.0179999999999998
LOW,LOW,1,2,2,1,3.31
LOW,LOW,0,4,0,0,5.252000000000001
LOW,LOW,0,0,4,2,4.066
LOW,LOW,0,2,4,2,3.824
LOW,LOW,1,3,4,1,2.35
HIGH,HIGH,0,8,1,0,3.76
LOW,LOW,0,0,3,1,1.1166666666666665
LOW,LOW,0,2,3,0,1.5299999999999998
LOW,LOW,0,3,5,1,1.11
HIGH,HIGH,1,9,5,1,3.584
HIGH,HIGH,1,6,4,3,5.246
LOW,LOW,0,5,4,2,4.756
HIGH,HIGH,0,9,2,0,5.652
HIGH,HIGH,1,8,0,0,3.258
LOW,LOW,0,1,0,0,4.026
LOW,LOW,1,0,1,0,2.888
LOW,LOW,0,4,3,1,0.9386666666666664
LOW,LOW,0,0,0,0,4.327999999999999
LOW,LOW,0,5,3,1,5.902666666666666
LOW,LOW,0,1,4,2,3.184
LOW,LOW,1,2,5,3,0.482
LOW,LOW,0,2,5,3,4.772
LOW,LOW,0,0,1,0,3.398
LOW,LOW,1,2,5,4,5.32
HIGH,HIGH,0,9,5,2,2.506
HIGH,HIGH,1,7,1,0,3.226
HIGH,HIGH,0,7,2,0,4.622000000000001
HIGH,HIGH,0,6,1,0,3.3960000000000004
LOW,LOW,1,3,3,2,2.4613333333333336
HIGH,HIGH,1,8,0,0,3.182
LOW,LOW,1,2,0,0,2.558
LOW,LOW,1,1,5,2,6.26
HIGH,HIGH,1,7,2,0,4.532
LOW,LOW,1,5,1,0,2.25
HIGH,HIGH,1,6,2,1,3.654
LOW,LOW,1,2,5,1,2.11
HIGH,HIGH,1,8,2,1,1.75
LOW,LOW,0,2,1,0,2.71
LOW,LOW,1,2,5,3,2.5000000000000004
HIGH,HIGH,1,8,1,0,4.196
HIGH,HIGH,0,8,0,0,0.5
HIGH,HIGH,1,8,3,0,1.7200000000000002
HIGH,HIGH,1,6,5,3,5.182
LOW,LOW,1,0,3,1,5.934666666666666
LOW,LOW,1,4,2,1,3.606
LOW,LOW,0,1,3,2,3.493333333333333
HIGH,HIGH,0,8,2,1,5.803999999999999
LOW,LOW,1,0,2,2,4.392
HIGH,HIGH,0,7,1,0,0.4639999999999999
HIGH,HIGH,0,8,0,0,7.827999999999999
LOW,LOW,1,1,3,2,4.267333333333333
LOW,LOW,0,3,5,5,7.909999999999999
HIGH,HIGH,0,8,3,2,6.755333333333334
LOW,LOW,1,0,0,0,3.258
LOW,LOW,1,5,4,3,4.292
LOW,LOW,0,4,2,1,5.884
HIGH,HIGH,1,7,3,1,3.328666666666667
HIGH,HIGH,0,7,5,2,4.758
HIGH,HIGH,1,8,4,1,5.334
LOW,LOW,0,1,5,2,3.104
LOW,LOW,0,1,1,0,2.048
LOW,LOW,1,5,0,0,1.614
HIGH,HIGH,0,7,0,0,2.424
LOW,LOW,0,5,5,3,0.352
HIGH,HIGH,0,6,4,2,3.4800000000000004
LOW,LOW,1,1,3,0,4.518000000000001
LOW,LOW,0,2,2,1,4.75
LOW,LOW,0,1,3,2,7.383333333333334
LOW,LOW,0,1,4,3,4.6240000000000006
LOW,LOW,0,2,0,0,4.394
LOW,LOW,0,0,3,2,6.8213333333333335
HIGH,HIGH,0,6,2,1,6.141999999999999
HIGH,HIGH,0,8,1,0,2.794
LOW,LOW,0,0,5,3,5.672000000000001
HIGH,HIGH,0,8,1,0,2.704
HIGH,HIGH,1,6,0,0,7.082
HIGH,HIGH,1,7,3,2,0.4433333333333333
HIGH,HIGH,0,7,0,0,0.766
HIGH,HIGH,1,8,1,0,1.934
LOW,LOW,0,2,1,0,0.848
HIGH,HIGH,1,8,2,0,2.584
LOW,LOW,1,1,2,1,3.63
HIGH,HIGH,0,8,1,0,4.32
HIGH,HIGH,1,6,3,1,4.328666666666667
LOW,LOW,0,2,0,0,2.018
HIGH,HIGH,1,6,4,2,7.927999999999999
LOW,LOW,1,3,0,0,2.3640000000000003
HIGH,HIGH,0,7,4,2,4.4
LOW,LOW,1,0,2,0,6.4
LOW,LOW,0,2,4,3,1.3119999999999998
LOW,LOW,1,2,1,0,3.986
LOW,LOW,0,2,0,0,4.970000000000001
LOW,LOW,0,5,4,2,5.02
HIGH,HIGH,0,7,0,0,4.284
LOW,LOW,0,1,3,1,6.284666666666666
HIGH,HIGH,1,8,2,1,4.858
HIGH,HIGH,1,8,3,1,3.1846666666666668
HIGH,HIGH,0,8,1,0,3.06
LOW,LOW,1,2,0,0,4.298
LOW,LOW,0,1,3,1,1.4986666666666666
HIGH,HIGH,1,7,0,0,3.59
LOW,LOW,0,0,1,0,4.266
LOW,LOW,0,5,3,1,0.8826666666666667
HIGH,HIGH,0,8,2,0,0.508
LOW,LOW,1,5,1,0,5.545999999999999
HIGH,HIGH,0,6,2,0,3.62
HIGH,HIGH,0,7,1,1,5.938
LOW,LOW,0,4,3,2,7.673333333333334
LOW,LOW,0,2,2,1,6.173999999999999
HIGH,HIGH,0,7,1,0,6.366
HIGH,HIGH,0,8,1,1,5.806
LOW,LOW,0,2,3,3,4.486
LOW,LOW,1,5,0,0,6.44
LOW,LOW,0,1,3,2,5.807333333333333
LOW,LOW,0,3,1,0,3.3520000000000003
HIGH,HIGH,0,8,5,4,3.5320000000000005
LOW,LOW,0,4,0,0,7.288
HIGH,HIGH,0,9,0,0,1.24
HIGH,HIGH,1,7,3,1,3.5686666666666667
LOW,LOW,1,2,3,2,0.8653333333333333
HIGH,HIGH,1,7,0,0,4.882
LOW,LOW,0,3,1,0,2.934
LOW,LOW,1,2,2,1,3.946
HIGH,HIGH,1,7,0,0,5.085999999999999
LOW,LOW,0,2,3,2,5.665333333333334
HIGH,HIGH,0,7,3,0,3.364
HIGH,HIGH,0,7,5,3,5.3660000000000005
HIGH,HIGH,0,7,5,4,6.506
LOW,LOW,0,3,4,3,5.712000000000001
LOW,LOW,0,4,5,4,4.585999999999999
LOW,LOW,1,0,4,2,5.536
LOW,LOW,1,5,1,0,7.701999999999999
LOW,LOW,0,5,4,3,5.658
HIGH,HIGH,0,8,2,1,5.372
HIGH,HIGH,1,9,0,0,6.976
LOW,LOW,1,4,1,0,4.848
LOW,LOW,1,5,0,0,0.8999999999999999
HIGH,HIGH,0,7,3,1,1.2246666666666666
HIGH,HIGH,0,7,1,0,3.006
HIGH,HIGH,1,7,5,1,2.058
HIGH,HIGH,1,9,1,0,2.262
HIGH,HIGH,0,6,2,0,2.994
LOW,LOW,1,4,3,2,3.4573333333333336
LOW,LOW,0,2,0,0,3.122
LOW,LOW,1,1,4,3,4.222
LOW,LOW,0,3,3,1,2.468666666666667
LOW,LOW,0,0,4,1,2.368
HIGH,HIGH,1,9,4,3,2.708
HIGH,HIGH,1,8,5,1,3.552
LOW,LOW,0,3,5,2,3.114
HIGH,HIGH,0,9,5,4,1.6
HIGH,HIGH,1,9,2,1,3.684
LOW,LOW,0,5,3,1,3.8366666666666656
LOW,LOW,0,5,3,1,5.3966666666666665
HIGH,HIGH,1,9,3,2,2.951333333333333
HIGH,HIGH,0,8,1,0,3.65
LOW,LOW,0,4,2,1,3.756
HIGH,HIGH,1,6,4,3,3.292
LOW,LOW,0,3,4,2,0.85
HIGH,HIGH,0,7,0,0,4.377999999999999
HIGH,HIGH,1,8,3,2,0.8553333333333333
HIGH,HIGH,1,7,1,0,4.194
LOW,LOW,1,0,1,0,4.77
LOW,LOW,0,4,0,0,2.718
HIGH,HIGH,0,9,2,1,3.494
LOW,LOW,1,0,4,2,4.244
LOW,LOW,0,5,5,5,7.43
HIGH,HIGH,0,8,5,3,4.513999999999999
LOW,LOW,0,4,3,2,6.025333333333333
LOW,LOW,0,4,2,2,6.460000000000001
HIGH,HIGH,1,6,0,0,7.092
LOW,LOW,1,0,5,4,3.4160000000000004
HIGH,HIGH,1,8,0,0,7.966
LOW,LOW,0,2,3,2,6.729333333333334
LOW,LOW,0,2,5,3,6.076
LOW,LOW,0,4,5,3,5.574
HIGH,HIGH,1,9,3,1,1.0186666666666666
HIGH,HIGH,1,6,3,1,1.6466666666666667
LOW,LOW,1,0,4,0,0.0
LOW,LOW,1,5,5,0,0.8999999999999999
LOW,LOW,1,0,0,0,0.0
LOW,LOW,1,3,2,0,1.238
LOW,LOW,1,5,1,0,0.96
LOW,LOW,1,3,5,0,1.3239999999999998
LOW,LOW,1,4,5,0,1.23
LOW,LOW,1,4,0,0,0.0
LOW,LOW,1,1,0,0,7.077999999999999
LOW,LOW,0,1,1,0,5.803999999999999
LOW,LOW,0,0,2,2,7.708
LOW,LOW,0,0,1,0,4.918
HIGH,HIGH,1,8,1,0,5.26
HIGH,HIGH,0,9,0,0,6.65
LOW,LOW,0,4,4,2,5.464
LOW,LOW,1,4,0,0,7.327999999999999
LOW,LOW,0,3,1,1,8.316
HIGH,HIGH,1,9,5,5,6.288
HIGH,HIGH,0,9,1,0,4.028
HIGH,HIGH,0,9,4,2,5.823999999999999
LOW,LOW,0,1,2,2,4.346
HIGH,HIGH,0,8,0,0,5.878
LOW,LOW,0,5,4,3,5.868
HIGH,HIGH,0,7,2,1,5.635999999999999
LOW,LOW,0,2,4,2,5.448
LOW,LOW,0,2,3,2,6.721333333333334
LOW,LOW,1,0,3,3,2.754
LOW,LOW,0,5,4,2,5.098
HIGH,HIGH,0,6,1,0,6.61
LOW,LOW,1,5,2,0,1.57
LOW,LOW,0,0,3,1,5.072666666666667
LOW,LOW,1,5,0,0,1.576
LOW,LOW,1,3,5,2,3.884
LOW,LOW,0,4,5,3,2.88
HIGH,HIGH,1,6,1,0,2.256
HIGH,HIGH,0,6,1,0,0.15
HIGH,HIGH,1,7,3,1,4.636666666666667
LOW,LOW,0,0,3,1,4.384666666666666
LOW,LOW,1,0,5,3,2.33
LOW,LOW,0,2,2,0,3.308
LOW,LOW,1,5,5,2,0.092
LOW,LOW,0,4,2,0,4.335999999999999
LOW,LOW,0,2,5,3,1.3679999999999997
LOW,LOW,0,0,4,2,5.683999999999999
HIGH,HIGH,0,7,3,2,0.6653333333333332
HIGH,HIGH,1,6,0,0,4.792
LOW,LOW,1,5,0,0,2.198
LOW,LOW,0,4,2,1,5.41
LOW,LOW,0,0,1,0,4.35
LOW,LOW,0,5,5,1,2.1939999999999995
LOW,LOW,1,1,3,2,4.143333333333333
HIGH,HIGH,0,9,4,2,4.192
LOW,LOW,1,0,4,1,0.772
LOW,LOW,1,5,1,0,6.466
LOW,LOW,1,0,4,2,4.57
LOW,LOW,1,4,1,0,3.602
LOW,LOW,0,5,5,2,4.178
LOW,LOW,0,5,0,0,4.068
HIGH,HIGH,0,7,4,1,3.808
HIGH,HIGH,1,8,4,1,3.604
LOW,LOW,1,1,0,0,2.534
HIGH,HIGH,1,8,0,0,3.538
HIGH,HIGH,1,7,1,0,5.81
LOW,LOW,1,4,4,1,1.336
LOW,LOW,1,3,2,1,1.998
HIGH,HIGH,1,9,1,0,2.528
LOW,LOW,1,3,2,0,0.8999999999999999
LOW,LOW,1,0,2,1,2.41
LOW,LOW,0,5,5,3,6.74
HIGH,HIGH,0,6,2,1,4.616
HIGH,HIGH,1,8,3,3,4.698
LOW,LOW,1,4,2,1,5.528
LOW,LOW,0,1,4,3,6.888
LOW,LOW,0,1,0,0,5.336
HIGH,HIGH,1,7,3,2,3.971333333333333
HIGH,HIGH,0,7,4,3,4.8660000000000005
LOW,LOW,1,1,5,3,4.012
LOW,LOW,1,3,4,3,4.686000000000001
LOW,LOW,1,2,5,2,3.28
HIGH,HIGH,1,7,3,2,3.009333333333333
LOW,LOW,1,2,3,2,2.393333333333333
LOW,LOW,0,2,2,0,4.964
LOW,LOW,0,3,5,0,2.986
LOW,LOW,1,4,4,3,4.798
LOW,LOW,1,2,1,0,1.258
LOW,LOW,0,2,1,0,3.734
LOW,LOW,1,0,1,0,1.64
LOW,LOW,1,0,4,2,3.886
LOW,LOW,0,3,3,1,2.1606666666666667
LOW,LOW,1,4,4,3,4.005999999999999
LOW,LOW,0,2,1,0,0.75
LOW,LOW,1,2,0,0,5.757999999999999
LOW,LOW,1,3,1,0,4.826
LOW,LOW,0,1,1,0,5.008
HIGH,HIGH,0,9,3,2,3.839333333333333
LOW,LOW,1,0,3,2,2.361333333333333
HIGH,HIGH,1,6,2,1,4.3
HIGH,HIGH,0,8,2,1,0.854
LOW,LOW,1,3,4,1,3.298
HIGH,HIGH,0,9,5,2,2.248
HIGH,HIGH,1,9,0,0,0.916
LOW,LOW,1,0,1,0,2.644
HIGH,HIGH,0,9,2,0,3.3880000000000003
LOW,LOW,0,2,1,0,3.724
HIGH,HIGH,1,7,3,2,3.945333333333333
LOW,LOW,1,0,2,0,2.502
LOW,LOW,1,3,5,2,4.312
LOW,LOW,0,2,3,1,2.4346666666666668
LOW,LOW,0,2,3,0,4.353999999999999
HIGH,HIGH,1,6,3,2,4.669333333333333
LOW,LOW,0,4,4,2,3.832
LOW,LOW,1,5,1,0,2.66
HIGH,HIGH,1,6,4,3,5.366
LOW,LOW,0,4,2,0,3.082
HIGH,HIGH,0,9,2,1,3.838
LOW,LOW,0,4,4,3,2.292
HIGH,HIGH,1,6,4,2,1.98
LOW,LOW,0,3,2,1,4.8100000000000005
HIGH,HIGH,0,9,5,4,3.966
HIGH,HIGH,1,6,0,0,2.956
HIGH,HIGH,0,6,5,3,4.912
HIGH,HIGH,0,9,5,3,3.162
HIGH,HIGH,1,6,0,0,3.664
HIGH,HIGH,0,8,4,2,1.81
HIGH,HIGH,0,8,3,1,4.374666666666666
HIGH,HIGH,1,6,4,1,2.594
LOW,LOW,0,5,5,1,5.348
HIGH,HIGH,1,8,4,3,4.002
LOW,LOW,0,2,2,1,3.4840000000000004
LOW,LOW,1,3,2,1,2.764
LOW,LOW,0,5,0,0,4.314
HIGH,HIGH,0,7,1,0,5.314
LOW,LOW,0,1,1,0,3.002
HIGH,HIGH,0,9,0,0,3.17
LOW,LOW,0,3,4,2,2.114
HIGH,HIGH,1,6,4,1,2.296
LOW,LOW,1,5,3,1,3.274666666666667
LOW,LOW,1,4,5,2,3.878
LOW,LOW,0,3,4,1,4.372
HIGH,HIGH,0,6,0,0,5.908
HIGH,HIGH,0,6,5,2,4.8180000000000005
LOW,LOW,1,0,5,3,3.47
LOW,LOW,0,4,2,0,4.664000000000001
HIGH,HIGH,0,8,5,1,0.24
LOW,LOW,0,1,2,1,4.392
LOW,LOW,1,1,1,0,0.3999999999999999
LOW,LOW,1,5,3,0,0.91
HIGH,HIGH,0,6,0,0,3.354
LOW,LOW,0,1,3,1,6.440666666666666
HIGH,HIGH,1,9,1,0,3.2
LOW,LOW,0,5,4,3,5.7860000000000005
LOW,LOW,0,0,3,2,6.729333333333334
LOW,LOW,0,3,4,2,6.372
HIGH,HIGH,0,7,0,0,6.852
LOW,LOW,0,1,1,0,5.449999999999999
LOW,LOW,0,5,0,0,6.244000000000001
LOW,LOW,0,3,3,3,5.436
LOW,LOW,0,2,1,0,6.246
LOW,LOW,0,5,2,1,3.122
LOW,LOW,0,4,1,0,5.604
LOW,LOW,0,3,3,3,3.886
LOW,LOW,0,0,4,2,7.012
LOW,LOW,0,1,1,0,5.868
LOW,LOW,0,1,2,2,6.696000000000001
LOW,LOW,0,0,3,3,6.5120000000000005
LOW,LOW,0,2,2,1,6.454
HIGH,HIGH,0,9,5,5,7.24
LOW,LOW,0,2,1,0,5.94
LOW,LOW,1,5,2,1,1.0639999999999998
HIGH,HIGH,1,9,3,1,3.322666666666667
LOW,LOW,1,3,3,1,2.794666666666667
HIGH,HIGH,0,9,4,1,2.412
LOW,LOW,1,5,2,1,3.546
LOW,LOW,0,5,3,1,3.0386666666666664
HIGH,HIGH,1,6,2,0,5.557999999999999
LOW,LOW,1,4,1,0,2.894
HIGH,HIGH,1,9,2,1,2.958
LOW,LOW,1,0,2,0,3.466
LOW,LOW,1,1,0,0,1.576
HIGH,HIGH,1,6,5,0,0.64
LOW,LOW,1,0,1,0,0.024
HIGH,HIGH,1,9,0,0,0.012
LOW,LOW,1,5,3,0,0.3399999999999999
HIGH,HIGH,1,9,4,0,1.596
HIGH,HIGH,1,7,5,0,1.338
LOW,LOW,1,0,2,0,0.6659999999999999
LOW,LOW,1,5,4,0,1.308
LOW,LOW,1,2,2,0,0.6
LOW,LOW,1,4,4,1,1.7640000000000002
HIGH,HIGH,1,7,2,0,1.932
LOW,LOW,0,5,5,2,1.226
HIGH,HIGH,0,8,1,0,0.798
LOW,LOW,1,3,5,2,2.048
HIGH,HIGH,0,6,3,1,2.798666666666667
HIGH,HIGH,1,6,4,1,1.966
LOW,LOW,1,3,2,0,1.872
LOW,LOW,0,3,3,1,2.4466666666666668
HIGH,HIGH,0,7,0,0,3.66
LOW,LOW,1,3,4,1,0.37
LOW,LOW,1,3,1,0,5.241999999999999
LOW,LOW,0,3,5,2,4.404
LOW,LOW,1,2,1,0,0.63
HIGH,HIGH,1,8,5,4,3.976
LOW,LOW,1,0,4,1,0.65
HIGH,HIGH,0,6,3,1,2.456666666666667
LOW,LOW,0,2,0,0,0.5
LOW,LOW,0,1,5,3,3.422
HIGH,HIGH,1,9,5,3,0.12
HIGH,HIGH,0,8,0,0,2.418
LOW,LOW,1,3,5,3,5.93
HIGH,HIGH,1,8,2,0,5.04
LOW,LOW,1,4,3,1,4.8806666666666665
LOW,LOW,0,5,0,0,4.6160000000000005
LOW,LOW,1,5,1,0,1.412
HIGH,HIGH,1,7,0,0,1.958
LOW,LOW,1,1,2,1,2.976
LOW,LOW,1,3,2,1,2.374
HIGH,HIGH,0,7,4,2,2.8480000000000003
HIGH,HIGH,1,9,5,2,2.3160000000000003
LOW,LOW,1,0,3,1,2.284666666666667
LOW,LOW,1,4,3,1,3.260666666666667
LOW,LOW,0,2,4,2,3.754
HIGH,HIGH,1,9,4,2,5.215999999999999
HIGH,HIGH,1,9,5,3,3.634
LOW,LOW,0,5,3,1,2.768666666666667
HIGH,HIGH,1,7,1,0,4.1
HIGH,HIGH,1,6,2,1,0.8859999999999999
LOW,LOW,0,3,3,2,3.823333333333333
HIGH,HIGH,0,6,5,3,4.085999999999999
HIGH,HIGH,1,6,5,4,4.066
LOW,LOW,1,0,3,1,2.376666666666667
LOW,LOW,0,1,3,2,2.9433333333333334
LOW,LOW,1,2,3,1,2.9186666666666667
HIGH,HIGH,1,7,2,1,3.608
LOW,LOW,1,4,0,0,3.184
LOW,LOW,1,2,5,2,2.2840000000000003
HIGH,HIGH,0,6,2,0,4.678000000000001
LOW,LOW,1,2,5,3,1.048
LOW,LOW,1,2,2,1,5.145999999999999
LOW,LOW,1,3,5,2,2.4360000000000004
LOW,LOW,0,4,2,1,2.8720000000000003
LOW,LOW,0,1,1,0,4.02
LOW,LOW,1,4,3,0,1.938
HIGH,HIGH,0,7,4,3,2.544
LOW,LOW,1,5,1,0,1.3279999999999998
LOW,LOW,0,4,5,3,2.492
HIGH,HIGH,1,7,5,2,1.8040000000000005
LOW,LOW,0,4,5,2,4.414
HIGH,HIGH,1,7,3,2,3.115333333333333
HIGH,HIGH,1,8,4,2,5.323999999999999
LOW,LOW,0,2,2,0,2.108
HIGH,HIGH,1,6,1,0,4.5280000000000005
LOW,LOW,0,5,1,0,4.912000000000001
HIGH,HIGH,1,6,4,3,3.986
LOW,LOW,0,4,0,0,1.214
HIGH,HIGH,0,8,3,1,3.4226666666666667
LOW,LOW,1,1,1,0,3.192
LOW,LOW,0,0,4,1,3.418
LOW,LOW,1,1,2,1,2.8080000000000003
LOW,LOW,1,1,4,1,5.521999999999999
HIGH,HIGH,1,9,1,0,3.238
LOW,LOW,0,2,3,2,3.883333333333333
HIGH,HIGH,0,8,4,1,0.55
LOW,LOW,0,5,0,0,4.926
LOW,LOW,0,5,2,1,2.8360000000000003
LOW,LOW,0,3,5,2,0.8880000000000001
HIGH,HIGH,1,7,4,2,0.488
LOW,LOW,0,2,2,1,3.478
HIGH,HIGH,1,9,1,0,3.582
LOW,LOW,1,2,3,1,3.5686666666666667
HIGH,HIGH,0,6,4,1,5.584
HIGH,HIGH,1,7,5,2,4.808
LOW,LOW,0,3,5,2,6.418
LOW,LOW,1,5,1,0,4.61
HIGH,HIGH,1,7,3,1,4.476666666666667
HIGH,HIGH,0,7,2,0,0.8619999999999999
LOW,LOW,0,3,2,1,4.417999999999999
HIGH,HIGH,1,8,4,2,0.746
LOW,LOW,1,3,3,1,2.6766666666666667
HIGH,HIGH,0,7,2,0,2.9679999999999995
LOW,LOW,1,3,4,1,3.188
HIGH,HIGH,0,9,3,1,0.2166666666666666
LOW,LOW,0,4,1,0,1.7879999999999998
LOW,LOW,0,1,5,3,1.838
LOW,LOW,1,5,1,0,0.062
LOW,LOW,1,0,1,0,1.3199999999999998
LOW,LOW,1,0,1,0,3.508
HIGH,HIGH,1,7,4,3,2.716
HIGH,HIGH,1,9,3,2,4.633333333333334
LOW,LOW,0,5,3,1,3.822666666666666
LOW,LOW,1,5,4,1,4.247999999999999
LOW,LOW,0,5,2,1,1.804
HIGH,HIGH,0,7,5,1,2.446
LOW,LOW,0,2,2,1,3.084
LOW,LOW,1,2,5,2,2.414
HIGH,HIGH,1,8,1,0,1.592
LOW,LOW,1,4,5,2,3.878
HIGH,HIGH,1,6,1,0,1.902
LOW,LOW,0,2,2,1,3.396
LOW,LOW,0,1,4,2,3.4560000000000004
HIGH,HIGH,1,9,4,3,3.088
LOW,LOW,1,1,2,1,3.272
HIGH,HIGH,0,8,4,2,4.398
LOW,LOW,1,0,3,2,2.027333333333333
LOW,LOW,0,5,1,0,4.32
HIGH,HIGH,1,9,4,1,2.882
LOW,LOW,0,4,0,0,2.136
LOW,LOW,1,5,4,2,1.7460000000000002
HIGH,HIGH,0,8,3,2,2.167333333333333
LOW,LOW,1,4,1,0,3.876
LOW,LOW,1,2,1,0,6.0680000000000005
HIGH,HIGH,0,8,2,1,3.818
LOW,LOW,1,0,3,1,3.8906666666666663
LOW,LOW,1,1,1,0,5.728
LOW,LOW,1,2,3,2,2.7373333333333334
LOW,LOW,1,3,2,0,0.75
HIGH,HIGH,1,7,3,1,0.6926666666666667
LOW,LOW,1,4,3,1,4.180666666666667
LOW,LOW,1,1,2,0,0.624
HIGH,HIGH,1,7,2,0,0.364
HIGH,HIGH,1,9,4,0,0.632
HIGH,HIGH,1,6,4,0,1.318
HIGH,HIGH,1,6,3,0,1.258
LOW,LOW,1,1,0,0,1.0299999999999998
LOW,LOW,1,3,4,0,0.8999999999999999
LOW,LOW,1,0,3,0,1.572
HIGH,HIGH,1,6,1,0,0.6
HIGH,HIGH,1,6,1,0,1.658
LOW,LOW,0,2,5,4,6.82
LOW,LOW,0,5,0,0,8.452
LOW,LOW,0,2,5,4,6.3740000000000006
HIGH,HIGH,1,7,4,3,5.246
LOW,LOW,1,4,1,0,7.603999999999999
LOW,LOW,0,5,2,2,5.768000000000001
HIGH,HIGH,0,6,0,0,5.946
HIGH,HIGH,1,8,1,0,3.83
HIGH,HIGH,0,7,2,1,5.488
HIGH,HIGH,0,6,3,2,5.817333333333333
LOW,LOW,0,3,2,1,3.136
LOW,LOW,1,0,2,1,0.168
LOW,LOW,1,4,0,0,2.23
HIGH,HIGH,1,9,0,0,3.206
LOW,LOW,0,4,1,0,2.418
LOW,LOW,1,1,0,0,3.216
LOW,LOW,1,2,5,2,0.18
LOW,LOW,1,2,1,0,3.34
LOW,LOW,1,1,3,1,1.0166666666666666
HIGH,HIGH,1,7,4,1,2.9279999999999995
HIGH,HIGH,1,8,2,2,7.256
LOW,LOW,1,0,3,2,3.631333333333333
LOW,LOW,0,0,4,2,6.38
HIGH,HIGH,0,7,0,0,5.109999999999999
LOW,LOW,0,1,5,5,7.466
LOW,LOW,0,5,4,3,7.944
LOW,LOW,1,2,2,2,4.022
LOW,LOW,0,1,5,3,5.811999999999999
HIGH,HIGH,0,6,3,2,4.777333333333334
LOW,LOW,1,0,1,0,7.074
HIGH,HIGH,1,7,0,0,3.938
LOW,LOW,1,0,2,0,1.924
LOW,LOW,0,2,3,0,2.69
LOW,LOW,1,4,0,0,2.682
LOW,LOW,1,5,5,2,3.314
LOW,LOW,0,0,3,0,1.774
LOW,LOW,1,3,2,0,2.914
HIGH,HIGH,1,9,3,1,2.9486666666666665
LOW,LOW,1,0,0,0,4.1
HIGH,HIGH,0,8,3,1,3.2386666666666666
HIGH,HIGH,1,6,2,0,1.9
LOW,LOW,1,4,4,0,1.25
LOW,LOW,1,0,5,1,1.35
LOW,LOW,1,5,3,1,0.4106666666666666
LOW,LOW,1,4,1,0,0.604
LOW,LOW,1,3,5,0,0.3
LOW,LOW,1,0,4,0,1.62
LOW,LOW,1,1,2,0,0.6
HIGH,HIGH,1,9,5,1,0.3399999999999999
HIGH,HIGH,1,8,0,0,0.6639999999999999
LOW,LOW,1,5,3,2,0.4753333333333333
LOW,LOW,0,0,2,1,3.5280000000000005
HIGH,HIGH,0,7,5,3,4.388
LOW,LOW,1,4,3,1,4.040666666666667
HIGH,HIGH,1,6,2,1,2.366
HIGH,HIGH,1,7,2,1,0.852
LOW,LOW,1,4,2,0,3.58
LOW,LOW,1,1,2,0,0.736
LOW,LOW,1,2,0,0,3.504
HIGH,HIGH,0,9,5,2,0.6040000000000001
LOW,LOW,1,0,3,1,4.760666666666666
LOW,LOW,0,3,2,1,2.8440000000000003
LOW,LOW,1,2,2,1,3.966
HIGH,HIGH,1,7,5,1,3.028
LOW,LOW,1,5,0,0,1.896
LOW,LOW,1,0,1,0,1.264
LOW,LOW,1,4,0,0,5.584
HIGH,HIGH,1,7,3,1,2.350666666666667
LOW,LOW,1,4,5,1,2.084
LOW,LOW,1,2,1,0,1.0259999999999998
HIGH,HIGH,1,9,0,0,2.87
LOW,LOW,1,5,0,0,1.7000000000000002
LOW,LOW,1,4,3,1,5.882666666666666
LOW,LOW,0,5,2,0,5.418
LOW,LOW,1,5,4,2,4.441999999999999
LOW,LOW,0,5,1,0,3.426
LOW,LOW,0,5,4,2,4.082
HIGH,HIGH,1,7,0,0,3.34
HIGH,HIGH,1,8,1,0,4.244
LOW,LOW,0,4,1,0,3.386
LOW,LOW,1,0,3,2,3.825333333333333
HIGH,HIGH,0,9,3,1,2.5506666666666677
LOW,LOW,0,0,3,1,2.1646666666666667
HIGH,HIGH,1,7,5,2,2.64
HIGH,HIGH,1,8,5,2,4.626
LOW,LOW,1,1,5,3,2.3680000000000003
HIGH,HIGH,1,6,0,0,2.99
LOW,LOW,1,4,0,0,3.31
LOW,LOW,0,3,1,0,3.4080000000000004
LOW,LOW,0,5,1,0,2.098
HIGH,HIGH,0,7,2,1,5.066
HIGH,HIGH,1,6,4,3,4.878
HIGH,HIGH,1,8,3,2,5.907333333333333
LOW,LOW,0,1,2,1,7.08
LOW,LOW,1,4,2,1,5.225999999999999
LOW,LOW,0,2,2,1,4.076
HIGH,HIGH,0,8,5,4,6.418000000000001
HIGH,HIGH,1,6,2,1,6.114
LOW,LOW,1,1,0,0,6.384
HIGH,HIGH,0,8,4,3,7.046
LOW,LOW,0,2,3,2,4.183333333333333
LOW,LOW,1,2,1,0,3.546
HIGH,HIGH,0,8,2,1,3.16
LOW,LOW,0,5,3,1,2.752666666666667
LOW,LOW,1,2,5,2,2.3200000000000003
LOW,LOW,1,2,4,1,2.622
LOW,LOW,0,1,4,2,3.472
HIGH,HIGH,1,7,2,1,2.668
LOW,LOW,0,5,3,1,3.6706666666666665
LOW,LOW,0,4,0,0,2.702
HIGH,HIGH,0,9,4,3,3.3439999999999994
LOW,LOW,0,5,2,0,2.4360000000000004
LOW,LOW,1,5,1,0,1.594
LOW,LOW,1,1,1,0,2.238
LOW,LOW,1,1,4,1,3.244
LOW,LOW,0,0,0,0,4.236
HIGH,HIGH,1,9,1,0,3.512
HIGH,HIGH,0,7,2,1,3.432
LOW,LOW,1,1,4,2,1.7560000000000002
LOW,LOW,0,1,5,3,3.726
LOW,LOW,1,2,1,0,2.966
LOW,LOW,1,0,1,0,4.144
HIGH,HIGH,1,6,3,1,3.7586666666666666
LOW,LOW,1,3,5,3,4.656000000000001
LOW,LOW,0,1,1,0,4.716
LOW,LOW,0,5,0,0,6.224
HIGH,HIGH,0,7,2,1,1.516
LOW,LOW,0,1,0,0,5.0360000000000005
LOW,LOW,1,2,1,0,2.568
HIGH,HIGH,0,8,1,0,3.956
HIGH,HIGH,1,8,4,2,2.106
HIGH,HIGH,0,9,1,0,3.644
HIGH,HIGH,1,6,2,0,2.02
HIGH,HIGH,1,7,1,0,3.508
HIGH,HIGH,1,7,1,0,2.554
LOW,LOW,1,2,3,2,3.031333333333333
HIGH,HIGH,0,9,4,2,2.474
HIGH,HIGH,0,8,5,3,2.15
HIGH,HIGH,1,7,2,0,2.054
LOW,LOW,0,4,3,2,4.259333333333333
HIGH,HIGH,1,8,1,0,1.582
HIGH,HIGH,0,8,0,0,2.718
HIGH,HIGH,0,6,2,1,2.6000000000000005
HIGH,HIGH,1,7,5,2,2.974
HIGH,HIGH,0,7,4,1,4.427999999999999
LOW,LOW,0,4,3,1,1.7726666666666666
LOW,LOW,0,2,2,0,2.834
HIGH,HIGH,1,9,2,0,1.948
LOW,LOW,0,5,5,3,5.014
LOW,LOW,0,0,2,0,3.77
HIGH,HIGH,1,8,4,3,0.928
LOW,LOW,0,4,1,0,2.38
LOW,LOW,1,3,2,1,2.806
LOW,LOW,1,2,0,0,3.19
HIGH,HIGH,1,6,2,0,1.9
LOW,LOW,0,2,4,2,4.452
LOW,LOW,0,4,5,2,5.674
LOW,LOW,1,1,5,2,3.3000000000000003
LOW,LOW,1,0,3,1,3.598666666666667
HIGH,HIGH,1,8,1,0,3.598
HIGH,HIGH,0,7,0,0,1.804
HIGH,HIGH,1,6,4,2,2.672
LOW,LOW,0,0,0,0,3.296
HIGH,HIGH,1,9,5,2,3.106
LOW,LOW,1,5,2,1,3.64
LOW,LOW,0,3,2,1,2.488
LOW,LOW,0,3,5,3,4.408
LOW,LOW,0,1,3,1,5.018666666666666
LOW,LOW,0,1,3,2,3.855333333333333
HIGH,HIGH,0,8,1,0,4.6160000000000005
LOW,LOW,1,4,3,1,2.708666666666667
HIGH,HIGH,1,8,3,2,1.4273333333333331
LOW,LOW,1,5,4,2,2.94
LOW,LOW,1,2,5,3,3.0
LOW,LOW,0,5,0,0,2.758
LOW,LOW,1,5,2,1,4.248
LOW,LOW,1,0,2,0,7.034
HIGH,HIGH,0,6,2,1,4.093999999999999
HIGH,HIGH,1,7,5,2,3.09
LOW,LOW,0,4,4,2,2.846
LOW,LOW,1,2,3,0,0.3
LOW,LOW,1,1,1,0,1.266
LOW,LOW,1,4,4,0,0.6
LOW,LOW,1,1,1,0,1.27
LOW,LOW,1,3,4,0,1.624
HIGH,HIGH,1,6,0,0,0.6619999999999999
LOW,LOW,1,2,2,0,1.534
LOW,LOW,1,5,3,0,0.0
HIGH,HIGH,1,9,2,0,0.8999999999999999
HIGH,HIGH,1,9,4,0,0.0
HIGH,HIGH,0,6,1,1,5.072
LOW,LOW,1,0,0,0,4.532
HIGH,HIGH,0,8,1,0,5.32
LOW,LOW,0,2,5,4,4.966
LOW,LOW,0,2,2,1,6.346
LOW,LOW,1,5,2,1,6.888
HIGH,HIGH,0,9,4,3,7.004
LOW,LOW,0,2,3,2,6.277333333333333
HIGH,HIGH,0,8,3,3,4.34
HIGH,HIGH,1,7,0,0,5.476
HIGH,HIGH,1,7,2,0,0.988
LOW,LOW,1,0,5,0,0.934
LOW,LOW,1,4,1,0,1.002
LOW,LOW,1,2,1,0,0.318
LOW,LOW,1,2,4,0,0.634
HIGH,HIGH,1,9,1,0,0.904
LOW,LOW,1,2,0,0,0.622
LOW,LOW,1,1,2,0,0.978
LOW,LOW,1,3,2,0,0.7839999999999999
LOW,LOW,1,0,1,0,1.232
HIGH,HIGH,1,9,3,0,0.01
LOW,LOW,1,4,1,0,0.73
LOW,LOW,1,0,5,0,0.6679999999999999
HIGH,HIGH,1,9,1,0,0.0
LOW,LOW,1,5,2,0,1.096
HIGH,HIGH,1,8,5,0,1.662
LOW,LOW,1,5,1,0,0.912
LOW,LOW,1,4,0,0,0.0
HIGH,HIGH,1,9,5,0,1.3279999999999998
HIGH,HIGH,1,7,0,0,0.0
HIGH,HIGH,0,8,5,5,5.156000000000001
LOW,LOW,0,0,4,1,6.636
HIGH,HIGH,0,7,4,2,7.356
LOW,LOW,1,0,3,2,6.3853333333333335
HIGH,HIGH,1,8,0,0,5.428
HIGH,HIGH,1,6,5,4,5.0
HIGH,HIGH,0,9,1,0,6.5760000000000005
LOW,LOW,0,5,0,0,6.095999999999999
LOW,LOW,0,0,1,0,5.755999999999999
HIGH,HIGH,0,8,3,2,5.617333333333334
LOW,LOW,1,3,5,3,3.602
HIGH,HIGH,1,8,4,2,0.4
HIGH,HIGH,1,8,1,0,3.47
LOW,LOW,1,5,4,1,4.492
LOW,LOW,1,1,1,0,2.89
LOW,LOW,1,1,3,1,3.9386666666666654
HIGH,HIGH,0,9,4,2,0.74
LOW,LOW,1,2,2,1,3.972
HIGH,HIGH,1,7,5,3,0.12
HIGH,HIGH,0,8,0,0,5.218
LOW,LOW,0,1,1,0,4.626
HIGH,HIGH,0,9,2,1,2.196
HIGH,HIGH,0,8,4,2,5.096
LOW,LOW,0,4,2,1,2.48
HIGH,HIGH,1,6,3,1,2.9606666666666666
LOW,LOW,0,4,1,0,5.35
LOW,LOW,1,3,4,2,3.632
LOW,LOW,0,2,5,3,1.214
LOW,LOW,1,0,1,0,3.616
LOW,LOW,0,1,5,2,0.8480000000000001
LOW,LOW,1,3,3,0,0.3
LOW,LOW,1,2,3,0,0.65
LOW,LOW,1,5,3,0,1.024
LOW,LOW,1,3,3,1,1.346666666666667
HIGH,HIGH,1,7,3,0,1.348
LOW,LOW,1,5,0,0,0.6
LOW,LOW,1,5,0,0,0.6
LOW,LOW,1,5,4,0,0.386
LOW,LOW,1,2,2,0,0.3339999999999999
HIGH,HIGH,1,6,1,0,0.36
HIGH,HIGH,0,9,4,2,7.31
LOW,LOW,1,3,4,4,5.59
LOW,LOW,0,3,5,4,2.6000000000000005
LOW,LOW,1,0,3,3,4.367999999999999
LOW,LOW,0,0,1,1,7.452
LOW,LOW,0,0,5,5,6.838
LOW,LOW,1,1,5,4,5.561999999999999
LOW,LOW,0,4,3,2,6.797333333333333
HIGH,HIGH,1,8,5,4,6.194
HIGH,HIGH,0,6,3,1,6.552666666666667
LOW,LOW,1,2,4,2,5.536
HIGH,HIGH,1,6,4,3,2.09
LOW,LOW,1,1,1,0,2.64
LOW,LOW,1,0,3,1,2.290666666666667
HIGH,HIGH,1,9,0,0,2.586
HIGH,HIGH,0,8,0,0,3.304
LOW,LOW,0,2,2,0,2.038
LOW,LOW,1,3,3,1,2.0386666666666664
HIGH,HIGH,0,9,3,1,5.068666666666667
HIGH,HIGH,1,7,3,1,2.9326666666666665
LOW,LOW,1,5,5,0,1.9
LOW,LOW,1,3,1,0,1.612
LOW,LOW,1,4,2,0,1.586
LOW,LOW,1,5,4,0,1.596
HIGH,HIGH,1,9,0,0,1.254
LOW,LOW,1,1,0,0,0.976
HIGH,HIGH,1,9,3,0,0.304
HIGH,HIGH,1,9,1,0,0.64
LOW,LOW,1,5,3,0,0.0
LOW,LOW,1,3,5,0,0.71
HIGH,HIGH,1,9,0,0,1.742
HIGH,HIGH,1,8,5,0,5.138
LOW,LOW,1,4,1,0,3.534
LOW,LOW,1,5,1,0,4.544
LOW,LOW,1,2,1,0,2.932
LOW,LOW,0,4,4,1,4.319999999999999
HIGH,HIGH,0,8,4,1,3.79
HIGH,HIGH,1,8,0,0,5.238
HIGH,HIGH,1,9,1,0,3.88
LOW,LOW,0,1,4,1,3.046
LOW,LOW,1,5,0,0,3.51
HIGH,HIGH,1,9,0,0,4.134
LOW,LOW,0,1,4,1,5.064
LOW,LOW,0,5,3,1,3.804666666666667
LOW,LOW,0,5,1,0,3.716
LOW,LOW,0,5,2,0,4.978000000000001
HIGH,HIGH,1,7,0,0,3.776
HIGH,HIGH,1,9,5,2,2.398
HIGH,HIGH,0,6,3,2,4.161333333333333
HIGH,HIGH,1,6,5,3,5.656
LOW,LOW,0,2,2,0,4.578
LOW,LOW,1,1,5,2,1.4600000000000002
LOW,LOW,1,5,4,2,4.396
HIGH,HIGH,1,7,5,2,3.666
HIGH,HIGH,1,8,2,0,3.59
LOW,LOW,1,2,4,2,3.62
HIGH,HIGH,1,7,5,2,4.56
LOW,LOW,1,4,1,0,6.532
LOW,LOW,0,4,5,3,4.396
LOW,LOW,1,4,1,0,3.218
LOW,LOW,1,2,1,0,1.25
HIGH,HIGH,1,6,0,0,0.948
LOW,LOW,1,0,2,0,0.952
LOW,LOW,1,1,1,0,0.636
LOW,LOW,1,4,0,0,0.056
HIGH,HIGH,1,6,5,0,1.37
LOW,LOW,1,4,5,0,0.918
LOW,LOW,1,0,0,0,0.0
HIGH,HIGH,1,8,3,0,0.946
HIGH,HIGH,1,9,4,0,0.69
HIGH,HIGH,1,9,4,2,5.595999999999999
LOW,LOW,0,4,0,0,2.89
LOW,LOW,1,2,3,1,3.0986666666666665
LOW,LOW,0,3,2,1,2.8
HIGH,HIGH,1,6,0,0,2.558
LOW,LOW,0,4,2,1,1.768
LOW,LOW,0,0,0,0,2.734
HIGH,HIGH,0,7,4,2,4.39
LOW,LOW,0,3,5,3,4.478
LOW,LOW,1,4,3,1,3.304666666666667
LOW,LOW,1,1,5,2,1.914
LOW,LOW,1,2,1,0,4.168
HIGH,HIGH,1,9,0,0,4.802
HIGH,HIGH,1,7,3,1,3.268666666666667
HIGH,HIGH,1,7,2,1,2.964
LOW,LOW,1,4,3,1,2.618666666666667
LOW,LOW,1,1,5,1,5.504
LOW,LOW,1,2,3,1,2.408666666666667
LOW,LOW,0,5,3,2,0.6993333333333334
LOW,LOW,1,3,3,1,2.1146666666666665
LOW,LOW,0,4,5,3,2.524
LOW,LOW,0,2,2,0,3.3760000000000003
HIGH,HIGH,0,9,1,0,3.724
LOW,LOW,1,0,2,0,3.2
HIGH,HIGH,1,9,5,3,6.582
LOW,LOW,0,3,2,1,2.514
HIGH,HIGH,1,6,2,1,3.652
HIGH,HIGH,0,7,3,1,3.496666666666667
HIGH,HIGH,1,8,2,1,3.276
LOW,LOW,0,1,3,2,2.8473333333333333
HIGH,HIGH,1,6,1,0,0.0
LOW,LOW,1,2,2,0,0.3379999999999999
HIGH,HIGH,1,7,1,0,0.0
LOW,LOW,1,2,1,0,1.23
LOW,LOW,1,0,1,0,0.968
LOW,LOW,1,0,3,0,0.6
LOW,LOW,1,3,2,0,0.008
LOW,LOW,1,1,3,0,0.6
HIGH,HIGH,1,6,1,0,2.314
HIGH,HIGH,1,6,3,0,0.384
LOW,LOW,1,3,0,0,0.6
LOW,LOW,1,4,0,0,0.048
LOW,LOW,1,5,5,0,2.272
LOW,LOW,1,2,3,0,0.06
LOW,LOW,1,2,3,0,0.326
LOW,LOW,1,3,3,0,0.0
LOW,LOW,1,3,1,0,1.292
LOW,LOW,1,4,0,0,0.0
LOW,LOW,1,1,5,1,0.3399999999999999
LOW,LOW,1,0,4,0,0.326
LOW,LOW,0,5,2,1,6.513999999999999
LOW,LOW,1,4,1,0,6.372
HIGH,HIGH,0,6,5,5,6.604
HIGH,HIGH,0,9,1,0,5.914
LOW,LOW,0,1,5,4,4.348
HIGH,HIGH,0,8,4,2,5.765999999999999
HIGH,HIGH,0,8,3,3,6.086
HIGH,HIGH,0,7,1,0,6.246
LOW,LOW,0,1,2,1,5.714
HIGH,HIGH,0,9,4,3,7.148
HIGH,HIGH,0,7,4,3,0.9
LOW,LOW,0,5,0,0,3.052
LOW,LOW,1,2,2,1,3.666
HIGH,HIGH,0,9,1,0,2.766
LOW,LOW,0,5,1,0,2.39
LOW,LOW,1,3,1,0,0.956
LOW,LOW,0,2,0,0,2.696
LOW,LOW,0,4,5,2,4.08
HIGH,HIGH,0,8,5,3,6.034
LOW,LOW,0,2,0,0,3.3840000000000003
LOW,LOW,0,3,3,1,3.7846666666666655
HIGH,HIGH,1,8,1,0,1.916
HIGH,HIGH,1,8,4,1,1.6720000000000002
LOW,LOW,1,0,5,2,3.978
LOW,LOW,0,2,4,2,3.464
LOW,LOW,0,1,1,0,1.106
HIGH,HIGH,0,8,0,0,4.306
LOW,LOW,0,4,1,0,1.162
LOW,LOW,1,1,5,3,4.61
HIGH,HIGH,0,6,4,2,2.49
LOW,LOW,0,5,3,2,5.341333333333334
LOW,LOW,0,2,4,2,6.37
LOW,LOW,0,4,5,4,5.494
LOW,LOW,0,3,2,1,5.811999999999999
HIGH,HIGH,0,6,1,0,8.188
LOW,LOW,1,1,4,4,4.984
HIGH,HIGH,0,6,0,0,3.852
HIGH,HIGH,1,6,2,1,6.102
LOW,LOW,0,2,2,1,5.757999999999999
LOW,LOW,1,3,1,0,3.546
LOW,LOW,1,5,2,1,4.593999999999999
HIGH,HIGH,1,9,2,1,3.584
LOW,LOW,0,0,1,0,2.686
LOW,LOW,1,1,5,4,3.688
HIGH,HIGH,1,7,5,2,1.7320000000000002
LOW,LOW,0,2,3,1,2.804666666666667
LOW,LOW,1,4,3,1,3.270666666666667
HIGH,HIGH,1,9,5,3,3.982
LOW,LOW,1,5,2,0,3.21
HIGH,HIGH,1,7,0,0,3.204
LOW,LOW,0,1,0,0,4.134
HIGH,HIGH,0,6,0,0,5.95
LOW,LOW,0,5,2,1,6.672
HIGH,HIGH,0,8,3,2,5.091333333333334
LOW,LOW,0,4,4,2,5.07
HIGH,HIGH,1,6,3,2,5.5713333333333335
LOW,LOW,0,0,0,0,4.658
HIGH,HIGH,0,6,2,1,4.835999999999999
HIGH,HIGH,1,8,3,2,3.649333333333333
LOW,LOW,1,1,1,0,6.664
LOW,LOW,0,4,4,2,3.744
LOW,LOW,0,2,3,1,6.3406666666666665
HIGH,HIGH,0,6,3,1,5.384666666666667
HIGH,HIGH,0,6,3,1,3.154666666666667
LOW,LOW,1,3,4,2,5.531999999999999
LOW,LOW,0,2,1,0,2.95
LOW,LOW,1,4,2,1,5.243999999999999
LOW,LOW,1,3,1,0,2.678
HIGH,HIGH,1,8,0,0,3.192
HIGH,HIGH,0,6,2,1,2.402
HIGH,HIGH,1,7,4,0,1.546
HIGH,HIGH,1,7,5,1,0.67
HIGH,HIGH,0,6,4,0,1.1639999999999997
HIGH,HIGH,1,9,0,0,0.8999999999999999
LOW,LOW,1,1,5,1,0.068
HIGH,HIGH,1,9,1,0,1.566
LOW,LOW,1,1,1,0,0.6579999999999999
LOW,LOW,1,0,0,0,0.3
HIGH,HIGH,1,6,2,0,0.69
HIGH,HIGH,1,6,2,0,1.6
HIGH,HIGH,0,6,0,0,4.61
LOW,LOW,0,1,4,2,3.744
LOW,LOW,0,2,0,0,1.46
HIGH,HIGH,1,8,5,2,1.618
LOW,LOW,1,0,2,0,1.0339999999999998
LOW,LOW,1,3,5,3,3.45
LOW,LOW,0,2,4,1,1.906
HIGH,HIGH,0,8,0,0,3.4400000000000004
HIGH,HIGH,1,6,2,1,2.382
HIGH,HIGH,1,8,5,2,0.992
LOW,LOW,1,0,2,1,3.258
LOW,LOW,0,3,1,0,2.404
LOW,LOW,0,1,5,2,2.804
LOW,LOW,1,0,4,1,3.59
LOW,LOW,1,2,3,1,3.9926666666666666
HIGH,HIGH,1,9,3,1,3.026666666666667
HIGH,HIGH,1,9,4,3,3.702
LOW,LOW,1,0,1,0,2.61
HIGH,HIGH,1,9,1,0,3.536
LOW,LOW,1,3,1,0,2.574
HIGH,HIGH,1,8,4,1,3.346
LOW,LOW,0,5,5,3,3.5660000000000003
LOW,LOW,1,4,5,2,5.0
HIGH,HIGH,0,6,2,0,5.186
LOW,LOW,1,1,4,0,1.95
LOW,LOW,0,0,5,3,2.576
LOW,LOW,0,3,2,0,2.4440000000000004
LOW,LOW,1,0,0,0,2.508
HIGH,HIGH,1,9,1,0,3.156
LOW,LOW,0,2,5,3,3.756
LOW,LOW,0,5,5,3,6.162
LOW,LOW,1,2,3,1,4.268666666666666
LOW,LOW,1,1,3,1,1.088666666666667
HIGH,HIGH,1,7,4,1,3.8779999999999992
HIGH,HIGH,1,9,1,0,2.2920000000000003
LOW,LOW,1,1,0,0,0.622
LOW,LOW,1,4,1,0,3.842
LOW,LOW,1,4,5,2,3.98
LOW,LOW,1,4,2,1,5.847999999999999
LOW,LOW,1,4,0,0,3.832
LOW,LOW,0,0,5,1,5.41
HIGH,HIGH,0,6,2,1,3.5580000000000003
HIGH,HIGH,1,7,1,0,5.192
LOW,LOW,1,3,5,2,4.682
LOW,LOW,1,4,3,2,2.731333333333333
LOW,LOW,0,3,2,0,2.144
HIGH,HIGH,0,8,3,1,3.0586666666666664
HIGH,HIGH,1,6,3,1,3.9046666666666665
HIGH,HIGH,0,9,1,0,3.8
LOW,LOW,1,4,5,4,3.99
HIGH,HIGH,0,9,4,2,0.5539999999999999
LOW,LOW,1,1,2,1,0.436
LOW,LOW,1,4,2,1,2.99
LOW,LOW,1,4,0,0,4.13
LOW,LOW,0,2,2,1,4.148
HIGH,HIGH,1,7,0,0,4.853999999999999
HIGH,HIGH,1,6,2,1,5.895999999999999
HIGH,HIGH,0,6,0,0,4.377999999999999
HIGH,HIGH,0,7,3,1,6.576666666666666
LOW,LOW,1,1,5,2,4.888
LOW,LOW,1,3,3,0,1.58
LOW,LOW,1,2,0,0,2.218
HIGH,HIGH,1,8,2,0,0.6679999999999999
LOW,LOW,1,3,1,0,1.616
LOW,LOW,1,5,4,0,0.0
LOW,LOW,1,5,5,1,0.698
LOW,LOW,1,3,0,0,0.978
HIGH,HIGH,1,8,5,1,0.04
LOW,LOW,1,2,4,0,1.33
LOW,LOW,1,3,0,0,0.3399999999999999
LOW,LOW,0,2,4,1,6.2860000000000005
LOW,LOW,0,4,3,1,2.404666666666667
LOW,LOW,1,1,2,1,1.666
HIGH,HIGH,1,7,4,0,1.964
HIGH,HIGH,1,8,4,1,1.318
HIGH,HIGH,0,7,1,0,4.38
HIGH,HIGH,0,8,3,1,2.5586666666666678
HIGH,HIGH,1,9,1,0,2.994
LOW,LOW,1,5,0,0,4.168
LOW,LOW,1,4,4,2,1.408
LOW,LOW,1,4,4,2,6.573999999999999
LOW,LOW,1,4,3,1,3.250666666666667
HIGH,HIGH,1,7,3,1,2.460666666666667
LOW,LOW,1,4,1,0,2.604
LOW,LOW,1,2,3,0,2.338
HIGH,HIGH,0,9,3,1,1.2306666666666666
LOW,LOW,1,0,2,1,3.086
LOW,LOW,1,1,5,3,3.712
LOW,LOW,1,2,5,3,1.42
LOW,LOW,1,4,3,2,3.929333333333333
HIGH,HIGH,1,8,2,0,1.256
LOW,LOW,1,3,5,0,0.944
LOW,LOW,1,0,0,0,0.0
HIGH,HIGH,1,9,1,0,1.2
HIGH,HIGH,1,9,4,0,0.964
LOW,LOW,1,2,5,0,1.598
LOW,LOW,1,5,1,0,0.618
LOW,LOW,1,0,3,0,0.946
HIGH,HIGH,1,9,3,0,1.936
HIGH,HIGH,1,8,2,0,0.614
LOW,LOW,1,3,1,0,0.6839999999999999
LOW,LOW,1,0,2,0,1.58
LOW,LOW,1,4,0,0,1.246
LOW,LOW,1,4,2,0,0.954
HIGH,HIGH,1,8,5,0,1.0419999999999998
HIGH,HIGH,1,9,3,0,0.618
HIGH,HIGH,1,9,2,0,0.3
LOW,LOW,1,0,2,0,1.3279999999999998
HIGH,HIGH,1,9,5,0,0.0
HIGH,HIGH,1,7,1,0,0.974
HIGH,HIGH,0,9,1,0,4.684
LOW,LOW,0,3,4,3,6.084
HIGH,HIGH,0,7,0,0,4.98
LOW,LOW,0,2,3,2,5.895333333333333
LOW,LOW,0,0,1,0,4.666
HIGH,HIGH,1,6,5,4,6.232
HIGH,HIGH,0,6,1,1,5.154
LOW,LOW,0,1,2,1,6.272
LOW,LOW,0,0,0,0,6.396
LOW,LOW,0,0,1,0,4.526
LOW,LOW,1,5,4,1,1.7680000000000002
LOW,LOW,1,5,5,2,2.742
LOW,LOW,0,3,3,1,4.022666666666667
LOW,LOW,1,3,0,0,2.274
HIGH,HIGH,0,6,5,2,5.090000000000001
HIGH,HIGH,1,6,4,1,3.628
LOW,LOW,0,2,3,1,5.666666666666666
LOW,LOW,1,2,0,0,6.114
LOW,LOW,1,2,4,2,3.418
LOW,LOW,1,2,0,0,4.204
HIGH,HIGH,1,6,5,3,6.522
LOW,LOW,0,3,2,0,3.524
LOW,LOW,0,3,0,0,3.048
HIGH,HIGH,0,6,3,2,2.9353333333333333
HIGH,HIGH,0,8,1,0,3.31
LOW,LOW,0,2,1,0,3.4560000000000004
LOW,LOW,0,4,4,2,2.808
LOW,LOW,1,5,4,1,1.986
LOW,LOW,0,0,4,2,2.268
LOW,LOW,0,4,2,1,5.709999999999999
LOW,LOW,0,2,3,0,3.98
LOW,LOW,0,1,2,1,5.066
LOW,LOW,1,0,3,2,3.635333333333333
LOW,LOW,1,4,2,1,1.982
HIGH,HIGH,0,9,3,0,1.116
LOW,LOW,1,4,0,0,2.856
LOW,LOW,1,2,0,0,3.828
LOW,LOW,1,4,0,0,3.5
LOW,LOW,0,3,0,0,4.46
HIGH,HIGH,1,9,2,1,5.175999999999999
LOW,LOW,1,1,0,0,5.715999999999999
LOW,LOW,1,3,5,3,6.848
HIGH,HIGH,0,7,0,0,5.996
HIGH,HIGH,0,7,5,3,4.732000000000001
LOW,LOW,0,2,4,2,4.694
HIGH,HIGH,0,6,5,3,5.222
HIGH,HIGH,0,8,2,1,5.46
HIGH,HIGH,0,8,5,3,6.746
LOW,LOW,0,1,4,3,6.412000000000001
HIGH,HIGH,0,7,0,0,4.622000000000001
HIGH,HIGH,1,6,3,0,0.344
LOW,LOW,1,5,0,0,0.308
HIGH,HIGH,1,8,3,0,0.702
HIGH,HIGH,1,6,3,0,1.244
LOW,LOW,1,2,3,0,0.612
HIGH,HIGH,1,6,4,0,0.646
HIGH,HIGH,1,9,0,0,0.97
HIGH,HIGH,1,6,3,1,0.9846666666666666
HIGH,HIGH,1,8,0,0,0.0
LOW,LOW,1,1,4,0,1.3
LOW,LOW,0,1,1,0,3.054
LOW,LOW,1,1,0,0,1.656
LOW,LOW,1,1,2,1,2.366
HIGH,HIGH,1,6,5,3,1.6840000000000002
HIGH,HIGH,0,7,4,1,2.794
LOW,LOW,1,5,2,1,4.951999999999999
LOW,LOW,0,0,3,1,4.440666666666666
HIGH,HIGH,1,9,4,3,3.328
LOW,LOW,0,0,5,2,3.224
LOW,LOW,0,5,4,2,4.14
LOW,LOW,1,0,1,0,0.352
HIGH,HIGH,1,6,5,0,1.596
LOW,LOW,1,4,4,1,0.35
LOW,LOW,1,3,5,1,1.318
HIGH,HIGH,1,8,3,0,1.622
HIGH,HIGH,1,8,3,1,1.6446666666666667
HIGH,HIGH,1,8,2,0,1.596
LOW,LOW,1,2,1,0,0.604
HIGH,HIGH,1,7,4,0,0.3
HIGH,HIGH,1,7,4,0,0.642
LOW,LOW,0,5,4,2,7.419999999999999
LOW,LOW,0,3,2,1,8.113999999999999
LOW,LOW,0,2,0,0,5.382
LOW,LOW,0,3,1,0,3.112
HIGH,HIGH,1,6,4,4,5.332
HIGH,HIGH,0,8,4,2,5.048
HIGH,HIGH,0,7,3,2,5.607333333333333
HIGH,HIGH,1,8,3,2,3.731333333333333
LOW,LOW,1,0,5,4,5.892
HIGH,HIGH,1,9,2,1,6.168
HIGH,HIGH,1,7,5,2,2.608
HIGH,HIGH,1,9,2,0,1.9
LOW,LOW,0,3,0,0,2.324
LOW,LOW,1,3,2,0,2.648
LOW,LOW,1,4,4,3,1.744
LOW,LOW,1,5,4,0,1.922
LOW,LOW,1,0,2,0,3.224
LOW,LOW,1,1,1,0,3.818
LOW,LOW,0,1,3,1,2.4746666666666672
LOW,LOW,1,5,4,1,3.308
LOW,LOW,1,5,4,2,4.835999999999999
LOW,LOW,0,4,3,0,0.244
LOW,LOW,1,5,3,1,4.898666666666666
HIGH,HIGH,1,8,3,1,2.0326666666666666
LOW,LOW,0,2,2,1,4.072
HIGH,HIGH,1,9,2,1,4.876
LOW,LOW,1,1,5,3,6.204
HIGH,HIGH,0,6,4,2,2.738
LOW,LOW,1,0,5,1,1.678
LOW,LOW,0,3,1,0,2.706
HIGH,HIGH,1,9,1,0,4.454000000000001
LOW,LOW,0,3,4,4,8.068
LOW,LOW,0,4,3,2,6.003333333333334
HIGH,HIGH,0,7,4,3,5.614000000000001
HIGH,HIGH,0,8,0,0,4.634
HIGH,HIGH,0,8,2,1,6.304
LOW,LOW,0,1,5,5,7.148000000000001
HIGH,HIGH,0,8,0,0,6.087999999999999
LOW,LOW,0,0,3,2,6.683333333333335
HIGH,HIGH,0,6,4,2,4.84
LOW,LOW,1,5,1,0,4.218
LOW,LOW,0,1,1,0,3.652
HIGH,HIGH,1,7,2,0,4.154
LOW,LOW,1,4,5,2,2.954
HIGH,HIGH,1,8,0,0,1.282
LOW,LOW,0,0,4,1,3.714
HIGH,HIGH,1,6,0,0,4.752
LOW,LOW,1,3,2,0,2.89
LOW,LOW,0,0,3,1,3.4506666666666668
LOW,LOW,0,2,1,0,3.658
LOW,LOW,1,4,2,1,3.638
HIGH,HIGH,1,8,5,3,1.648
LOW,LOW,1,5,1,0,2.314
LOW,LOW,0,0,5,2,3.762
LOW,LOW,0,0,0,0,4.304
LOW,LOW,1,1,1,0,4.804
HIGH,HIGH,1,7,3,1,4.322666666666667
LOW,LOW,0,4,2,1,1.622
LOW,LOW,1,1,2,0,3.272
LOW,LOW,1,1,5,1,5.839999999999999
HIGH,HIGH,0,9,4,1,4.319999999999999
LOW,LOW,0,4,2,0,3.078
HIGH,HIGH,1,9,2,1,5.175999999999999
LOW,LOW,0,4,5,2,5.1240000000000006
LOW,LOW,1,0,0,0,0.6679999999999999
HIGH,HIGH,0,8,5,3,3.856
LOW,LOW,0,0,5,2,5.3500000000000005
HIGH,HIGH,1,8,2,0,0.8999999999999999
HIGH,HIGH,0,6,5,1,4.016
HIGH,HIGH,1,9,4,3,3.012
LOW,LOW,1,3,2,0,1.274
LOW,LOW,1,2,4,2,1.0719999999999998
LOW,LOW,0,5,1,0,0.794
LOW,LOW,1,2,3,1,5.500666666666666
LOW,LOW,0,1,3,1,0.9186666666666666
HIGH,HIGH,1,7,0,0,3.19
LOW,LOW,1,1,3,2,3.745333333333333
LOW,LOW,1,0,1,0,1.894
LOW,LOW,1,3,3,2,2.1893333333333334
LOW,LOW,1,2,4,1,1.378
LOW,LOW,0,2,2,1,6.105999999999999
LOW,LOW,0,2,1,1,3.482
HIGH,HIGH,0,9,3,2,7.013333333333334
LOW,LOW,1,2,0,0,6.398
HIGH,HIGH,0,9,0,0,7.278
LOW,LOW,1,5,1,0,5.417999999999999
HIGH,HIGH,0,7,1,0,4.924
HIGH,HIGH,0,9,2,1,5.541999999999999
LOW,LOW,0,2,2,1,6.388
LOW,LOW,0,0,0,0,5.652
HIGH,HIGH,1,6,0,0,2.712
HIGH,HIGH,1,6,3,0,1.3
HIGH,HIGH,1,8,1,0,3.936
HIGH,HIGH,0,8,4,2,3.406
LOW,LOW,1,4,1,0,2.234
HIGH,HIGH,1,7,3,1,6.410666666666667
HIGH,HIGH,1,7,4,2,1.0
LOW,LOW,1,5,5,3,2.156
HIGH,HIGH,1,6,1,0,4.76
LOW,LOW,1,0,4,1,1.03
LOW,LOW,1,4,1,0,0.8999999999999999
HIGH,HIGH,1,9,3,0,0.642
HIGH,HIGH,1,7,4,0,0.628
LOW,LOW,1,5,0,0,1.258
HIGH,HIGH,1,9,4,0,0.946
HIGH,HIGH,1,6,1,0,0.618
LOW,LOW,1,2,2,0,0.942
LOW,LOW,1,2,5,0,0.634
HIGH,HIGH,1,7,1,0,0.0
LOW,LOW,1,5,1,0,0.64
LOW,LOW,0,3,1,0,3.3960000000000004
LOW,LOW,1,5,2,1,3.564
HIGH,HIGH,0,6,2,1,4.132
HIGH,HIGH,0,9,3,1,3.504666666666667
HIGH,HIGH,0,9,0,0,2.674
HIGH,HIGH,1,8,1,0,3.95
LOW,LOW,1,5,3,1,3.678666666666667
LOW,LOW,0,4,0,0,3.402
HIGH,HIGH,1,6,4,2,4.244
HIGH,HIGH,0,8,4,3,3.764
LOW,LOW,1,5,2,0,0.354
LOW,LOW,1,5,3,0,0.0
HIGH,HIGH,1,8,5,0,1.282
LOW,LOW,1,3,0,0,0.322
LOW,LOW,1,2,4,0,0.0
LOW,LOW,1,0,4,0,1.95
LOW,LOW,1,4,5,0,0.0
LOW,LOW,1,5,0,0,0.3
HIGH,HIGH,1,6,5,0,0.06
LOW,LOW,1,5,4,1,0.05
LOW,LOW,1,3,4,2,4.238
HIGH,HIGH,0,7,0,0,4.728000000000001
HIGH,HIGH,1,7,3,2,3.649333333333333
HIGH,HIGH,0,6,3,1,4.144666666666667
LOW,LOW,0,3,2,1,4.422
LOW,LOW,1,3,3,1,3.9406666666666665
LOW,LOW,1,5,4,3,1.726
LOW,LOW,1,1,2,1,1.094
HIGH,HIGH,1,9,3,1,1.9706666666666663
HIGH,HIGH,1,7,5,2,2.022
LOW,LOW,0,3,1,0,6.362
LOW,LOW,0,3,2,1,5.096
LOW,LOW,0,3,5,5,4.862000000000001
HIGH,HIGH,0,7,2,1,6.02
HIGH,HIGH,0,7,2,2,6.168
HIGH,HIGH,0,7,5,4,5.082000000000001
LOW,LOW,0,5,3,1,5.164666666666666
LOW,LOW,1,2,2,1,7.465999999999999
LOW,LOW,0,4,5,4,6.319999999999999
LOW,LOW,1,0,3,2,5.913333333333333
LOW,LOW,1,1,4,0,1.94
HIGH,HIGH,1,8,5,0,0.0
HIGH,HIGH,1,6,3,1,0.0666666666666666
HIGH,HIGH,1,6,5,0,0.98
LOW,LOW,1,2,3,0,1.51
LOW,LOW,1,1,0,0,0.0
HIGH,HIGH,1,9,0,0,1.204
HIGH,HIGH,1,6,4,0,1.618
LOW,LOW,1,4,3,0,0.328
HIGH,HIGH,1,8,0,0,1.606
HIGH,HIGH,1,9,3,1,3.216666666666667
LOW,LOW,0,4,0,0,5.386
LOW,LOW,1,3,1,0,4.104
LOW,LOW,1,3,5,2,3.09
LOW,LOW,1,4,5,3,4.198
LOW,LOW,0,1,4,2,1.0499999999999998
HIGH,HIGH,1,8,2,1,3.628
HIGH,HIGH,1,6,4,3,6.012
HIGH,HIGH,1,9,4,2,3.934
LOW,LOW,0,2,1,0,2.078
LOW,LOW,1,0,4,2,2.066
HIGH,HIGH,1,7,2,0,3.536
LOW,LOW,1,1,0,0,3.274
HIGH,HIGH,1,6,4,2,4.296
LOW,LOW,1,1,2,1,4.029999999999999
LOW,LOW,1,1,4,2,3.722
HIGH,HIGH,1,8,5,3,2.326
LOW,LOW,1,0,4,1,4.348
LOW,LOW,0,5,5,2,3.372
LOW,LOW,1,2,1,0,2.58
LOW,LOW,1,1,1,0,0.3
LOW,LOW,1,4,4,0,1.294
HIGH,HIGH,1,6,0,0,1.836
HIGH,HIGH,1,6,0,0,1.896
LOW,LOW,1,4,4,0,0.0
LOW,LOW,1,1,0,0,0.354
LOW,LOW,1,0,0,0,0.3
LOW,LOW,1,5,3,0,0.3
LOW,LOW,1,0,2,0,0.0
HIGH,HIGH,1,7,0,0,0.6599999999999999
HIGH,HIGH,1,8,1,0,2.59
LOW,LOW,0,3,5,2,0.552
HIGH,HIGH,1,8,4,3,0.85
HIGH,HIGH,0,9,2,1,0.926
LOW,LOW,0,3,2,1,5.088
LOW,LOW,0,4,4,3,4.474
LOW,LOW,1,0,3,2,4.547333333333334
HIGH,HIGH,1,7,1,0,3.524
LOW,LOW,0,1,4,2,2.4760000000000004
HIGH,HIGH,1,8,5,2,3.314
LOW,LOW,1,4,0,0,4.494
LOW,LOW,1,5,0,0,3.804
HIGH,HIGH,1,9,2,1,3.15
LOW,LOW,1,4,2,0,3.872
LOW,LOW,0,0,1,0,6.574
LOW,LOW,0,2,1,0,1.754
LOW,LOW,1,4,5,3,1.148
HIGH,HIGH,1,6,5,3,3.608
HIGH,HIGH,1,8,2,1,0.458
LOW,LOW,1,4,4,2,0.834
LOW,LOW,1,3,4,0,0.962
LOW,LOW,1,1,0,0,0.64
LOW,LOW,1,3,2,0,0.3
HIGH,HIGH,1,6,1,0,1.566
LOW,LOW,1,3,1,0,1.0359999999999998
LOW,LOW,1,4,1,0,1.266
HIGH,HIGH,1,8,0,0,0.312
HIGH,HIGH,1,7,0,0,0.696
HIGH,HIGH,1,9,2,0,0.974
HIGH,HIGH,1,6,3,0,0.32
HIGH,HIGH,0,8,5,4,6.122
LOW,LOW,1,0,1,0,7.263999999999999
HIGH,HIGH,0,9,2,1,6.84
LOW,LOW,0,2,4,3,7.022
LOW,LOW,0,2,1,0,5.608
HIGH,HIGH,0,7,2,1,6.195999999999999
LOW,LOW,0,1,2,1,6.149999999999999
LOW,LOW,0,1,5,4,7.168
LOW,LOW,1,4,3,2,5.8853333333333335
LOW,LOW,0,1,5,3,4.95
LOW,LOW,0,0,3,2,0.9933333333333332
LOW,LOW,1,0,0,0,3.256
LOW,LOW,0,2,5,2,2.438
LOW,LOW,0,5,4,2,2.5860000000000003
LOW,LOW,0,2,2,1,4.056
LOW,LOW,1,2,5,2,3.86
LOW,LOW,0,5,2,1,2.132
HIGH,HIGH,1,7,3,1,1.7606666666666668
HIGH,HIGH,1,7,4,2,4.62
HIGH,HIGH,1,7,0,0,1.308
LOW,LOW,1,4,1,0,4.124
LOW,LOW,1,2,2,1,4.224
LOW,LOW,1,5,3,1,3.060666666666666
LOW,LOW,0,4,1,0,1.808
HIGH,HIGH,0,8,1,0,4.244
LOW,LOW,1,3,5,2,4.604
HIGH,HIGH,0,8,3,1,4.096666666666667
HIGH,HIGH,1,6,3,2,1.7293333333333334
HIGH,HIGH,1,9,1,0,3.226
HIGH,HIGH,0,6,1,0,2.724
HIGH,HIGH,0,7,1,0,2.424
LOW,LOW,0,2,0,0,4.75
LOW,LOW,1,5,2,1,0.7
LOW,LOW,1,3,3,1,6.180666666666666
LOW,LOW,0,4,1,0,3.66
LOW,LOW,1,3,5,3,5.876
HIGH,HIGH,0,6,2,1,5.066
LOW,LOW,0,3,1,0,0.5
LOW,LOW,0,2,3,1,5.342666666666666
LOW,LOW,0,1,3,2,1.3093333333333332
LOW,LOW,0,5,3,1,2.4066666666666667
HIGH,HIGH,1,7,1,0,4.278
LOW,LOW,0,4,5,3,3.158
LOW,LOW,1,5,1,0,2.582
HIGH,HIGH,1,9,1,0,2.838
HIGH,HIGH,1,7,4,2,2.132
LOW,LOW,1,3,4,2,2.138
HIGH,HIGH,1,9,1,0,1.642
LOW,LOW,1,1,5,2,1.664
LOW,LOW,1,5,5,1,4.6000000000000005
LOW,LOW,0,3,3,2,6.345333333333334
LOW,LOW,0,3,1,0,5.787999999999999
LOW,LOW,0,3,1,0,5.359999999999999
HIGH,HIGH,0,6,1,0,5.568
LOW,LOW,1,1,1,0,5.462
HIGH,HIGH,1,7,0,0,4.526
HIGH,HIGH,0,9,1,0,6.94
HIGH,HIGH,0,7,4,3,5.714
LOW,LOW,1,1,5,2,6.220000000000001
HIGH,HIGH,0,6,0,0,4.151999999999999
LOW,LOW,0,0,1,0,2.068
LOW,LOW,0,0,4,1,4.680000000000001
LOW,LOW,1,1,4,3,2.816
LOW,LOW,1,5,0,0,2.874
HIGH,HIGH,1,6,1,0,4.13
LOW,LOW,1,0,2,1,1.648
LOW,LOW,1,2,3,2,5.049333333333333
HIGH,HIGH,0,7,5,2,3.482
LOW,LOW,1,1,5,2,3.61
HIGH,HIGH,0,6,5,2,3.808
LOW,LOW,0,3,3,2,5.855333333333333
LOW,LOW,0,3,3,2,6.789333333333333
HIGH,HIGH,1,9,4,3,7.851999999999999
LOW,LOW,0,4,5,4,5.712
LOW,LOW,0,0,2,1,7.303999999999999
LOW,LOW,1,5,4,3,7.52
LOW,LOW,0,5,1,0,7.337999999999999
HIGH,HIGH,0,9,1,0,8.778
HIGH,HIGH,0,6,1,0,4.648000000000001
LOW,LOW,0,4,4,3,5.45
LOW,LOW,0,4,1,0,0.852
LOW,LOW,0,2,4,2,0.966
LOW,LOW,1,4,5,2,3.934
LOW,LOW,1,2,1,0,0.97
HIGH,HIGH,0,9,4,2,5.114
LOW,LOW,1,4,1,0,4.924
HIGH,HIGH,1,7,5,3,5.577999999999999
LOW,LOW,0,4,5,3,4.518
HIGH,HIGH,0,8,2,0,0.5
LOW,LOW,0,0,3,2,1.6053333333333333
LOW,LOW,1,1,5,0,1.234
HIGH,HIGH,1,9,2,0,0.0
LOW,LOW,1,1,3,0,0.0
LOW,LOW,1,3,1,0,0.0
LOW,LOW,1,1,4,0,1.934
LOW,LOW,1,1,4,0,1.926
LOW,LOW,1,2,2,0,0.044
LOW,LOW,1,0,5,1,0.686
LOW,LOW,1,2,2,0,2.272
LOW,LOW,1,0,5,0,0.032
HIGH,HIGH,0,6,3,3,6.164
HIGH,HIGH,0,9,5,4,6.914
LOW,LOW,1,4,3,1,6.0906666666666665
HIGH,HIGH,0,8,3,1,8.232666666666667
HIGH,HIGH,0,7,4,3,3.576
LOW,LOW,1,4,1,0,5.457999999999999
LOW,LOW,0,3,2,1,6.028
LOW,LOW,0,0,3,3,6.281999999999999
LOW,LOW,0,4,5,4,3.962
LOW,LOW,0,4,4,2,6.304
LOW,LOW,0,4,5,3,3.882
LOW,LOW,1,0,5,3,2.98
HIGH,HIGH,1,6,3,2,3.909333333333333
LOW,LOW,0,4,0,0,5.902
HIGH,HIGH,0,9,2,1,3.83
LOW,LOW,0,4,3,2,2.841333333333333
LOW,LOW,1,5,0,0,2.872
LOW,LOW,1,1,3,1,5.212666666666666
LOW,LOW,0,0,1,0,3.4720000000000004
LOW,LOW,0,2,0,0,1.0499999999999998
LOW,LOW,1,0,3,1,2.6486666666666667
LOW,LOW,1,4,0,0,3.78
HIGH,HIGH,1,7,3,2,1.7233333333333334
LOW,LOW,0,0,1,0,4.964
LOW,LOW,0,4,0,0,2.4160000000000004
LOW,LOW,1,1,3,2,4.295333333333334
LOW,LOW,1,0,2,1,1.4700000000000002
LOW,LOW,1,2,4,2,5.001999999999999
LOW,LOW,0,5,4,1,3.0939999999999994
HIGH,HIGH,1,6,1,0,2.842
LOW,LOW,1,4,5,3,4.324
LOW,LOW,0,0,3,1,5.048666666666667
LOW,LOW,1,2,5,2,2.2840000000000003
LOW,LOW,1,3,1,0,3.848
LOW,LOW,0,1,0,0,3.096
LOW,LOW,0,1,2,1,2.086
HIGH,HIGH,0,9,5,3,3.4760000000000004
LOW,LOW,0,5,2,0,2.748
LOW,LOW,1,5,2,0,3.202
HIGH,HIGH,0,8,4,2,4.136
LOW,LOW,1,0,4,3,0.878
HIGH,HIGH,1,9,4,2,0.43
HIGH,HIGH,1,8,0,0,5.132
HIGH,HIGH,1,8,1,0,0.6679999999999999
HIGH,HIGH,0,7,2,1,5.73
LOW,LOW,1,0,1,0,0.724
LOW,LOW,1,2,3,0,0.724
HIGH,HIGH,0,9,0,0,4.126
LOW,LOW,1,0,4,3,3.0
HIGH,HIGH,1,7,4,2,0.72
HIGH,HIGH,0,7,3,1,4.706666666666667
HIGH,HIGH,1,9,3,1,3.094666666666667
HIGH,HIGH,0,9,4,1,2.746
LOW,LOW,0,4,5,1,3.368
HIGH,HIGH,1,9,0,0,1.878
LOW,LOW,1,1,0,0,5.142
HIGH,HIGH,1,6,5,2,2.6
LOW,LOW,0,2,3,2,2.299333333333333
HIGH,HIGH,1,6,5,3,4.550000000000001
LOW,LOW,0,4,0,0,3.01
LOW,LOW,0,2,0,0,4.924
HIGH,HIGH,1,9,1,0,1.562
HIGH,HIGH,0,6,2,1,4.8
HIGH,HIGH,1,7,0,0,2.256
LOW,LOW,0,0,3,2,4.463333333333334
LOW,LOW,0,1,1,0,3.066
LOW,LOW,0,1,1,0,3.768
LOW,LOW,0,4,3,1,0.8946666666666667
LOW,LOW,1,1,5,2,5.581999999999999
HIGH,HIGH,1,8,4,2,2.644
LOW,LOW,1,4,1,0,5.46
HIGH,HIGH,0,6,2,1,5.784
LOW,LOW,0,3,0,0,8.806
HIGH,HIGH,0,9,1,0,7.026
LOW,LOW,0,1,4,2,6.149999999999999
LOW,LOW,1,1,0,0,5.377999999999999
LOW,LOW,0,5,5,3,7.594
LOW,LOW,0,2,2,1,9.25
HIGH,HIGH,0,7,5,5,4.82
LOW,LOW,0,1,2,1,7.703999999999999
LOW,LOW,1,5,1,0,0.6799999999999999
HIGH,HIGH,1,6,4,0,1.268
LOW,LOW,1,0,0,0,1.346
HIGH,HIGH,1,7,1,0,0.644
LOW,LOW,1,4,1,0,0.6659999999999999
HIGH,HIGH,1,7,4,0,0.618
LOW,LOW,1,2,3,0,0.91
HIGH,HIGH,1,9,2,0,2.276
LOW,LOW,1,0,3,0,0.3
HIGH,HIGH,1,9,0,0,0.0
HIGH,HIGH,0,6,4,2,5.402
LOW,LOW,1,2,2,1,3.268
LOW,LOW,0,1,2,0,2.148
LOW,LOW,0,2,3,1,3.4946666666666677
HIGH,HIGH,1,8,4,2,5.196
LOW,LOW,1,4,2,1,3.322
HIGH,HIGH,1,7,3,2,3.939333333333333
LOW,LOW,1,1,2,1,1.6780000000000002
LOW,LOW,0,2,4,1,2.056
LOW,LOW,1,1,3,1,2.0046666666666666
HIGH,HIGH,1,8,2,1,0.202
LOW,LOW,0,3,2,1,3.452
LOW,LOW,1,1,1,0,3.964
LOW,LOW,1,2,2,0,4.893999999999999
LOW,LOW,1,2,0,0,1.744
HIGH,HIGH,1,8,3,1,0.9846666666666666
HIGH,HIGH,1,7,5,2,2.278
LOW,LOW,0,3,5,2,3.792
HIGH,HIGH,1,8,1,0,5.492
LOW,LOW,1,4,1,0,2.278
LOW,LOW,1,3,5,2,1.644
LOW,LOW,1,0,0,0,2.276
HIGH,HIGH,1,8,0,0,3.546
HIGH,HIGH,0,8,4,2,1.182
HIGH,HIGH,1,8,4,2,3.98
LOW,LOW,1,3,4,1,1.7680000000000002
LOW,LOW,1,0,2,0,3.994
HIGH,HIGH,1,8,0,0,2.538
LOW,LOW,1,4,0,0,2.2880000000000003
HIGH,HIGH,1,6,3,2,4.105333333333333
LOW,LOW,1,5,4,3,5.186
HIGH,HIGH,0,7,2,1,6.123999999999999
HIGH,HIGH,0,8,4,3,5.48
LOW,LOW,0,3,1,0,5.654
LOW,LOW,1,0,3,2,7.437333333333333
HIGH,HIGH,1,8,2,2,5.548
LOW,LOW,0,5,2,2,5.1000000000000005
HIGH,HIGH,1,7,3,2,3.4173333333333336
LOW,LOW,1,1,0,0,3.846
LOW,LOW,0,3,2,1,4.406
LOW,LOW,1,3,2,0,2.482
LOW,LOW,0,2,3,1,4.742666666666667
LOW,LOW,0,2,4,1,3.714
LOW,LOW,1,0,4,1,1.658
HIGH,HIGH,1,8,5,4,2.198
LOW,LOW,1,4,2,1,3.074
LOW,LOW,1,4,2,0,4.158
HIGH,HIGH,1,7,2,1,3.94
HIGH,HIGH,0,6,1,0,2.644
LOW,LOW,0,3,2,1,2.794
HIGH,HIGH,1,6,2,0,0.614
HIGH,HIGH,1,6,5,0,2.576
LOW,LOW,1,2,5,1,1.684
LOW,LOW,1,4,5,1,0.372
HIGH,HIGH,1,7,4,0,0.978
LOW,LOW,1,5,0,0,1.972
LOW,LOW,1,2,1,0,0.328
LOW,LOW,1,5,3,0,0.044
LOW,LOW,1,1,1,0,0.3
LOW,LOW,1,5,2,0,0.962
HIGH,HIGH,0,8,5,4,4.880000000000001
LOW,LOW,0,1,0,0,6.5520000000000005
HIGH,HIGH,0,6,5,3,6.65
HIGH,HIGH,0,7,3,2,7.327333333333334
LOW,LOW,1,5,0,0,7.645999999999999
LOW,LOW,0,3,2,1,6.093999999999999
LOW,LOW,0,2,0,0,4.640000000000001
LOW,LOW,1,4,3,2,6.6113333333333335
LOW,LOW,0,2,0,0,4.772
LOW,LOW,0,2,4,3,3.56
LOW,LOW,1,4,5,4,3.4000000000000004
LOW,LOW,0,3,0,0,3.292
HIGH,HIGH,1,6,0,0,2.85
LOW,LOW,1,1,2,1,6.084
HIGH,HIGH,1,6,4,2,3.92
LOW,LOW,1,2,1,0,3.52
LOW,LOW,0,0,4,1,2.398
HIGH,HIGH,0,7,1,0,2.99
HIGH,HIGH,1,7,3,1,3.214666666666667
HIGH,HIGH,0,7,0,0,4.284
LOW,LOW,0,1,2,1,3.968
HIGH,HIGH,1,9,5,4,6.564
HIGH,HIGH,0,9,4,2,6.69
LOW,LOW,1,2,0,0,5.744
LOW,LOW,0,2,4,3,7.0360000000000005
LOW,LOW,1,5,2,1,6.842
HIGH,HIGH,0,6,5,4,6.01
LOW,LOW,0,5,5,5,5.88
LOW,LOW,0,5,5,3,10.336
LOW,LOW,0,2,0,0,6.572
LOW,LOW,0,5,1,0,5.244
LOW,LOW,0,5,1,0,1.692
LOW,LOW,1,0,5,4,5.606
LOW,LOW,0,4,2,1,2.51
HIGH,HIGH,0,8,5,3,0.57
LOW,LOW,0,1,4,2,3.4480000000000004
HIGH,HIGH,1,8,2,1,2.7960000000000003
LOW,LOW,1,3,3,1,4.318666666666666
LOW,LOW,0,0,4,1,4.085999999999999
HIGH,HIGH,0,6,2,0,4.966
LOW,LOW,0,3,1,0,1.7999999999999998
HIGH,HIGH,1,9,1,0,3.182
HIGH,HIGH,1,6,1,0,2.21
HIGH,HIGH,1,8,5,1,2.984
LOW,LOW,1,0,3,1,3.258666666666667
LOW,LOW,1,5,3,1,3.272666666666667
LOW,LOW,0,0,4,1,2.406
LOW,LOW,0,2,2,1,2.2
HIGH,HIGH,0,9,5,3,2.896
LOW,LOW,1,5,4,1,2.042
HIGH,HIGH,1,6,5,2,3.706
HIGH,HIGH,1,8,1,0,2.16
LOW,LOW,0,4,5,2,5.644
HIGH,HIGH,0,9,1,0,4.91
LOW,LOW,1,1,0,0,3.18
HIGH,HIGH,0,7,5,2,3.4040000000000004
LOW,LOW,0,2,0,0,0.756
HIGH,HIGH,0,6,1,0,0.4499999999999999
HIGH,HIGH,1,7,0,0,1.938
HIGH,HIGH,1,7,1,0,4.917999999999999
LOW,LOW,0,2,3,0,3.346
LOW,LOW,1,3,3,2,4.907333333333334
LOW,LOW,1,3,5,1,3.004
LOW,LOW,0,1,1,0,3.836
LOW,LOW,0,1,0,0,4.036
LOW,LOW,0,1,3,1,3.6266666666666665
HIGH,HIGH,1,7,5,2,4.384
LOW,LOW,1,4,5,3,5.276
LOW,LOW,0,1,5,1,1.472
LOW,LOW,1,3,3,1,2.0586666666666664
LOW,LOW,1,3,2,1,2.964
LOW,LOW,0,2,1,0,2.382
LOW,LOW,0,1,5,3,2.87
HIGH,HIGH,1,8,2,1,3.146
LOW,LOW,1,2,1,0,5.755999999999999
LOW,LOW,1,5,2,0,2.514
LOW,LOW,1,0,2,0,2.162
LOW,LOW,0,4,5,3,2.85
LOW,LOW,1,3,4,1,3.408
LOW,LOW,1,3,1,0,3.134
LOW,LOW,1,1,0,0,1.348
LOW,LOW,1,2,1,0,0.0
HIGH,HIGH,1,7,4,0,1.526
HIGH,HIGH,1,7,2,0,1.944
LOW,LOW,1,1,4,0,0.0
LOW,LOW,1,2,4,0,0.922
LOW,LOW,1,4,3,0,0.65
LOW,LOW,1,5,4,0,1.672
LOW,LOW,1,2,2,0,0.322
HIGH,HIGH,1,7,0,0,1.398
HIGH,HIGH,1,8,5,3,2.692
HIGH,HIGH,1,9,0,0,3.008
LOW,LOW,1,4,0,0,0.6
HIGH,HIGH,1,8,2,1,3.708
LOW,LOW,1,2,5,2,0.6799999999999999
LOW,LOW,1,0,2,0,2.756
HIGH,HIGH,1,7,4,3,3.4
HIGH,HIGH,0,6,4,1,4.028
LOW,LOW,0,2,2,1,3.798
LOW,LOW,0,2,4,1,2.36
LOW,LOW,1,0,1,0,2.762
HIGH,HIGH,0,7,2,1,2.878
LOW,LOW,1,5,5,2,2.98
HIGH,HIGH,0,8,4,3,3.42
LOW,LOW,1,0,3,2,4.073333333333333
HIGH,HIGH,1,8,4,1,3.354
LOW,LOW,1,5,0,0,1.996
HIGH,HIGH,1,6,0,0,2.99
LOW,LOW,1,0,2,1,4.252
HIGH,HIGH,1,8,3,1,1.4186666666666667
LOW,LOW,1,4,1,0,0.0
LOW,LOW,1,3,5,0,0.6599999999999999
LOW,LOW,1,5,5,0,1.636
LOW,LOW,1,5,3,0,1.894
HIGH,HIGH,1,6,3,0,0.692
HIGH,HIGH,1,6,1,0,0.0
HIGH,HIGH,1,8,4,0,0.912
LOW,LOW,1,1,2,0,1.3159999999999998
LOW,LOW,1,4,3,0,0.928
LOW,LOW,1,3,5,0,0.92
HIGH,HIGH,0,8,3,1,6.378666666666667
LOW,LOW,0,5,1,1,6.273999999999999
LOW,LOW,1,3,3,2,6.541333333333334
LOW,LOW,0,5,0,0,8.65
HIGH,HIGH,0,8,5,3,6.672000000000001
LOW,LOW,0,5,4,3,3.25
HIGH,HIGH,0,9,1,0,7.486
LOW,LOW,0,1,1,1,5.308
LOW,LOW,0,1,4,2,6.336
LOW,LOW,1,0,3,2,7.189333333333334
HIGH,HIGH,1,7,0,0,0.3999999999999999
LOW,LOW,1,1,2,0,1.0379999999999998
LOW,LOW,1,3,0,0,0.3319999999999999
HIGH,HIGH,1,7,4,0,2.22
HIGH,HIGH,1,9,0,0,0.8999999999999999
HIGH,HIGH,1,9,2,0,0.3
LOW,LOW,1,2,4,0,0.992
HIGH,HIGH,1,6,1,0,1.092
LOW,LOW,1,1,5,0,0.634
HIGH,HIGH,1,8,5,0,0.06
HIGH,HIGH,0,9,2,0,4.037999999999999
LOW,LOW,0,3,5,1,5.956
LOW,LOW,0,2,1,0,2.966
HIGH,HIGH,1,6,5,1,1.648
HIGH,HIGH,0,8,0,0,0.772
HIGH,HIGH,1,6,5,3,2.458
LOW,LOW,0,3,5,2,2.256
HIGH,HIGH,0,6,0,0,1.952
HIGH,HIGH,1,9,0,0,4.236
LOW,LOW,0,1,2,0,2.04
LOW,LOW,1,1,0,0,1.246
LOW,LOW,1,2,0,0,0.71
LOW,LOW,1,2,3,0,1.312
HIGH,HIGH,1,6,4,0,0.688
HIGH,HIGH,1,6,4,1,1.658
LOW,LOW,1,4,1,0,0.3379999999999999
LOW,LOW,1,3,0,0,0.3339999999999999
LOW,LOW,1,0,4,0,1.332
HIGH,HIGH,1,6,4,0,0.3419999999999999
HIGH,HIGH,1,8,0,0,0.052
LOW,LOW,1,1,5,0,0.936
HIGH,HIGH,1,7,5,0,0.946
LOW,LOW,1,4,0,0,1.968
HIGH,HIGH,1,8,1,0,0.316
HIGH,HIGH,1,7,1,0,1.244
LOW,LOW,1,5,2,0,0.0
LOW,LOW,1,4,5,1,1.356
LOW,LOW,1,5,0,0,1.0219999999999998
HIGH,HIGH,1,6,3,0,0.0
LOW,LOW,1,1,3,0,1.216
LOW,LOW,1,0,2,0,1.958
HIGH,HIGH,1,6,0,0,0.954
HIGH,HIGH,1,7,2,0,1.952
HIGH,HIGH,1,7,2,0,0.618
HIGH,HIGH,1,6,5,0,0.91
HIGH,HIGH,1,8,3,0,0.994
LOW,LOW,1,1,4,1,0.15
HIGH,HIGH,1,6,4,0,1.268
LOW,LOW,1,3,3,0,0.644
LOW,LOW,1,2,3,0,0.96
HIGH,HIGH,0,6,1,0,1.744
HIGH,HIGH,1,8,2,0,4.502000000000001
LOW,LOW,0,4,4,3,0.9
HIGH,HIGH,0,6,4,2,5.066
LOW,LOW,0,4,0,0,0.8280000000000001
LOW,LOW,1,4,0,0,5.568
LOW,LOW,1,1,0,0,3.24
LOW,LOW,1,5,4,3,5.874
LOW,LOW,1,2,4,2,4.39
LOW,LOW,0,3,1,0,4.692
HIGH,HIGH,0,9,3,2,3.239333333333333
LOW,LOW,0,1,5,1,4.922000000000001
LOW,LOW,1,1,3,1,1.9886666666666664
LOW,LOW,1,5,5,2,3.566
HIGH,HIGH,1,9,3,2,1.6793333333333331
LOW,LOW,1,4,2,0,4.228
HIGH,HIGH,1,9,0,0,4.436
HIGH,HIGH,1,9,1,0,3.826
HIGH,HIGH,0,7,1,0,3.364
LOW,LOW,0,2,3,1,1.4786666666666666
HIGH,HIGH,1,9,3,2,3.171333333333333
LOW,LOW,1,0,1,0,0.6599999999999999
HIGH,HIGH,1,7,3,2,3.9733333333333327
HIGH,HIGH,1,6,3,1,2.322666666666667
HIGH,HIGH,0,8,1,0,2.4240000000000004
HIGH,HIGH,0,6,5,3,1.376
LOW,LOW,1,4,2,0,0.6
LOW,LOW,1,3,2,1,3.516
HIGH,HIGH,0,9,2,1,1.2639999999999998
LOW,LOW,0,2,3,1,3.774666666666667
HIGH,HIGH,0,9,3,2,4.783333333333334
LOW,LOW,0,0,3,3,6.2
HIGH,HIGH,0,6,5,4,7.106
HIGH,HIGH,0,7,0,0,6.852
LOW,LOW,0,5,4,3,5.046000000000001
LOW,LOW,1,3,5,3,5.542
HIGH,HIGH,0,8,0,0,4.164
HIGH,HIGH,0,8,0,0,4.938000000000001
LOW,LOW,1,2,5,4,3.052
LOW,LOW,1,5,2,1,3.3160000000000003
HIGH,HIGH,1,6,0,0,7.987999999999999
HIGH,HIGH,0,6,3,2,4.381333333333334
HIGH,HIGH,0,9,3,2,3.309333333333333
HIGH,HIGH,0,6,5,2,6.058
HIGH,HIGH,1,6,3,2,5.5713333333333335
LOW,LOW,1,4,3,2,4.327333333333333
LOW,LOW,0,0,2,1,5.859999999999999
LOW,LOW,1,0,1,0,4.484
HIGH,HIGH,0,6,2,1,6.494
LOW,LOW,0,5,5,4,4.764000000000001
LOW,LOW,1,3,5,3,0.124
LOW,LOW,1,1,4,2,5.921999999999999
HIGH,HIGH,0,8,4,3,2.834
LOW,LOW,1,3,5,1,2.96
LOW,LOW,0,5,1,0,0.49
HIGH,HIGH,1,7,1,0,4.048
HIGH,HIGH,0,7,3,2,5.507333333333333
LOW,LOW,1,2,1,0,4.248
HIGH,HIGH,1,6,4,2,4.272
HIGH,HIGH,0,9,4,1,4.031999999999999
HIGH,HIGH,0,7,4,2,3.25
LOW,LOW,0,4,4,2,3.768
LOW,LOW,1,0,1,0,5.14
LOW,LOW,0,3,1,0,3.39
HIGH,HIGH,1,9,2,1,5.384
LOW,LOW,1,1,5,3,5.537999999999999
HIGH,HIGH,0,8,1,0,2.09
LOW,LOW,1,1,3,2,3.649333333333333
LOW,LOW,0,3,4,3,2.678
LOW,LOW,0,0,0,0,3.062
HIGH,HIGH,1,8,0,0,2.3600000000000003
LOW,LOW,1,1,3,1,4.524666666666667
LOW,LOW,0,1,2,1,3.916
HIGH,HIGH,1,8,0,0,2.67
HIGH,HIGH,0,8,5,4,4.790000000000001
LOW,LOW,1,2,2,0,0.6
LOW,LOW,0,4,5,3,0.662
HIGH,HIGH,1,6,3,2,4.291333333333333
LOW,LOW,1,0,3,2,5.245333333333334
HIGH,HIGH,1,8,3,1,3.594666666666667
LOW,LOW,0,2,4,1,5.948
LOW,LOW,0,2,4,1,3.492
LOW,LOW,0,1,4,2,2.72
HIGH,HIGH,1,6,4,2,3.144
HIGH,HIGH,0,7,2,1,4.198
LOW,LOW,1,3,2,1,1.97
LOW,LOW,0,2,2,0,5.35
LOW,LOW,0,1,0,0,5.588
LOW,LOW,1,3,5,2,4.6240000000000006
HIGH,HIGH,0,7,4,2,6.964
LOW,LOW,1,2,2,0,0.32
LOW,LOW,1,2,2,0,1.936
HIGH,HIGH,1,7,2,0,0.948
LOW,LOW,1,1,4,0,0.02
LOW,LOW,1,3,4,0,0.0
HIGH,HIGH,1,9,2,0,1.558
HIGH,HIGH,1,8,5,1,1.026
LOW,LOW,1,3,2,0,0.974
HIGH,HIGH,1,9,3,0,1.89
LOW,LOW,1,5,5,0,0.062
LOW,LOW,0,3,1,0,0.554
HIGH,HIGH,0,9,1,0,0.752
HIGH,HIGH,1,6,4,2,4.656
LOW,LOW,0,1,1,0,3.372
LOW,LOW,0,0,1,0,1.438
LOW,LOW,0,2,5,2,3.838
LOW,LOW,1,5,3,1,2.634666666666667
HIGH,HIGH,0,7,1,0,1.5139999999999998
HIGH,HIGH,1,8,3,2,4.0553333333333335
LOW,LOW,1,4,4,2,3.844
HIGH,HIGH,0,9,3,2,4.105333333333333
HIGH,HIGH,0,9,1,0,5.457999999999999
LOW,LOW,1,3,1,0,6.636
LOW,LOW,1,5,2,2,6.5760000000000005
HIGH,HIGH,0,6,2,1,5.771999999999999
LOW,LOW,1,4,4,4,5.358
HIGH,HIGH,0,7,3,2,6.617333333333334
HIGH,HIGH,0,7,5,4,6.454000000000001
HIGH,HIGH,0,9,0,0,4.164
HIGH,HIGH,1,8,0,0,7.142
LOW,LOW,0,4,1,0,4.938000000000001
LOW,LOW,0,1,2,1,6.992
HIGH,HIGH,0,7,1,0,4.982
LOW,LOW,0,5,5,4,3.868
HIGH,HIGH,0,7,0,0,4.662000000000001
HIGH,HIGH,0,8,1,0,4.182
HIGH,HIGH,1,6,2,1,4.252
HIGH,HIGH,0,9,1,0,7.379999999999999
LOW,LOW,1,1,0,0,6.37
HIGH,HIGH,0,6,0,0,6.388
HIGH,HIGH,1,9,4,3,4.29
LOW,LOW,0,0,3,2,7.081333333333334
HIGH,HIGH,0,6,2,1,8.766
LOW,LOW,0,1,2,1,6.996
HIGH,HIGH,1,8,1,0,5.771999999999999
LOW,LOW,0,4,5,3,2.86
LOW,LOW,1,5,2,1,5.873999999999999
LOW,LOW,0,2,4,3,5.45
LOW,LOW,0,1,3,3,4.890000000000001
HIGH,HIGH,1,7,2,2,5.014
HIGH,HIGH,1,7,0,0,0.002
LOW,LOW,1,4,5,0,0.0
LOW,LOW,1,0,1,0,0.65
LOW,LOW,1,4,0,0,1.254
HIGH,HIGH,1,7,2,0,1.0219999999999998
LOW,LOW,1,1,4,1,1.036
LOW,LOW,1,2,0,0,0.326
HIGH,HIGH,1,7,5,0,0.626
LOW,LOW,1,5,1,0,0.02
LOW,LOW,1,0,3,0,1.28
LOW,LOW,0,5,4,1,2.458
LOW,LOW,1,1,1,0,1.66
HIGH,HIGH,1,7,1,0,2.264
LOW,LOW,0,1,2,1,2.196
LOW,LOW,1,0,3,1,2.1186666666666665
HIGH,HIGH,1,6,0,0,1.614
LOW,LOW,1,0,0,0,2.318
HIGH,HIGH,1,7,5,1,0.43
LOW,LOW,0,3,4,1,4.372
LOW,LOW,1,4,1,0,3.886
LOW,LOW,1,2,1,0,4.626
HIGH,HIGH,0,7,1,0,3.162
HIGH,HIGH,0,6,2,0,4.614000000000001
LOW,LOW,0,1,2,1,4.061999999999999
HIGH,HIGH,1,8,5,2,1.936
HIGH,HIGH,0,9,1,0,1.378
LOW,LOW,1,4,2,1,2.024
HIGH,HIGH,1,7,4,1,3.714
HIGH,HIGH,1,8,4,1,3.576
LOW,LOW,0,5,0,0,4.029999999999999
HIGH,HIGH,1,7,0,0,7.619999999999999
LOW,LOW,0,0,0,0,5.691999999999999
HIGH,HIGH,0,6,2,2,6.62
LOW,LOW,0,4,1,0,5.01
LOW,LOW,0,3,2,1,5.092
HIGH,HIGH,0,9,4,3,6.076
HIGH,HIGH,1,7,0,0,7.058
LOW,LOW,1,3,5,5,6.242
LOW,LOW,0,3,5,3,6.538
HIGH,HIGH,0,8,1,0,5.468
HIGH,HIGH,1,6,2,0,2.236
LOW,LOW,0,2,5,2,2.848
LOW,LOW,0,1,1,0,6.258000000000001
LOW,LOW,1,4,5,2,0.38
LOW,LOW,1,5,4,2,0.2
LOW,LOW,1,1,0,0,3.232
LOW,LOW,1,2,2,0,0.408
HIGH,HIGH,1,6,1,0,5.739999999999999
LOW,LOW,0,5,2,0,4.632000000000001
LOW,LOW,1,0,0,0,3.858
LOW,LOW,0,2,5,2,2.8160000000000003
LOW,LOW,1,5,5,2,4.256
HIGH,HIGH,0,9,0,0,2.356
HIGH,HIGH,1,6,5,2,3.89
HIGH,HIGH,0,7,4,2,2.184
HIGH,HIGH,1,9,4,2,2.97
LOW,LOW,1,2,3,1,3.284666666666667
LOW,LOW,1,5,1,0,2.908
LOW,LOW,1,0,2,1,5.585999999999999
LOW,LOW,0,1,3,2,3.4953333333333334
LOW,LOW,0,1,1,0,2.09
LOW,LOW,1,4,0,0,3.702
HIGH,HIGH,1,7,2,1,5.02
HIGH,HIGH,0,7,4,3,3.484
HIGH,HIGH,1,7,4,2,1.134
LOW,LOW,1,1,1,0,4.138
HIGH,HIGH,1,8,2,0,1.622
HIGH,HIGH,0,6,4,2,5.504
LOW,LOW,0,4,0,0,2.112
HIGH,HIGH,1,8,0,0,4.112
LOW,LOW,1,4,2,0,1.882
LOW,LOW,1,0,1,0,1.242
LOW,LOW,0,2,0,0,3.652
HIGH,HIGH,0,8,5,3,3.5420000000000003
HIGH,HIGH,1,9,0,0,3.216
LOW,LOW,0,4,5,3,3.836
LOW,LOW,1,5,5,1,3.602
LOW,LOW,0,4,3,1,2.428666666666667
LOW,LOW,1,4,0,0,1.92
LOW,LOW,1,0,4,1,3.246
LOW,LOW,1,0,0,0,5.198
HIGH,HIGH,1,9,4,0,3.804
HIGH,HIGH,0,6,5,3,2.834
LOW,LOW,1,5,0,0,3.994
HIGH,HIGH,0,6,5,4,3.844
LOW,LOW,0,3,4,2,1.926
LOW,LOW,0,1,3,1,3.360666666666667
LOW,LOW,0,2,2,1,4.124
LOW,LOW,1,5,2,1,1.4800000000000002
LOW,LOW,0,1,3,1,3.786666666666666
LOW,LOW,1,4,1,0,4.224
LOW,LOW,1,5,1,0,3.606
HIGH,HIGH,0,9,2,1,2.45
HIGH,HIGH,1,9,4,1,1.644
HIGH,HIGH,1,6,1,0,2.3080000000000003
LOW,LOW,0,2,2,0,1.416
LOW,LOW,1,4,4,1,0.4619999999999999
HIGH,HIGH,0,7,0,0,1.516
HIGH,HIGH,1,6,5,2,3.946
HIGH,HIGH,0,7,2,0,2.774
HIGH,HIGH,1,7,4,1,2.332
LOW,LOW,0,4,4,3,4.143999999999999
HIGH,HIGH,0,8,2,1,2.8400000000000003
HIGH,HIGH,1,6,1,0,4.182
HIGH,HIGH,0,9,2,1,2.506
HIGH,HIGH,1,6,3,2,3.719333333333333
LOW,LOW,1,1,4,2,3.692
LOW,LOW,0,2,3,2,2.583333333333333
LOW,LOW,0,1,3,1,1.5166666666666666
HIGH,HIGH,0,9,2,1,2.224
HIGH,HIGH,1,6,5,0,1.002
LOW,LOW,1,2,4,0,1.594
LOW,LOW,1,2,4,0,1.308
LOW,LOW,1,1,4,0,0.728
HIGH,HIGH,1,7,4,0,0.3
HIGH,HIGH,1,7,1,0,1.0179999999999998
LOW,LOW,1,4,3,0,0.0
LOW,LOW,1,3,0,0,1.382
LOW,LOW,1,1,1,0,3.162
LOW,LOW,1,3,1,0,0.002
LOW,LOW,0,3,1,0,0.514
LOW,LOW,0,0,0,0,1.428
LOW,LOW,0,0,2,0,4.3
HIGH,HIGH,1,9,2,1,1.988
HIGH,HIGH,0,8,5,3,6.028
HIGH,HIGH,1,9,0,0,2.224
LOW,LOW,0,3,5,2,5.066
LOW,LOW,0,4,0,0,3.132
LOW,LOW,0,0,2,1,2.778
LOW,LOW,0,3,3,1,4.314666666666667
LOW,LOW,1,1,4,3,4.644
HIGH,HIGH,0,7,4,3,6.5
LOW,LOW,0,4,4,1,6.28
LOW,LOW,0,2,3,2,7.137333333333333
LOW,LOW,0,2,1,0,5.612
LOW,LOW,0,1,2,1,6.3740000000000006
LOW,LOW,1,1,0,0,5.754
HIGH,HIGH,1,8,0,0,5.794
HIGH,HIGH,1,7,0,0,7.037999999999999
HIGH,HIGH,0,9,2,2,7.712
LOW,LOW,0,2,3,1,3.792666666666667
HIGH,HIGH,1,6,3,2,4.923333333333334
LOW,LOW,1,2,3,1,5.164666666666666
LOW,LOW,1,1,0,0,2.572
HIGH,HIGH,1,8,1,0,2.858
HIGH,HIGH,1,7,4,1,4.888
LOW,LOW,1,4,2,0,2.994
LOW,LOW,1,0,4,0,4.124
LOW,LOW,0,1,3,2,3.191333333333333
LOW,LOW,0,0,2,0,1.102
HIGH,HIGH,1,7,1,0,2.3800000000000003
HIGH,HIGH,1,8,5,2,1.962
LOW,LOW,1,1,0,0,3.206
LOW,LOW,0,2,4,2,5.794
LOW,LOW,1,5,5,1,2.902
HIGH,HIGH,1,6,3,1,1.8086666666666664
HIGH,HIGH,1,8,2,1,3.332
HIGH,HIGH,0,7,0,0,4.024
HIGH,HIGH,1,8,5,3,2.038
LOW,LOW,0,2,1,0,3.988
LOW,LOW,0,1,4,3,6.754
HIGH,HIGH,0,9,4,3,4.588000000000001
LOW,LOW,0,4,4,3,5.942
HIGH,HIGH,0,6,1,0,6.556
HIGH,HIGH,0,6,1,1,5.84
LOW,LOW,0,0,3,2,7.201333333333333
LOW,LOW,0,1,3,2,5.655333333333334
HIGH,HIGH,0,7,1,0,7.361999999999999
HIGH,HIGH,0,6,5,4,4.93
HIGH,HIGH,0,7,0,0,4.402
LOW,LOW,0,2,3,2,4.843333333333334
LOW,LOW,0,3,2,1,5.493999999999999
HIGH,HIGH,0,8,0,0,4.708
LOW,LOW,1,5,3,2,7.185333333333333
HIGH,HIGH,1,6,0,0,6.128
LOW,LOW,0,1,1,0,6.728
LOW,LOW,1,4,0,0,6.138
HIGH,HIGH,1,6,1,0,6.082
HIGH,HIGH,0,6,3,3,4.862
LOW,LOW,1,0,5,3,3.918
HIGH,HIGH,1,8,4,0,0.0
HIGH,HIGH,1,6,5,0,0.99
HIGH,HIGH,1,6,5,1,0.04
LOW,LOW,1,0,4,0,0.0
HIGH,HIGH,1,9,4,0,0.6
LOW,LOW,1,0,5,1,1.548
HIGH,HIGH,1,7,0,0,0.976
LOW,LOW,1,5,0,0,0.636
LOW,LOW,1,3,3,0,1.582
LOW,LOW,1,2,3,0,0.6659999999999999
HIGH,HIGH,1,9,3,0,0.0
LOW,LOW,1,5,2,0,0.108
LOW,LOW,1,0,1,0,0.6719999999999999
HIGH,HIGH,1,7,1,0,0.044
HIGH,HIGH,1,8,5,0,0.002
HIGH,HIGH,1,8,2,0,0.0
HIGH,HIGH,1,9,4,0,0.644
LOW,LOW,1,1,3,0,2.24
LOW,LOW,1,5,2,0,1.626
HIGH,HIGH,1,8,3,0,0.614
HIGH,HIGH,0,9,2,1,0.93
LOW,LOW,1,1,5,2,3.928
HIGH,HIGH,1,8,4,2,3.3280000000000003
LOW,LOW,0,1,1,0,3.4560000000000004
LOW,LOW,1,0,0,0,1.954
LOW,LOW,1,2,3,1,4.878666666666667
LOW,LOW,0,0,0,0,3.738
LOW,LOW,1,2,0,0,4.092
LOW,LOW,0,3,0,0,3.426
HIGH,HIGH,1,7,3,2,3.025333333333333
LOW,LOW,0,1,5,2,2.526
HIGH,HIGH,0,8,4,2,2.78
HIGH,HIGH,1,8,2,0,2.22
LOW,LOW,1,0,1,0,4.41
LOW,LOW,0,0,1,0,2.112
LOW,LOW,1,5,2,1,3.608
HIGH,HIGH,1,6,0,0,0.938
LOW,LOW,0,0,1,0,2.4160000000000004
HIGH,HIGH,1,7,4,2,5.552
HIGH,HIGH,0,6,5,3,3.758
LOW,LOW,1,1,2,1,2.958
HIGH,HIGH,0,9,1,0,4.314
LOW,LOW,0,0,0,0,2.758
LOW,LOW,0,3,1,0,3.702
LOW,LOW,0,5,2,2,2.328
HIGH,HIGH,0,7,2,0,2.742
HIGH,HIGH,1,7,3,1,2.288666666666667
LOW,LOW,0,3,5,3,3.19
HIGH,HIGH,1,7,3,0,1.902
LOW,LOW,1,5,4,1,4.578
LOW,LOW,1,3,5,0,1.294
LOW,LOW,1,0,3,0,0.3
LOW,LOW,1,5,0,0,1.3279999999999998
HIGH,HIGH,1,8,3,0,0.6
HIGH,HIGH,1,6,1,0,0.642
HIGH,HIGH,1,7,1,0,1.64
LOW,LOW,1,4,5,0,0.0
LOW,LOW,1,5,3,0,0.308
LOW,LOW,1,3,1,0,0.0999999999999999
LOW,LOW,1,1,0,0,1.296
HIGH,HIGH,0,9,0,0,4.042
LOW,LOW,1,5,3,2,2.4073333333333333
HIGH,HIGH,1,9,0,0,5.406
HIGH,HIGH,1,8,4,2,4.618
HIGH,HIGH,0,6,0,0,2.474
LOW,LOW,1,0,1,0,2.854
LOW,LOW,0,0,3,1,0.8586666666666667
HIGH,HIGH,0,7,5,1,3.682
HIGH,HIGH,1,6,3,1,0.7566666666666666
HIGH,HIGH,0,7,2,1,3.458
LOW,LOW,0,1,3,1,4.988666666666667
HIGH,HIGH,0,9,5,1,3.742
LOW,LOW,0,3,0,0,2.034
HIGH,HIGH,1,6,2,0,4.602
LOW,LOW,1,5,2,1,5.645999999999999
LOW,LOW,0,5,5,2,4.058
HIGH,HIGH,0,7,2,1,3.5600000000000005
LOW,LOW,1,4,3,2,3.947333333333333
LOW,LOW,1,4,5,2,2.69
HIGH,HIGH,0,9,2,0,4.756
LOW,LOW,1,2,0,0,4.292
HIGH,HIGH,1,8,3,1,2.720666666666667
HIGH,HIGH,0,9,4,2,3.156
LOW,LOW,0,4,0,0,2.962
HIGH,HIGH,1,9,0,0,5.464
HIGH,HIGH,1,7,5,2,6.146
HIGH,HIGH,0,7,5,3,5.75
LOW,LOW,0,0,1,0,1.1
LOW,LOW,1,5,1,0,2.864
LOW,LOW,1,2,4,1,2.926
LOW,LOW,0,0,1,0,1.0499999999999998
HIGH,HIGH,1,9,2,1,2.832
LOW,LOW,1,5,4,2,4.965999999999999
HIGH,HIGH,0,6,1,0,2.64
HIGH,HIGH,1,8,0,0,4.796
HIGH,HIGH,1,9,5,2,3.62
LOW,LOW,1,0,0,0,2.756
HIGH,HIGH,0,6,2,1,2.85
LOW,LOW,1,0,0,0,3.91
LOW,LOW,0,5,1,0,2.1
LOW,LOW,1,1,3,1,2.998666666666667
LOW,LOW,1,1,3,1,2.264666666666667
LOW,LOW,1,2,0,0,2.592
LOW,LOW,1,4,3,1,2.9106666666666667
LOW,LOW,1,4,3,2,2.6653333333333333
LOW,LOW,1,2,0,0,3.618
LOW,LOW,1,0,5,2,1.7080000000000002
LOW,LOW,1,5,2,1,3.642
HIGH,HIGH,0,7,2,1,3.834
LOW,LOW,1,3,2,1,3.034
HIGH,HIGH,1,6,1,0,1.522
LOW,LOW,1,5,3,0,0.352
LOW,LOW,1,2,2,0,1.248
LOW,LOW,1,2,2,0,1.298
HIGH,HIGH,1,6,5,0,0.65
HIGH,HIGH,1,7,3,0,1.236
HIGH,HIGH,1,9,2,0,2.176
LOW,LOW,1,2,0,0,0.96
HIGH,HIGH,1,6,1,0,0.392
LOW,LOW,1,0,2,0,0.6659999999999999
HIGH,HIGH,1,9,1,0,1.286
LOW,LOW,1,5,2,0,0.96
LOW,LOW,1,2,1,0,0.6779999999999999
LOW,LOW,1,5,4,0,0.6
LOW,LOW,1,0,2,0,1.552
LOW,LOW,1,0,2,0,0.3
LOW,LOW,1,5,3,0,0.0
LOW,LOW,1,2,0,0,0.932
LOW,LOW,1,3,1,0,0.046
LOW,LOW,1,5,4,0,0.964
LOW,LOW,1,5,5,3,0.5840000000000001
LOW,LOW,0,4,3,1,4.776666666666667
LOW,LOW,1,5,4,2,2.3720000000000003
HIGH,HIGH,1,8,5,1,5.136
HIGH,HIGH,1,8,3,1,4.222666666666667
LOW,LOW,1,5,0,0,2.254
HIGH,HIGH,1,9,2,1,3.59
HIGH,HIGH,1,9,3,1,2.0986666666666665
LOW,LOW,0,0,1,0,5.586
LOW,LOW,1,4,4,1,4.188
LOW,LOW,1,0,0,0,0.362
LOW,LOW,0,0,3,1,3.770666666666667
HIGH,HIGH,1,6,4,3,2.002
HIGH,HIGH,1,8,2,1,3.538
HIGH,HIGH,1,9,5,3,3.926
HIGH,HIGH,0,6,4,1,4.457999999999999
LOW,LOW,1,3,1,0,4.156
LOW,LOW,1,3,5,2,0.986
LOW,LOW,1,1,0,0,0.382
HIGH,HIGH,0,9,0,0,2.4240000000000004
HIGH,HIGH,0,6,3,1,1.3606666666666667
HIGH,HIGH,0,6,1,0,1.158
LOW,LOW,0,5,5,1,3.112
HIGH,HIGH,1,9,5,2,2.054
HIGH,HIGH,1,6,3,1,1.9486666666666663
LOW,LOW,0,5,1,0,2.328
LOW,LOW,0,4,1,0,4.586
LOW,LOW,1,2,3,1,3.8826666666666663
LOW,LOW,1,1,4,2,0.7959999999999999
LOW,LOW,1,3,4,1,2.356
LOW,LOW,0,1,4,2,2.5500000000000003
LOW,LOW,0,1,0,0,4.676
LOW,LOW,0,0,0,0,3.068
HIGH,HIGH,0,7,3,1,4.4046666666666665
LOW,LOW,0,2,5,3,2.9160000000000004
HIGH,HIGH,0,6,0,0,3.036
LOW,LOW,0,2,0,0,2.326
LOW,LOW,1,3,5,3,5.248
LOW,LOW,1,4,4,1,4.3
HIGH,HIGH,0,9,2,0,3.73
HIGH,HIGH,1,9,0,0,3.84
HIGH,HIGH,1,9,4,2,3.3800000000000003
LOW,LOW,1,4,1,0,2.546
LOW,LOW,1,5,3,2,3.769333333333333
HIGH,HIGH,0,8,2,0,3.368
HIGH,HIGH,0,8,4,3,2.18
LOW,LOW,0,2,3,1,2.456666666666667
HIGH,HIGH,0,8,2,1,1.836
LOW,LOW,1,5,2,1,3.346
HIGH,HIGH,0,7,5,4,1.568
LOW,LOW,1,4,5,0,0.606
HIGH,HIGH,1,8,5,0,0.974
HIGH,HIGH,1,9,1,0,0.94
HIGH,HIGH,1,9,5,1,1.7280000000000002
HIGH,HIGH,1,7,3,0,0.412
HIGH,HIGH,1,7,0,0,1.854
LOW,LOW,1,2,4,0,0.0
HIGH,HIGH,1,6,2,0,0.028
LOW,LOW,1,4,2,0,0.366
LOW,LOW,1,3,2,0,1.292
HIGH,HIGH,1,7,2,1,3.616
LOW,LOW,1,4,0,0,1.614
HIGH,HIGH,0,7,1,0,3.43
LOW,LOW,0,4,1,0,1.536
HIGH,HIGH,0,7,1,0,3.298
LOW,LOW,0,4,3,2,3.437333333333333
HIGH,HIGH,0,7,0,0,2.088
HIGH,HIGH,0,9,1,0,4.302
LOW,LOW,0,4,3,1,1.7826666666666666
LOW,LOW,1,2,2,0,2.554
LOW,LOW,1,4,4,2,5.841999999999999
LOW,LOW,0,2,2,1,4.706
HIGH,HIGH,0,8,1,0,5.648
LOW,LOW,1,0,0,0,5.412
LOW,LOW,0,1,1,0,5.771999999999999
LOW,LOW,1,3,4,3,3.32
HIGH,HIGH,0,6,3,2,6.241333333333333
HIGH,HIGH,0,8,1,0,6.894
LOW,LOW,0,1,4,3,8.290000000000001
LOW,LOW,0,4,5,3,4.73
LOW,LOW,1,3,0,0,2.884
LOW,LOW,1,2,2,1,4.648
LOW,LOW,0,4,0,0,4.294
LOW,LOW,1,3,5,3,2.102
LOW,LOW,0,0,4,2,1.866
LOW,LOW,0,5,3,2,3.485333333333333
HIGH,HIGH,0,6,1,0,2.738
LOW,LOW,1,2,4,2,2.362
HIGH,HIGH,1,8,1,0,2.546
LOW,LOW,1,1,1,0,5.088
HIGH,HIGH,0,7,2,0,2.4320000000000004
LOW,LOW,0,5,3,1,0.8166666666666667
LOW,LOW,0,0,1,0,1.4959999999999998
HIGH,HIGH,1,7,4,1,3.934
LOW,LOW,1,5,2,1,2.406
LOW,LOW,1,4,0,0,3.518
HIGH,HIGH,1,8,0,0,4.545999999999999
LOW,LOW,1,0,1,0,4.246
LOW,LOW,0,0,3,1,4.7026666666666666
LOW,LOW,0,4,5,3,3.72
LOW,LOW,1,0,4,2,1.6880000000000002
LOW,LOW,0,4,5,3,5.15
LOW,LOW,1,3,2,1,1.6780000000000002
HIGH,HIGH,0,9,5,3,4.682
HIGH,HIGH,0,7,5,2,3.07
HIGH,HIGH,0,9,1,0,6.214
HIGH,HIGH,1,8,5,3,0.72
LOW,LOW,0,5,3,2,3.161333333333333
HIGH,HIGH,0,6,5,3,0.764
LOW,LOW,1,1,5,2,4.3
LOW,LOW,0,4,5,2,5.0680000000000005
LOW,LOW,0,2,1,0,3.69
LOW,LOW,1,4,0,0,1.02
LOW,LOW,0,1,0,0,2.696
LOW,LOW,0,5,2,1,0.886
LOW,LOW,0,2,1,0,2.424
LOW,LOW,0,0,0,0,4.388
HIGH,HIGH,0,9,5,3,0.936
LOW,LOW,1,1,5,4,4.066
HIGH,HIGH,1,6,1,0,2.504
LOW,LOW,1,2,3,2,4.681333333333334
HIGH,HIGH,1,6,5,2,2.734
LOW,LOW,0,4,2,1,2.508
HIGH,HIGH,1,8,4,1,3.254
LOW,LOW,0,3,5,3,3.382
HIGH,HIGH,0,8,5,2,1.918
HIGH,HIGH,0,7,4,1,3.39
LOW,LOW,1,0,4,1,3.686
LOW,LOW,0,2,3,1,3.1086666666666667
LOW,LOW,0,4,2,1,2.182
HIGH,HIGH,1,9,3,0,0.656
LOW,LOW,1,2,1,0,1.242
LOW,LOW,1,2,3,0,1.612
LOW,LOW,1,2,2,0,1.334
LOW,LOW,1,0,1,0,0.106
LOW,LOW,1,2,4,0,0.008
HIGH,HIGH,1,9,3,0,0.3
HIGH,HIGH,1,9,1,0,0.354
HIGH,HIGH,1,9,2,0,1.204
HIGH,HIGH,1,6,0,0,0.0
HIGH,HIGH,1,8,2,1,6.617999999999999
LOW,LOW,0,2,4,2,3.1899999999999995
HIGH,HIGH,1,7,2,1,8.088
LOW,LOW,0,2,3,2,5.741333333333333
HIGH,HIGH,0,6,5,4,8.492
HIGH,HIGH,0,9,5,4,5.152
LOW,LOW,0,2,1,0,4.143999999999999
LOW,LOW,1,4,4,4,6.932
HIGH,HIGH,0,8,1,1,3.85
LOW,LOW,0,4,4,3,6.5360000000000005
LOW,LOW,1,5,3,0,0.6659999999999999
LOW,LOW,1,0,1,0,0.716
LOW,LOW,1,1,1,0,1.218
LOW,LOW,1,2,5,0,1.626
LOW,LOW,1,2,3,0,0.006
LOW,LOW,1,4,2,0,0.072
HIGH,HIGH,1,6,3,0,1.342
HIGH,HIGH,1,7,2,0,1.314
LOW,LOW,1,4,3,0,0.3
LOW,LOW,1,4,4,0,0.3
LOW,LOW,1,0,2,0,0.944
LOW,LOW,1,3,1,0,1.97
HIGH,HIGH,1,9,4,1,1.582
LOW,LOW,1,2,0,0,0.012
HIGH,HIGH,1,7,4,0,0.982
LOW,LOW,1,0,1,0,1.63
HIGH,HIGH,1,6,0,0,1.924
LOW,LOW,1,0,5,0,1.222
LOW,LOW,1,1,5,1,0.048
LOW,LOW,1,0,0,0,1.574
HIGH,HIGH,0,8,2,0,2.06
LOW,LOW,1,1,0,0,3.944
LOW,LOW,1,1,0,0,2.874
HIGH,HIGH,0,7,2,0,3.072
HIGH,HIGH,1,8,0,0,2.3160000000000003
HIGH,HIGH,0,7,2,1,3.17
HIGH,HIGH,1,8,3,2,3.721333333333333
LOW,LOW,1,5,2,0,3.514
HIGH,HIGH,1,9,1,0,1.904
LOW,LOW,0,1,2,1,3.84
LOW,LOW,1,4,4,2,6.532
LOW,LOW,0,0,0,0,4.042
LOW,LOW,1,3,4,3,5.856
HIGH,HIGH,0,9,5,5,6.502000000000001
LOW,LOW,0,1,5,3,6.322000000000001
HIGH,HIGH,1,9,0,0,4.814
LOW,LOW,0,1,1,1,7.424
LOW,LOW,0,2,3,2,6.391333333333335
HIGH,HIGH,1,6,1,0,5.42
LOW,LOW,0,4,1,0,7.861999999999999
HIGH,HIGH,1,6,4,1,2.9519999999999995
LOW,LOW,0,0,1,0,2.678
LOW,LOW,1,5,0,0,1.302
LOW,LOW,1,3,3,1,1.6506666666666667
HIGH,HIGH,1,8,4,1,3.36
LOW,LOW,1,2,0,0,1.62
LOW,LOW,0,1,0,0,0.506
HIGH,HIGH,1,6,1,0,2.006
HIGH,HIGH,1,7,1,0,1.004
LOW,LOW,1,2,3,1,2.1366666666666667
LOW,LOW,0,3,4,1,6.618
LOW,LOW,1,3,2,0,2.642
HIGH,HIGH,0,9,2,1,1.26
LOW,LOW,1,0,3,1,3.190666666666667
LOW,LOW,1,5,1,0,0.626
HIGH,HIGH,0,6,5,1,1.15
HIGH,HIGH,0,9,0,0,3.638
LOW,LOW,1,1,0,0,5.438
HIGH,HIGH,1,8,2,1,4.609999999999999
LOW,LOW,0,5,3,1,6.704666666666666
LOW,LOW,1,4,4,0,0.3379999999999999
LOW,LOW,1,2,1,0,1.632
LOW,LOW,1,4,1,0,2.234
LOW,LOW,1,5,0,0,1.298
LOW,LOW,1,2,3,0,1.0779999999999998
HIGH,HIGH,1,9,4,0,0.6
LOW,LOW,1,2,0,0,1.296
HIGH,HIGH,1,6,4,0,0.982
LOW,LOW,1,2,4,1,1.068
LOW,LOW,0,3,4,1,0.906
LOW,LOW,0,5,3,2,2.797333333333333
HIGH,HIGH,1,7,5,1,1.336
HIGH,HIGH,0,9,0,0,2.7
LOW,LOW,0,2,5,4,1.5539999999999998
LOW,LOW,1,5,3,1,4.246666666666667
HIGH,HIGH,1,9,3,1,2.1006666666666667
LOW,LOW,1,4,5,4,2.5380000000000003
LOW,LOW,0,1,3,1,1.5226666666666666
HIGH,HIGH,1,6,2,1,2.746
LOW,LOW,1,5,1,0,3.214
HIGH,HIGH,1,8,1,0,2.584
LOW,LOW,0,1,0,0,3.3800000000000003
HIGH,HIGH,0,9,1,0,0.848
LOW,LOW,1,5,0,0,2.994
LOW,LOW,1,0,0,0,6.108
HIGH,HIGH,0,9,4,1,0.8140000000000001
LOW,LOW,0,3,0,0,4.674
LOW,LOW,1,1,1,0,3.854
HIGH,HIGH,0,8,1,0,1.41
HIGH,HIGH,1,8,2,1,1.6760000000000002
LOW,LOW,1,0,4,2,2.604
LOW,LOW,1,0,5,2,0.98
LOW,LOW,0,1,2,1,4.73
LOW,LOW,1,0,4,0,2.908
HIGH,HIGH,1,6,3,1,3.262666666666667
LOW,LOW,1,2,0,0,2.228
LOW,LOW,0,0,2,1,1.536
LOW,LOW,1,2,2,1,5.231999999999999
LOW,LOW,0,3,3,0,3.694
LOW,LOW,0,2,5,1,3.1
LOW,LOW,0,2,5,4,1.254
HIGH,HIGH,1,8,3,1,4.236666666666666
HIGH,HIGH,0,6,3,2,4.785333333333334
HIGH,HIGH,1,6,0,0,2.896
HIGH,HIGH,0,8,3,2,1.2833333333333332
HIGH,HIGH,1,7,0,0,7.132
HIGH,HIGH,0,8,4,2,3.598
LOW,LOW,0,0,4,3,5.726
LOW,LOW,0,3,4,2,2.454
LOW,LOW,1,2,3,1,3.538666666666667
HIGH,HIGH,0,8,1,1,4.548
HIGH,HIGH,0,8,1,0,8.968
HIGH,HIGH,0,9,4,2,4.832
HIGH,HIGH,1,8,5,3,6.5520000000000005
HIGH,HIGH,0,6,3,3,5.746
HIGH,HIGH,0,6,5,4,6.524
LOW,LOW,0,4,0,0,5.944
LOW,LOW,0,5,5,4,7.376
LOW,LOW,1,2,0,0,5.802
LOW,LOW,0,2,5,2,5.754
LOW,LOW,0,5,3,1,5.392666666666667
LOW,LOW,0,4,2,1,4.8
LOW,LOW,0,1,1,0,5.981999999999999
LOW,LOW,1,4,3,3,6.039999999999999
LOW,LOW,0,0,4,3,3.584
HIGH,HIGH,0,7,1,0,6.526000000000001
HIGH,HIGH,1,8,4,3,4.882000000000001
HIGH,HIGH,0,8,2,1,9.416
LOW,LOW,0,2,5,4,4.632000000000001
HIGH,HIGH,0,9,4,3,6.824000000000001
LOW,LOW,1,1,2,1,4.322
LOW,LOW,0,2,0,0,2.396
HIGH,HIGH,0,7,4,3,6.1
HIGH,HIGH,0,6,0,0,5.698
LOW,LOW,1,3,5,4,6.938
LOW,LOW,1,1,0,0,5.702
LOW,LOW,0,0,4,4,7.056
LOW,LOW,0,1,2,1,5.688
HIGH,HIGH,1,7,0,0,5.1
LOW,LOW,0,5,5,5,5.8
LOW,LOW,0,1,3,2,7.389333333333333
LOW,LOW,0,0,0,0,4.632000000000001
LOW,LOW,0,3,2,1,6.1
LOW,LOW,0,5,5,4,4.846
LOW,LOW,0,1,2,1,6.652
LOW,LOW,1,0,1,0,6.736
LOW,LOW,0,4,4,3,6.0840000000000005
LOW,LOW,0,5,4,2,5.568
LOW,LOW,0,1,2,1,5.044
HIGH,HIGH,1,7,0,0,5.802
HIGH,HIGH,0,9,5,1,2.774
LOW,LOW,0,1,2,1,4.178
LOW,LOW,1,2,2,1,2.042
HIGH,HIGH,1,6,1,0,3.254
HIGH,HIGH,0,7,4,2,4.379999999999999
LOW,LOW,0,4,2,0,3.682
LOW,LOW,1,2,5,4,3.706
LOW,LOW,0,2,2,1,2.854
LOW,LOW,0,4,3,2,2.559333333333333
LOW,LOW,0,5,0,0,1.416
LOW,LOW,1,4,1,0,3.562
LOW,LOW,1,5,2,1,2.938
LOW,LOW,1,1,1,0,4.142
LOW,LOW,0,5,5,1,0.54
LOW,LOW,0,0,3,1,2.504666666666667
HIGH,HIGH,1,7,3,2,4.267333333333333
LOW,LOW,1,5,2,1,5.285999999999999
LOW,LOW,1,5,2,0,3.766
HIGH,HIGH,0,8,2,1,4.164
LOW,LOW,1,4,0,0,2.916
LOW,LOW,1,3,1,0,3.274
HIGH,HIGH,0,7,2,1,3.48
LOW,LOW,0,4,3,1,3.4626666666666672
HIGH,HIGH,0,9,2,1,4.812
LOW,LOW,0,5,1,0,2.048
HIGH,HIGH,1,7,0,0,3.174
LOW,LOW,0,1,1,0,4.045999999999999
LOW,LOW,1,0,3,1,1.9946666666666664
LOW,LOW,0,3,3,1,3.0886666666666667
LOW,LOW,0,0,5,3,2.276
LOW,LOW,0,2,4,3,5.132000000000001
LOW,LOW,0,2,1,0,7.172
HIGH,HIGH,0,8,0,0,3.744
HIGH,HIGH,0,8,0,0,6.368
HIGH,HIGH,0,9,3,2,5.445333333333334
HIGH,HIGH,1,6,5,4,5.858
HIGH,HIGH,0,9,5,4,6.386
LOW,LOW,0,3,0,0,4.372
LOW,LOW,0,0,0,0,4.039999999999999
LOW,LOW,0,5,3,2,6.697333333333334
LOW,LOW,1,1,2,1,5.114
LOW,LOW,0,3,0,0,6.2700000000000005
HIGH,HIGH,0,8,4,2,5.763999999999999
LOW,LOW,0,1,1,0,4.944
LOW,LOW,0,4,5,5,5.49
HIGH,HIGH,0,6,3,2,4.809333333333334
LOW,LOW,0,4,2,0,2.7
HIGH,HIGH,0,9,0,0,6.024
LOW,LOW,1,1,0,0,6.708
HIGH,HIGH,0,6,0,0,6.028
HIGH,HIGH,1,8,3,1,4.604666666666667
LOW,LOW,0,1,4,1,4.039999999999999
LOW,LOW,1,4,1,0,4.19
LOW,LOW,0,0,2,1,2.8920000000000003
LOW,LOW,1,1,3,1,4.884666666666666
LOW,LOW,0,5,4,2,1.208
HIGH,HIGH,1,7,4,1,3.192
HIGH,HIGH,0,9,4,2,0.5519999999999999
HIGH,HIGH,1,6,5,3,3.322
LOW,LOW,0,3,0,0,3.466
HIGH,HIGH,1,6,4,2,4.59
LOW,LOW,1,3,3,1,3.230666666666667
HIGH,HIGH,1,6,5,2,0.18
LOW,LOW,0,3,1,0,2.47
LOW,LOW,1,0,3,2,1.9973333333333327
LOW,LOW,1,1,5,3,3.082
LOW,LOW,0,1,5,3,5.106000000000001
HIGH,HIGH,0,6,4,2,4.676
LOW,LOW,1,2,5,2,1.6920000000000002
HIGH,HIGH,1,9,2,1,4.572
HIGH,HIGH,1,7,1,0,1.252
LOW,LOW,1,5,1,0,0.622
LOW,LOW,1,2,4,0,1.866
LOW,LOW,1,1,0,0,0.648
HIGH,HIGH,1,7,5,0,1.286
HIGH,HIGH,1,9,1,0,1.582
LOW,LOW,1,0,2,0,0.0
LOW,LOW,1,1,3,0,0.958
HIGH,HIGH,1,9,2,0,0.95
HIGH,HIGH,1,9,5,0,0.6
HIGH,HIGH,1,9,1,0,3.828
LOW,LOW,1,0,1,0,3.198
LOW,LOW,0,1,3,2,1.3313333333333333
LOW,LOW,0,3,2,1,4.718
HIGH,HIGH,1,9,0,0,1.59
LOW,LOW,1,5,5,3,1.17
LOW,LOW,1,5,4,2,2.982
LOW,LOW,1,3,3,2,4.255333333333334
HIGH,HIGH,0,7,3,1,4.172666666666666
HIGH,HIGH,1,9,0,0,0.314
LOW,LOW,1,5,0,0,1.288
HIGH,HIGH,0,9,0,0,3.344
HIGH,HIGH,0,7,2,1,3.3960000000000004
LOW,LOW,0,0,1,0,2.67
HIGH,HIGH,0,6,3,1,2.460666666666667
LOW,LOW,0,2,4,2,5.106
HIGH,HIGH,1,8,0,0,3.904
LOW,LOW,1,3,2,1,5.665999999999999
HIGH,HIGH,0,9,2,1,2.148
LOW,LOW,1,5,3,1,3.9326666666666665
HIGH,HIGH,0,6,3,1,2.510666666666667
LOW,LOW,1,4,0,0,2.018
LOW,LOW,1,4,0,0,4.444
LOW,LOW,1,3,1,0,3.878
LOW,LOW,1,4,4,2,4.322
HIGH,HIGH,1,6,2,1,2.394
LOW,LOW,1,5,3,1,0.6886666666666666
LOW,LOW,1,0,0,0,4.404
HIGH,HIGH,1,8,3,0,5.537999999999999
LOW,LOW,1,5,2,0,2.594
HIGH,HIGH,1,7,1,0,3.572
LOW,LOW,1,3,0,0,3.564
LOW,LOW,0,1,0,0,2.782
LOW,LOW,0,1,2,1,5.068
LOW,LOW,1,0,1,1,2.506
LOW,LOW,0,0,4,2,5.088
HIGH,HIGH,0,7,5,3,0.91
LOW,LOW,1,2,0,0,2.55
LOW,LOW,0,2,4,2,2.786
HIGH,HIGH,1,7,5,3,4.896
LOW,LOW,1,0,4,3,4.676
LOW,LOW,0,5,5,2,2.8040000000000003
HIGH,HIGH,0,6,0,0,2.696
HIGH,HIGH,0,7,3,1,2.504666666666667
LOW,LOW,1,4,2,0,3.822
HIGH,HIGH,1,9,5,3,1.7220000000000002
HIGH,HIGH,1,9,5,2,3.914
LOW,LOW,0,4,2,1,2.5240000000000005
LOW,LOW,0,2,3,1,3.1306666666666665
LOW,LOW,1,0,1,0,3.122
HIGH,HIGH,1,9,0,0,3.65
LOW,LOW,1,5,2,1,2.636
LOW,LOW,1,0,3,1,3.248666666666667
HIGH,HIGH,1,6,5,4,1.47
HIGH,HIGH,0,6,1,0,2.986
LOW,LOW,0,3,0,0,4.972
LOW,LOW,0,1,5,2,2.486
LOW,LOW,0,4,3,1,3.500666666666667
LOW,LOW,1,4,1,0,3.658
LOW,LOW,0,1,3,1,2.800666666666667
HIGH,HIGH,1,7,0,0,6.378
HIGH,HIGH,0,6,3,1,5.664666666666666
LOW,LOW,0,5,5,3,5.682
HIGH,HIGH,0,6,1,0,5.464
LOW,LOW,0,4,3,2,3.333333333333333
LOW,LOW,0,5,0,0,6.5920000000000005
LOW,LOW,1,2,0,0,2.854
LOW,LOW,0,5,0,0,7.612
LOW,LOW,1,1,1,0,6.062
LOW,LOW,1,0,3,2,8.439333333333334
LOW,LOW,1,5,4,0,1.342
HIGH,HIGH,1,8,0,0,0.6679999999999999
LOW,LOW,1,4,3,0,0.358
LOW,LOW,1,1,1,0,1.256
LOW,LOW,1,0,1,0,1.554
LOW,LOW,1,3,2,0,0.944
LOW,LOW,1,1,3,0,0.6
HIGH,HIGH,1,8,1,0,0.05
LOW,LOW,1,3,3,0,1.272
LOW,LOW,1,1,4,0,1.304
LOW,LOW,1,3,2,0,1.228
HIGH,HIGH,1,8,5,1,0.366
LOW,LOW,1,2,5,0,1.006
HIGH,HIGH,1,6,5,0,0.0999999999999999
LOW,LOW,1,0,0,0,1.604
LOW,LOW,1,4,3,0,0.6
LOW,LOW,1,5,3,0,0.8999999999999999
LOW,LOW,1,3,1,0,0.3
LOW,LOW,1,4,5,0,1.26
HIGH,HIGH,1,7,5,1,1.308
HIGH,HIGH,1,7,2,1,1.6940000000000002
LOW,LOW,1,0,5,3,3.724
LOW,LOW,0,4,0,0,2.782
LOW,LOW,0,5,5,3,1.2439999999999998
LOW,LOW,1,2,5,5,5.367999999999999
LOW,LOW,0,3,5,3,2.636
HIGH,HIGH,1,9,4,2,2.672
HIGH,HIGH,1,6,3,1,2.1346666666666665
HIGH,HIGH,1,9,3,0,4.64
HIGH,HIGH,0,7,2,0,2.4800000000000004
HIGH,HIGH,1,7,5,1,2.5
LOW,LOW,0,2,2,1,2.498
HIGH,HIGH,0,6,2,1,3.408
HIGH,HIGH,0,8,2,0,3.696
LOW,LOW,0,3,1,0,2.068
HIGH,HIGH,0,9,5,3,0.64
HIGH,HIGH,1,8,3,2,3.293333333333333
LOW,LOW,0,5,3,0,4.354
HIGH,HIGH,0,9,0,0,1.866
LOW,LOW,0,3,2,0,2.406
LOW,LOW,0,4,4,2,0.868
HIGH,HIGH,1,6,2,1,3.268
LOW,LOW,0,1,1,0,2.072
LOW,LOW,1,4,0,0,3.802
LOW,LOW,1,1,0,0,0.722
LOW,LOW,0,3,0,0,3.466
LOW,LOW,0,0,2,0,2.712
LOW,LOW,0,2,1,0,0.4579999999999999
LOW,LOW,0,5,4,2,6.06
LOW,LOW,1,2,5,4,2.5280000000000005
HIGH,HIGH,0,6,4,3,3.496
LOW,LOW,1,0,5,2,2.666
LOW,LOW,0,2,3,1,3.798666666666666
LOW,LOW,1,2,3,1,3.298666666666667
LOW,LOW,0,2,2,1,3.778
LOW,LOW,0,5,2,1,1.842
LOW,LOW,1,5,3,1,0.6906666666666667
HIGH,HIGH,0,8,3,1,3.1486666666666663
LOW,LOW,0,5,2,0,3.686
HIGH,HIGH,1,7,4,2,2.738
HIGH,HIGH,0,8,1,0,5.749999999999999
LOW,LOW,0,4,0,0,6.2700000000000005
LOW,LOW,0,0,4,3,5.554
HIGH,HIGH,0,8,4,2,6.201999999999999
LOW,LOW,1,5,4,3,3.346
LOW,LOW,1,5,2,1,6.842
HIGH,HIGH,1,7,1,0,4.16
HIGH,HIGH,0,6,3,2,5.565333333333333
HIGH,HIGH,0,6,5,5,4.529999999999999
LOW,LOW,0,0,2,2,4.628
LOW,LOW,0,0,0,0,5.322
LOW,LOW,0,4,1,0,3.072
LOW,LOW,0,4,0,0,6.232
HIGH,HIGH,1,8,5,4,6.3260000000000005
LOW,LOW,0,5,4,3,5.156000000000001
LOW,LOW,1,0,3,2,5.903333333333333
LOW,LOW,0,0,3,3,6.92
LOW,LOW,0,1,4,3,5.5120000000000005
LOW,LOW,0,4,2,1,5.638
LOW,LOW,0,1,5,2,5.224
LOW,LOW,1,0,3,1,2.622666666666667
LOW,LOW,1,2,0,0,3.538
LOW,LOW,0,3,2,0,2.442
HIGH,HIGH,1,6,3,2,1.4613333333333332
LOW,LOW,1,1,0,0,3.342
LOW,LOW,1,1,0,0,5.202
LOW,LOW,1,2,1,0,2.538
HIGH,HIGH,0,9,3,1,2.790666666666667
LOW,LOW,1,1,5,1,0.76
LOW,LOW,1,4,3,1,3.9366666666666665
LOW,LOW,0,4,2,1,5.917999999999999
LOW,LOW,0,1,5,5,3.808
LOW,LOW,0,3,5,4,7.71
LOW,LOW,1,5,5,3,3.3400000000000003
HIGH,HIGH,0,9,0,0,5.628
HIGH,HIGH,0,7,4,2,6.085999999999999
LOW,LOW,0,5,4,3,6.134
LOW,LOW,0,2,5,4,5.302
LOW,LOW,0,4,0,0,7.502
LOW,LOW,0,3,5,2,5.356
LOW,LOW,0,2,3,2,5.053333333333335
HIGH,HIGH,0,6,2,1,7.326
LOW,LOW,1,5,1,1,4.327999999999999
LOW,LOW,0,4,2,1,8.389999999999999
LOW,LOW,1,1,1,0,6.094
LOW,LOW,0,1,4,3,6.426000000000001
LOW,LOW,0,1,0,0,5.648
HIGH,HIGH,0,7,0,0,6.28
LOW,LOW,0,0,4,2,7.121999999999999
HIGH,HIGH,0,7,2,1,4.319999999999999
LOW,LOW,0,0,0,0,4.848000000000001
LOW,LOW,0,1,4,1,3.1299999999999994
LOW,LOW,0,3,5,1,0.892
LOW,LOW,1,4,5,1,3.32
HIGH,HIGH,0,7,5,4,5.390000000000001
HIGH,HIGH,1,7,0,0,2.506
HIGH,HIGH,1,7,3,1,4.206666666666667
HIGH,HIGH,1,9,5,2,3.598
LOW,LOW,0,5,1,0,3.636
HIGH,HIGH,1,9,1,0,3.174
LOW,LOW,1,2,2,0,2.318
HIGH,HIGH,0,8,4,2,3.226
HIGH,HIGH,1,6,1,0,2.862
LOW,LOW,1,3,2,1,1.788
LOW,LOW,0,0,4,3,5.1160000000000005
LOW,LOW,1,1,5,3,4.8740000000000006
LOW,LOW,0,3,2,1,5.14
LOW,LOW,1,4,0,0,3.95
LOW,LOW,0,3,0,0,4.720000000000001
HIGH,HIGH,1,6,1,0,3.17
HIGH,HIGH,0,6,2,0,4.346
LOW,LOW,1,2,3,1,3.530666666666667
LOW,LOW,0,2,5,2,4.692
HIGH,HIGH,0,7,3,1,3.774666666666667
HIGH,HIGH,1,6,2,0,3.866
HIGH,HIGH,0,7,3,1,0.8246666666666667
HIGH,HIGH,1,8,3,2,2.6573333333333333
HIGH,HIGH,1,8,4,2,2.248
HIGH,HIGH,1,6,1,0,2.382
LOW,LOW,0,5,2,0,2.776
LOW,LOW,0,3,3,2,7.069333333333334
HIGH,HIGH,0,7,2,1,7.973999999999999
LOW,LOW,0,0,3,2,5.1593333333333335
LOW,LOW,1,0,5,4,5.642
LOW,LOW,0,0,2,1,6.574
LOW,LOW,1,2,1,0,4.784
LOW,LOW,1,5,2,1,4.274
LOW,LOW,0,0,5,2,5.1000000000000005
LOW,LOW,1,4,0,0,6.078
HIGH,HIGH,0,8,3,1,6.854666666666667
HIGH,HIGH,1,7,2,0,1.916
HIGH,HIGH,1,7,0,0,0.6599999999999999
LOW,LOW,1,3,2,0,0.6
HIGH,HIGH,1,6,2,0,1.276
LOW,LOW,1,2,4,0,0.8999999999999999
LOW,LOW,1,3,4,0,0.004
LOW,LOW,1,2,5,0,0.712
HIGH,HIGH,1,9,3,0,0.3
LOW,LOW,1,1,5,0,0.35
LOW,LOW,1,3,4,0,0.6
HIGH,HIGH,0,8,3,1,4.112666666666667
LOW,LOW,1,3,0,0,3.578
LOW,LOW,0,5,0,0,4.05
LOW,LOW,1,0,0,0,3.588
LOW,LOW,1,4,5,1,4.868
LOW,LOW,1,4,1,0,2.87
HIGH,HIGH,0,6,2,1,3.368
HIGH,HIGH,0,9,0,0,3.718
LOW,LOW,0,3,3,1,1.1386666666666665
LOW,LOW,1,5,2,0,3.188
LOW,LOW,0,0,3,2,1.1833333333333331
LOW,LOW,0,4,2,1,6.084
HIGH,HIGH,1,6,2,1,0.5
LOW,LOW,0,1,4,2,3.498
LOW,LOW,1,5,3,2,0.4513333333333333
LOW,LOW,0,0,5,3,3.08
HIGH,HIGH,0,6,5,2,2.1739999999999995
HIGH,HIGH,0,8,2,0,2.986
LOW,LOW,0,2,5,1,4.032
LOW,LOW,1,1,1,0,0.6739999999999999
LOW,LOW,1,3,0,0,1.898
HIGH,HIGH,1,7,3,0,1.278
LOW,LOW,1,5,5,0,1.092
LOW,LOW,1,4,5,1,0.15
LOW,LOW,1,3,2,0,0.304
LOW,LOW,1,5,3,0,0.3999999999999999
LOW,LOW,1,1,4,0,0.61
LOW,LOW,1,0,1,0,0.94
LOW,LOW,1,5,3,0,1.0679999999999998
LOW,LOW,1,4,3,0,1.928
HIGH,HIGH,1,6,5,2,2.752
HIGH,HIGH,0,8,2,0,2.708
LOW,LOW,1,2,1,0,2.608
HIGH,HIGH,1,6,2,1,2.3760000000000003
HIGH,HIGH,1,6,1,0,2.508
HIGH,HIGH,0,9,0,0,3.928
HIGH,HIGH,1,8,1,0,2.236
HIGH,HIGH,0,6,3,2,3.237333333333333
HIGH,HIGH,0,6,0,0,4.0
LOW,LOW,1,0,4,2,3.746
LOW,LOW,0,1,2,1,3.16
HIGH,HIGH,1,8,0,0,4.754
LOW,LOW,0,0,4,3,5.48
HIGH,HIGH,0,6,0,0,5.126
HIGH,HIGH,0,7,4,4,5.564
LOW,LOW,0,1,1,0,5.976
LOW,LOW,0,4,3,2,7.721333333333334
HIGH,HIGH,0,7,0,0,6.045999999999999
LOW,LOW,0,1,4,4,5.5
LOW,LOW,0,4,3,2,6.027333333333333
LOW,LOW,1,4,2,1,4.0
LOW,LOW,1,1,5,2,2.94
LOW,LOW,1,3,1,0,4.246
LOW,LOW,0,1,5,2,3.714
LOW,LOW,1,1,0,0,2.58
HIGH,HIGH,1,8,3,1,3.240666666666667
HIGH,HIGH,1,7,5,1,4.802
LOW,LOW,0,1,1,0,2.708
LOW,LOW,0,2,0,0,1.5759999999999998
LOW,LOW,1,1,2,1,5.033999999999999
LOW,LOW,0,4,1,0,5.008
HIGH,HIGH,1,8,5,3,3.382
HIGH,HIGH,0,8,1,0,3.688
HIGH,HIGH,0,6,0,0,0.758
LOW,LOW,1,0,5,1,4.196
LOW,LOW,1,5,0,0,6.058
LOW,LOW,0,4,4,3,5.110000000000001
LOW,LOW,1,4,4,1,3.712
HIGH,HIGH,1,7,0,0,4.176
HIGH,HIGH,0,8,0,0,5.956
LOW,LOW,0,1,5,4,1.002
LOW,LOW,0,1,2,0,0.472
HIGH,HIGH,0,7,4,2,1.2
HIGH,HIGH,0,8,0,0,4.013999999999999
LOW,LOW,0,3,2,1,1.0479999999999998
HIGH,HIGH,0,6,3,1,3.1106666666666665
LOW,LOW,0,5,1,0,2.45
HIGH,HIGH,0,9,4,2,0.85
LOW,LOW,1,3,0,0,0.02
HIGH,HIGH,0,6,2,2,2.862
LOW,LOW,1,1,0,0,0.006
HIGH,HIGH,1,8,0,0,2.542
HIGH,HIGH,1,7,3,0,2.626
LOW,LOW,0,3,5,2,5.0360000000000005
LOW,LOW,1,2,0,0,3.224
LOW,LOW,1,5,2,0,4.55
HIGH,HIGH,0,7,3,2,4.403333333333333
HIGH,HIGH,1,8,5,2,4.628
HIGH,HIGH,1,8,5,2,2.318
LOW,LOW,1,0,2,1,2.956
HIGH,HIGH,0,6,1,0,4.01
LOW,LOW,1,0,0,0,8.018
HIGH,HIGH,0,6,2,1,7.431999999999999
LOW,LOW,1,1,5,4,5.652
LOW,LOW,0,5,1,0,5.304
HIGH,HIGH,0,9,0,0,6.356
LOW,LOW,0,2,3,2,5.593333333333334
LOW,LOW,0,3,3,2,2.793333333333333
LOW,LOW,0,3,1,0,5.276
LOW,LOW,0,2,1,0,6.548
LOW,LOW,1,3,0,0,1.926
LOW,LOW,0,3,4,2,2.858
LOW,LOW,1,4,0,0,3.866
LOW,LOW,0,5,3,2,0.9073333333333332
HIGH,HIGH,0,9,5,3,3.146
HIGH,HIGH,0,8,0,0,3.316
LOW,LOW,0,1,3,2,4.435333333333333
LOW,LOW,0,1,1,0,3.824
LOW,LOW,0,0,1,0,3.052
LOW,LOW,0,3,5,3,2.5700000000000003
LOW,LOW,1,5,2,0,1.912
HIGH,HIGH,1,7,2,0,0.768
HIGH,HIGH,1,8,5,0,0.6619999999999999
HIGH,HIGH,1,8,2,0,1.606
HIGH,HIGH,1,8,3,0,0.912
LOW,LOW,1,5,1,0,0.63
LOW,LOW,1,5,5,0,1.314
LOW,LOW,1,1,5,0,0.316
LOW,LOW,1,0,4,1,0.98
LOW,LOW,1,2,1,0,1.33
LOW,LOW,1,1,1,0,3.51
HIGH,HIGH,1,6,3,1,3.534666666666667
LOW,LOW,0,0,4,1,1.848
LOW,LOW,1,0,3,1,1.5006666666666666
LOW,LOW,1,1,0,0,2.294
HIGH,HIGH,1,9,5,2,2.952
HIGH,HIGH,0,8,3,0,3.018
HIGH,HIGH,1,8,0,0,5.161999999999999
LOW,LOW,1,3,4,1,3.648
LOW,LOW,0,3,1,0,2.732
HIGH,HIGH,1,9,4,1,1.6800000000000002
LOW,LOW,1,1,4,2,2.062
LOW,LOW,0,3,5,2,4.117999999999999
LOW,LOW,0,5,4,2,5.334
LOW,LOW,0,5,3,1,3.0866666666666664
HIGH,HIGH,1,6,5,2,2.958
HIGH,HIGH,1,9,1,0,2.61
HIGH,HIGH,1,6,5,2,3.956
HIGH,HIGH,1,8,0,0,1.864
HIGH,HIGH,1,7,1,0,1.962
LOW,LOW,1,3,5,0,1.346
LOW,LOW,1,2,0,0,1.602
LOW,LOW,1,2,3,1,1.6946666666666663
HIGH,HIGH,1,7,1,0,0.0
HIGH,HIGH,1,7,2,0,0.008
HIGH,HIGH,1,6,3,0,1.596
LOW,LOW,1,3,0,0,0.63
HIGH,HIGH,1,9,3,0,0.004
HIGH,HIGH,1,6,1,0,0.0
LOW,LOW,1,5,4,0,1.374
HIGH,HIGH,1,9,4,2,3.318
LOW,LOW,0,2,3,1,3.788666666666667
LOW,LOW,1,3,4,1,4.808
LOW,LOW,0,0,3,2,2.9293333333333336
LOW,LOW,0,3,3,2,3.4833333333333334
LOW,LOW,1,3,5,2,3.34
HIGH,HIGH,1,9,2,1,3.614
HIGH,HIGH,0,9,4,2,3.368
HIGH,HIGH,1,9,4,2,4.234
LOW,LOW,0,5,5,3,2.994
HIGH,HIGH,0,6,1,0,4.906000000000001
HIGH,HIGH,0,6,1,0,4.7
HIGH,HIGH,0,6,3,3,6.496
HIGH,HIGH,0,7,3,2,5.459333333333334
LOW,LOW,0,1,4,3,5.89
LOW,LOW,1,4,4,4,4.684
LOW,LOW,1,2,3,2,6.879333333333333
LOW,LOW,0,4,0,0,6.2
LOW,LOW,0,5,2,1,6.43
LOW,LOW,0,0,0,0,4.038
LOW,LOW,0,2,2,1,6.989999999999999
LOW,LOW,0,0,0,0,5.43
HIGH,HIGH,0,6,1,0,4.464
HIGH,HIGH,1,6,4,3,5.584
LOW,LOW,0,1,4,3,6.672000000000001
HIGH,HIGH,0,7,5,3,7.08
HIGH,HIGH,0,7,4,3,5.686
LOW,LOW,0,4,0,0,4.166
HIGH,HIGH,0,8,3,2,5.613333333333333
HIGH,HIGH,1,7,5,4,6.858
LOW,LOW,1,5,1,1,6.204000000000001
LOW,LOW,0,2,5,3,7.12
HIGH,HIGH,1,8,1,0,2.9
LOW,LOW,0,0,0,0,5.03
LOW,LOW,0,2,1,0,6.470000000000001
LOW,LOW,1,1,2,1,4.834
HIGH,HIGH,0,6,4,3,7.447999999999999
LOW,LOW,1,5,5,4,7.895999999999999
LOW,LOW,1,4,2,1,8.118
HIGH,HIGH,0,6,5,4,6.034
LOW,LOW,1,0,2,0,1.876
LOW,LOW,1,1,4,0,0.4
LOW,LOW,1,0,2,0,2.2840000000000003
LOW,LOW,1,0,2,0,1.606
LOW,LOW,1,3,1,0,2.306
HIGH,HIGH,1,7,0,0,1.288
HIGH,HIGH,1,6,1,0,1.29
LOW,LOW,1,4,3,0,1.26
LOW,LOW,1,3,5,0,1.232
HIGH,HIGH,1,8,4,0,0.0
HIGH,HIGH,1,8,4,2,4.518
LOW,LOW,0,1,2,0,4.642
LOW,LOW,1,1,2,0,1.554
HIGH,HIGH,0,7,4,1,3.02
LOW,LOW,1,5,4,1,2.35
LOW,LOW,1,1,0,0,3.884
LOW,LOW,1,5,2,1,3.954
LOW,LOW,1,4,0,0,3.574
HIGH,HIGH,1,8,0,0,2.624
HIGH,HIGH,1,7,1,0,3.168
LOW,LOW,0,4,5,2,6.688000000000001
LOW,LOW,0,4,2,0,2.748
HIGH,HIGH,0,7,4,1,3.464
HIGH,HIGH,0,7,2,1,3.138
HIGH,HIGH,1,6,1,0,0.962
HIGH,HIGH,0,6,1,0,3.41
LOW,LOW,0,2,2,1,0.6079999999999999
LOW,LOW,0,5,0,0,4.962000000000001
HIGH,HIGH,1,8,3,1,0.6726666666666666
LOW,LOW,0,0,0,0,2.14
LOW,LOW,0,5,5,4,6.078
HIGH,HIGH,1,9,0,0,5.09
LOW,LOW,0,3,5,5,7.268
LOW,LOW,1,4,0,0,6.43
LOW,LOW,0,1,5,4,6.348000000000001
LOW,LOW,0,2,0,0,6.212000000000001
LOW,LOW,0,3,2,1,5.368
HIGH,HIGH,0,6,5,3,7.0520000000000005
LOW,LOW,1,2,1,0,6.384
HIGH,HIGH,0,9,0,0,7.409999999999999
HIGH,HIGH,1,6,5,0,0.482
LOW,LOW,1,4,4,0,0.322
LOW,LOW,1,1,4,1,0.724
LOW,LOW,1,0,2,0,0.024
LOW,LOW,1,4,0,0,0.344
LOW,LOW,1,4,4,0,0.626
HIGH,HIGH,1,6,3,0,0.958
LOW,LOW,1,0,3,0,0.954
HIGH,HIGH,1,8,2,0,0.616
LOW,LOW,1,3,2,0,0.32
LOW,LOW,0,4,4,3,4.5120000000000005
HIGH,HIGH,1,6,0,0,6.394
LOW,LOW,1,4,2,2,6.978
HIGH,HIGH,0,6,2,1,2.866
LOW,LOW,0,1,1,0,4.058
LOW,LOW,0,5,3,2,5.505333333333334
LOW,LOW,0,3,3,2,3.779333333333333
LOW,LOW,1,1,4,4,6.288
LOW,LOW,0,5,2,1,4.465999999999999
HIGH,HIGH,0,9,5,3,6.692
LOW,LOW,1,0,4,2,1.6980000000000002
HIGH,HIGH,0,7,2,1,3.49
LOW,LOW,1,1,5,2,2.346
LOW,LOW,0,1,0,0,2.368
HIGH,HIGH,1,9,1,0,3.506
LOW,LOW,1,4,0,0,0.3359999999999999
LOW,LOW,0,2,2,0,4.01
LOW,LOW,0,1,2,0,1.782
LOW,LOW,1,5,2,0,2.4120000000000004
HIGH,HIGH,1,7,2,1,3.664
LOW,LOW,0,4,0,0,5.594
HIGH,HIGH,0,8,3,2,6.797333333333333
LOW,LOW,1,3,5,4,5.588
HIGH,HIGH,0,7,0,0,5.068
LOW,LOW,0,3,2,1,5.412
LOW,LOW,1,2,4,4,5.284
HIGH,HIGH,0,8,3,3,5.112
LOW,LOW,0,4,0,0,5.924
LOW,LOW,1,0,1,1,7.245999999999999
HIGH,HIGH,1,6,1,0,3.868
LOW,LOW,0,3,2,1,5.736
HIGH,HIGH,1,9,5,3,6.206
LOW,LOW,0,3,4,3,6.8180000000000005
LOW,LOW,1,5,5,2,4.502000000000001
LOW,LOW,0,4,5,4,6.18
HIGH,HIGH,0,6,4,2,6.322
LOW,LOW,0,0,3,2,8.573333333333334
HIGH,HIGH,0,8,5,4,6.093999999999999
LOW,LOW,0,0,2,1,4.76
LOW,LOW,0,0,5,5,4.204
LOW,LOW,1,4,4,0,1.57
LOW,LOW,1,3,1,0,1.64
LOW,LOW,1,1,2,0,1.654
HIGH,HIGH,1,8,4,0,0.3419999999999999
HIGH,HIGH,1,9,4,0,0.3399999999999999
LOW,LOW,1,2,0,0,0.048
LOW,LOW,1,3,4,0,1.29
LOW,LOW,1,4,0,0,1.916
LOW,LOW,1,5,3,0,0.366
HIGH,HIGH,1,8,4,1,1.0
LOW,LOW,1,5,0,0,2.79
LOW,LOW,1,5,5,3,4.984
HIGH,HIGH,0,6,2,1,2.488
HIGH,HIGH,0,8,1,0,5.997999999999999
HIGH,HIGH,1,8,0,0,2.648
LOW,LOW,1,1,5,2,2.122
LOW,LOW,1,0,3,1,2.638666666666667
LOW,LOW,0,0,5,3,4.166
LOW,LOW,1,2,4,1,4.492
LOW,LOW,0,0,2,1,4.414
LOW,LOW,0,3,5,4,5.5280000000000005
LOW,LOW,0,0,5,4,5.172000000000001
LOW,LOW,0,3,3,3,7.49
HIGH,HIGH,0,6,4,3,2.6900000000000004
HIGH,HIGH,0,9,4,2,4.843999999999999
HIGH,HIGH,1,7,1,0,7.013999999999999
HIGH,HIGH,0,8,3,3,7.43
LOW,LOW,0,1,3,2,5.251333333333333
HIGH,HIGH,1,8,4,3,6.138000000000001
LOW,LOW,0,3,4,3,6.724
LOW,LOW,0,3,2,1,5.158
LOW,LOW,0,3,5,3,8.754
LOW,LOW,1,5,1,0,7.712
HIGH,HIGH,0,7,1,0,7.278
HIGH,HIGH,0,9,3,2,7.181333333333334
LOW,LOW,1,3,2,1,4.869999999999999
HIGH,HIGH,1,7,4,2,6.406
LOW,LOW,0,3,5,5,4.8740000000000006
LOW,LOW,0,3,3,2,4.5873333333333335
LOW,LOW,0,1,4,3,5.688000000000001
LOW,LOW,1,3,0,0,1.912
LOW,LOW,0,3,0,0,3.776
HIGH,HIGH,1,6,5,3,3.974
LOW,LOW,1,3,1,0,3.2880000000000003
HIGH,HIGH,1,8,3,1,4.672666666666666
LOW,LOW,1,5,3,1,2.9766666666666666
LOW,LOW,0,5,1,0,4.393999999999999
LOW,LOW,1,1,2,0,3.762
HIGH,HIGH,1,6,2,1,1.7040000000000002
HIGH,HIGH,0,8,2,1,2.442
HIGH,HIGH,0,8,2,1,7.236
HIGH,HIGH,1,6,1,1,5.316
LOW,LOW,0,2,3,2,5.449333333333334
LOW,LOW,0,5,2,2,6.7700000000000005
HIGH,HIGH,0,8,5,3,6.344
LOW,LOW,0,2,0,0,6.7
LOW,LOW,0,0,5,4,3.764
LOW,LOW,0,2,5,3,7.228
HIGH,HIGH,0,7,1,0,4.996
LOW,LOW,1,5,4,4,6.24
LOW,LOW,0,2,5,4,5.170000000000001
LOW,LOW,0,0,5,4,5.452
LOW,LOW,1,2,4,3,6.5520000000000005
HIGH,HIGH,0,8,2,1,7.15
HIGH,HIGH,0,7,2,1,5.839999999999999
LOW,LOW,0,1,0,0,3.924
LOW,LOW,0,2,2,1,5.66
LOW,LOW,0,3,2,1,7.385999999999999
HIGH,HIGH,0,8,1,0,4.670000000000001
LOW,LOW,0,3,5,2,5.481999999999999
LOW,LOW,1,0,3,1,3.558666666666667
HIGH,HIGH,1,8,5,2,2.458
LOW,LOW,1,4,3,1,4.020666666666667
LOW,LOW,0,0,0,0,3.434
LOW,LOW,0,1,0,0,1.1999999999999995
HIGH,HIGH,1,7,3,2,3.4713333333333334
LOW,LOW,1,1,0,0,2.626
LOW,LOW,1,5,5,2,3.1
HIGH,HIGH,1,7,2,0,3.238
HIGH,HIGH,1,8,2,1,2.984
LOW,LOW,1,1,3,0,1.222
LOW,LOW,1,4,3,1,0.0666666666666666
LOW,LOW,1,1,3,0,0.974
LOW,LOW,1,1,2,0,0.054
HIGH,HIGH,1,7,0,0,0.0
LOW,LOW,1,1,1,0,0.974
HIGH,HIGH,1,8,2,0,2.048
HIGH,HIGH,1,8,3,0,0.984
LOW,LOW,1,5,5,0,0.944
LOW,LOW,1,4,2,0,0.3399999999999999
LOW,LOW,0,5,2,1,4.104
HIGH,HIGH,0,7,1,0,5.558
HIGH,HIGH,1,9,1,0,3.16
HIGH,HIGH,0,6,5,3,3.724
LOW,LOW,1,0,3,1,2.9266666666666667
HIGH,HIGH,0,6,0,0,1.436
HIGH,HIGH,1,6,4,2,3.3080000000000003
HIGH,HIGH,1,9,0,0,2.734
LOW,LOW,0,1,4,2,3.816
LOW,LOW,1,5,5,3,5.23
HIGH,HIGH,1,9,2,0,3.2840000000000003
LOW,LOW,1,0,0,0,3.854
LOW,LOW,0,4,2,0,3.008
HIGH,HIGH,0,7,1,0,3.3240000000000003
HIGH,HIGH,1,8,2,1,4.04
LOW,LOW,0,3,1,0,3.762
LOW,LOW,1,1,2,1,4.008
HIGH,HIGH,0,9,5,4,3.214
LOW,LOW,0,4,3,2,5.345333333333334
LOW,LOW,0,1,1,0,2.996
LOW,LOW,1,4,0,0,4.818
HIGH,HIGH,1,7,0,0,1.882
LOW,LOW,0,4,0,0,6.596
LOW,LOW,0,0,1,0,4.008
LOW,LOW,1,3,1,0,1.282
LOW,LOW,0,5,4,1,3.136
LOW,LOW,1,5,0,0,5.154
LOW,LOW,1,2,3,1,2.268666666666667
HIGH,HIGH,1,6,0,0,2.83
LOW,LOW,1,1,0,0,2.402
LOW,LOW,0,3,2,1,5.577999999999999
LOW,LOW,0,3,3,2,6.375333333333335
LOW,LOW,1,3,1,0,4.226
LOW,LOW,1,3,2,1,5.887999999999999
LOW,LOW,0,5,0,0,4.758
LOW,LOW,1,1,3,2,6.501333333333334
LOW,LOW,1,0,4,2,4.925999999999999
LOW,LOW,0,2,5,4,7.5
LOW,LOW,0,2,0,0,6.92
HIGH,HIGH,0,9,0,0,7.675999999999999
LOW,LOW,0,2,1,0,6.694
HIGH,HIGH,0,7,0,0,5.932
HIGH,HIGH,1,8,4,4,6.6000000000000005
LOW,LOW,0,2,1,1,6.426000000000001
HIGH,HIGH,0,8,2,1,5.44
LOW,LOW,0,1,0,0,5.092
LOW,LOW,1,5,2,1,3.976
LOW,LOW,1,1,0,0,6.04
LOW,LOW,0,3,1,0,2.868
HIGH,HIGH,0,9,3,2,7.0873333333333335
LOW,LOW,1,3,4,3,3.454
LOW,LOW,1,0,1,0,3.468
LOW,LOW,0,4,5,1,3.754
LOW,LOW,1,4,5,3,2.982
LOW,LOW,0,5,0,0,2.048
LOW,LOW,0,4,2,0,3.398
HIGH,HIGH,0,6,2,1,4.388
LOW,LOW,0,2,5,4,3.854
LOW,LOW,0,1,5,3,1.622
LOW,LOW,0,3,2,1,3.416
HIGH,HIGH,0,7,5,4,5.264
LOW,LOW,0,0,0,0,5.64
LOW,LOW,1,1,1,0,5.813999999999999
HIGH,HIGH,1,8,2,1,0.43
HIGH,HIGH,0,9,5,4,4.86
LOW,LOW,1,4,0,0,2.28
LOW,LOW,1,1,2,1,5.321999999999999
LOW,LOW,1,2,1,0,3.194
LOW,LOW,1,2,1,0,2.256
LOW,LOW,1,5,1,0,3.862
HIGH,HIGH,0,9,5,3,3.45
LOW,LOW,0,2,0,0,4.598000000000001
HIGH,HIGH,0,7,0,0,3.456
LOW,LOW,1,0,4,1,3.274
LOW,LOW,0,4,3,1,2.444666666666667
HIGH,HIGH,1,6,1,0,3.772
LOW,LOW,1,0,0,0,3.214
LOW,LOW,0,5,4,1,2.462
LOW,LOW,1,0,2,0,1.94
LOW,LOW,1,5,0,0,4.867999999999999
HIGH,HIGH,1,9,0,0,1.26
LOW,LOW,1,3,3,1,3.724666666666667
LOW,LOW,1,5,5,1,6.158
LOW,LOW,0,0,5,3,6.714
HIGH,HIGH,1,7,4,2,1.8600000000000003
HIGH,HIGH,0,6,0,0,5.946
HIGH,HIGH,1,8,1,0,1.228
LOW,LOW,0,1,3,1,2.1366666666666667
HIGH,HIGH,1,6,4,1,2.44
LOW,LOW,1,5,4,3,3.476
HIGH,HIGH,1,7,5,0,1.65
LOW,LOW,1,2,3,1,0.7006666666666667
LOW,LOW,0,1,4,0,1.1719999999999997
HIGH,HIGH,1,9,4,0,0.6739999999999999
LOW,LOW,1,4,5,0,1.89
LOW,LOW,1,3,4,0,2.302
LOW,LOW,1,3,4,1,0.05
HIGH,HIGH,1,6,2,0,1.592
HIGH,HIGH,1,7,2,0,0.636
LOW,LOW,1,0,0,0,0.6779999999999999
HIGH,HIGH,0,7,2,1,5.818
LOW,LOW,1,4,1,1,7.266
LOW,LOW,1,5,1,0,4.128
HIGH,HIGH,0,8,5,3,7.755999999999999
LOW,LOW,0,2,2,2,5.44
LOW,LOW,0,5,0,0,4.302
LOW,LOW,0,5,0,0,7.987999999999999
HIGH,HIGH,0,9,2,1,4.266
LOW,LOW,1,2,4,4,4.335999999999999
LOW,LOW,0,0,5,4,7.384
HIGH,HIGH,0,7,3,2,3.153333333333333
HIGH,HIGH,0,7,4,2,0.922
LOW,LOW,1,2,1,0,3.22
LOW,LOW,1,2,2,1,3.678
HIGH,HIGH,1,8,5,3,5.935999999999999
LOW,LOW,1,0,4,2,3.3040000000000003
HIGH,HIGH,0,9,2,1,7.641999999999999
LOW,LOW,0,0,2,1,2.2
LOW,LOW,0,2,5,3,0.988
LOW,LOW,0,0,5,2,6.018
LOW,LOW,0,0,4,3,3.632
LOW,LOW,0,1,1,0,5.722
LOW,LOW,1,1,5,3,6.198
HIGH,HIGH,0,6,5,3,4.134
HIGH,HIGH,0,6,2,1,5.4
HIGH,HIGH,1,7,4,3,6.19
LOW,LOW,0,2,3,2,5.575333333333333
HIGH,HIGH,0,6,5,4,6.96
LOW,LOW,0,1,0,0,5.636
LOW,LOW,0,0,0,0,5.294
HIGH,HIGH,0,7,5,4,6.340000000000001
LOW,LOW,0,0,5,5,4.642
LOW,LOW,1,4,0,0,5.128
HIGH,HIGH,1,6,3,2,4.249333333333333
LOW,LOW,0,5,5,3,5.118
HIGH,HIGH,0,8,2,1,5.911999999999999
HIGH,HIGH,1,8,4,2,2.718
HIGH,HIGH,1,6,5,3,7.553999999999999
LOW,LOW,0,4,0,0,4.638000000000001
HIGH,HIGH,1,6,4,3,5.902
HIGH,HIGH,1,9,2,0,5.238
HIGH,HIGH,1,8,1,0,3.278
LOW,LOW,0,1,2,0,3.022
HIGH,HIGH,1,8,4,3,5.96
LOW,LOW,1,4,1,0,2.796
LOW,LOW,1,1,1,0,2.31
LOW,LOW,1,1,1,0,6.114
LOW,LOW,1,3,3,2,2.025333333333333
HIGH,HIGH,1,6,5,2,2.7880000000000003
LOW,LOW,1,0,1,0,4.518000000000001
LOW,LOW,0,3,5,3,3.198
HIGH,HIGH,0,6,0,0,1.178
LOW,LOW,1,3,2,1,2.006
HIGH,HIGH,0,9,0,0,3.748
LOW,LOW,0,0,3,2,1.893333333333333
HIGH,HIGH,1,6,3,1,3.9506666666666663
LOW,LOW,0,3,2,1,5.066
LOW,LOW,0,5,3,2,4.815333333333334
HIGH,HIGH,1,9,4,2,2.438
HIGH,HIGH,0,8,4,1,3.752
HIGH,HIGH,0,8,5,3,3.462
HIGH,HIGH,0,8,5,3,5.505999999999999
LOW,LOW,0,1,3,2,4.829333333333334
LOW,LOW,1,0,2,2,2.826
HIGH,HIGH,0,9,5,3,6.05
LOW,LOW,0,2,3,2,3.301333333333333
LOW,LOW,0,2,2,1,3.804
HIGH,HIGH,0,9,1,1,6.534
LOW,LOW,0,2,3,2,5.977333333333333
HIGH,HIGH,0,8,5,5,8.724
HIGH,HIGH,0,9,3,2,5.379333333333334
HIGH,HIGH,0,6,0,0,6.041999999999999
LOW,LOW,0,3,5,2,6.656000000000001
LOW,LOW,1,0,0,0,5.73
LOW,LOW,0,4,0,0,4.966
HIGH,HIGH,0,8,4,3,5.454000000000001
HIGH,HIGH,0,6,1,1,5.3100000000000005
HIGH,HIGH,1,9,2,1,7.455999999999999
LOW,LOW,0,1,5,4,5.742
HIGH,HIGH,0,7,3,2,4.129333333333333
HIGH,HIGH,1,9,1,0,3.162
HIGH,HIGH,0,6,5,3,4.207999999999999
LOW,LOW,1,2,3,0,3.808
LOW,LOW,1,1,1,0,2.54
LOW,LOW,0,2,5,1,3.004
LOW,LOW,1,2,3,1,4.204666666666666
LOW,LOW,1,1,5,2,4.362
LOW,LOW,1,5,2,0,2.02
HIGH,HIGH,1,8,2,1,3.576
HIGH,HIGH,1,6,1,0,1.6740000000000002
HIGH,HIGH,0,6,0,0,8.186
LOW,LOW,1,5,3,3,7.239999999999999
LOW,LOW,1,5,4,2,3.944
LOW,LOW,0,2,5,4,4.486
LOW,LOW,1,0,3,1,6.792666666666666
LOW,LOW,1,3,3,2,6.585333333333334
LOW,LOW,0,1,0,0,7.641999999999999
LOW,LOW,1,0,5,3,6.482
LOW,LOW,0,5,5,4,4.934
LOW,LOW,0,1,3,2,6.543333333333334
LOW,LOW,0,4,3,2,5.519333333333334
LOW,LOW,0,1,1,0,6.934
LOW,LOW,0,0,5,5,4.224
LOW,LOW,0,0,3,3,6.295999999999999
LOW,LOW,0,2,4,3,7.066000000000001
HIGH,HIGH,1,8,1,0,4.172
HIGH,HIGH,0,7,5,4,3.442
LOW,LOW,0,0,3,2,5.865333333333333
LOW,LOW,0,2,1,0,5.654
LOW,LOW,0,0,5,3,5.756
LOW,LOW,1,4,2,1,4.692
LOW,LOW,0,5,1,0,6.408
HIGH,HIGH,0,8,2,1,7.6
LOW,LOW,0,4,3,2,7.387333333333334
LOW,LOW,0,5,3,2,5.849333333333333
LOW,LOW,0,2,0,0,3.966
HIGH,HIGH,1,7,4,3,4.33
HIGH,HIGH,0,7,3,1,6.984666666666667
HIGH,HIGH,1,6,1,0,5.46
LOW,LOW,0,1,0,0,6.508
HIGH,HIGH,1,9,2,0,4.51
HIGH,HIGH,0,8,0,0,7.938
HIGH,HIGH,1,9,5,1,4.812
LOW,LOW,1,0,1,0,3.21
HIGH,HIGH,1,9,3,1,4.284666666666666
HIGH,HIGH,1,6,0,0,2.556
HIGH,HIGH,0,6,3,1,5.274666666666667
LOW,LOW,0,2,3,1,3.4026666666666667
LOW,LOW,0,2,3,0,3.772
HIGH,HIGH,0,6,5,1,4.01
LOW,LOW,0,1,1,0,7.872
LOW,LOW,0,0,1,0,5.385999999999999
LOW,LOW,1,4,0,0,3.544
LOW,LOW,0,5,4,3,5.034000000000001
HIGH,HIGH,1,6,3,2,4.939333333333334
HIGH,HIGH,0,8,1,0,6.602
LOW,LOW,0,0,0,0,4.036
HIGH,HIGH,0,7,5,3,6.076
HIGH,HIGH,1,7,2,1,5.541999999999999
LOW,LOW,0,4,0,0,5.59
LOW,LOW,1,1,5,2,2.644
LOW,LOW,1,0,4,1,2.638
LOW,LOW,0,0,0,0,3.086
LOW,LOW,1,3,1,0,2.194
LOW,LOW,1,3,0,0,3.168
HIGH,HIGH,1,9,4,2,3.35
HIGH,HIGH,1,9,4,2,4.699999999999999
LOW,LOW,1,2,1,0,6.382
LOW,LOW,1,5,3,1,2.0206666666666666
HIGH,HIGH,0,9,1,0,4.916
HIGH,HIGH,1,6,4,2,3.72
LOW,LOW,1,1,1,0,3.614
HIGH,HIGH,0,7,2,1,2.8400000000000003
HIGH,HIGH,0,9,5,3,3.422
LOW,LOW,1,5,3,1,2.770666666666667
HIGH,HIGH,0,9,3,1,4.484666666666667
HIGH,HIGH,0,9,3,2,0.9673333333333332
HIGH,HIGH,0,8,4,2,3.486
HIGH,HIGH,1,8,1,0,3.148
LOW,LOW,1,1,1,0,3.536
LOW,LOW,1,1,3,0,0.966
LOW,LOW,1,0,0,0,0.3339999999999999
LOW,LOW,1,4,2,0,0.0
LOW,LOW,1,3,1,0,1.274
HIGH,HIGH,1,7,5,0,0.6
HIGH,HIGH,1,6,3,0,0.622
LOW,LOW,1,4,5,0,0.3359999999999999
LOW,LOW,1,4,5,0,1.906
HIGH,HIGH,1,7,0,0,0.322
LOW,LOW,1,5,3,0,0.984
LOW,LOW,0,0,4,3,4.962000000000001
HIGH,HIGH,1,9,5,5,5.658
LOW,LOW,1,3,0,0,5.457999999999999
LOW,LOW,1,1,3,3,5.242
LOW,LOW,0,5,3,3,3.758
LOW,LOW,0,4,4,3,6.064
HIGH,HIGH,0,6,2,1,5.114
HIGH,HIGH,0,9,3,3,6.704000000000001
LOW,LOW,0,1,1,0,4.994
LOW,LOW,0,0,1,0,6.017999999999999
LOW,LOW,1,1,1,0,6.056
HIGH,HIGH,0,7,5,4,5.666
LOW,LOW,1,3,5,4,6.606
HIGH,HIGH,1,7,3,2,3.643333333333333
HIGH,HIGH,0,7,1,0,6.68
LOW,LOW,0,1,1,0,7.999999999999999
HIGH,HIGH,1,6,0,0,5.465999999999999
LOW,LOW,0,2,5,2,4.646000000000001
LOW,LOW,0,3,2,1,7.292
LOW,LOW,0,2,5,3,4.838000000000001
HIGH,HIGH,0,6,1,1,4.22
HIGH,HIGH,1,6,5,3,5.999999999999999
HIGH,HIGH,0,8,2,1,8.65
LOW,LOW,0,5,3,2,5.399333333333334
HIGH,HIGH,1,6,1,0,6.102
LOW,LOW,1,5,1,0,7.964
HIGH,HIGH,0,6,3,2,4.867333333333334
HIGH,HIGH,0,7,4,3,9.008
LOW,LOW,1,1,4,2,6.526
LOW,LOW,0,5,4,2,6.784
LOW,LOW,1,4,5,2,4.036
LOW,LOW,0,5,2,1,2.6060000000000003
LOW,LOW,0,3,2,0,4.638000000000001
LOW,LOW,1,1,5,3,3.952
LOW,LOW,0,1,0,0,3.366
HIGH,HIGH,0,7,1,0,4.064
LOW,LOW,1,1,4,1,3.908
HIGH,HIGH,1,9,3,1,4.276666666666667
LOW,LOW,0,0,1,0,2.42
HIGH,HIGH,0,6,3,1,1.2466666666666666
HIGH,HIGH,0,8,1,0,0.49
LOW,LOW,1,5,1,0,3.2960000000000003
LOW,LOW,0,4,2,1,4.435999999999999
LOW,LOW,1,1,5,3,4.348
HIGH,HIGH,0,9,3,1,3.154666666666667
LOW,LOW,0,5,4,3,6.82
HIGH,HIGH,1,9,3,1,0.7366666666666666
LOW,LOW,1,3,5,1,2.2960000000000003
HIGH,HIGH,0,6,1,0,2.022
LOW,LOW,0,3,5,2,3.456
LOW,LOW,1,0,0,0,0.912
LOW,LOW,1,1,1,0,1.116
HIGH,HIGH,1,9,3,1,0.1046666666666666
LOW,LOW,1,5,1,0,2.278
HIGH,HIGH,1,9,5,0,0.6
HIGH,HIGH,1,9,0,0,0.126
HIGH,HIGH,1,7,5,0,1.26
LOW,LOW,1,0,2,0,0.624
LOW,LOW,1,3,3,0,1.336
LOW,LOW,1,2,4,1,0.984
HIGH,HIGH,1,9,1,0,0.6839999999999999
LOW,LOW,1,1,3,0,0.938
LOW,LOW,1,2,4,1,1.0499999999999998
HIGH,HIGH,1,6,4,0,0.604
HIGH,HIGH,1,7,2,0,0.614
LOW,LOW,1,5,0,0,0.756
HIGH,HIGH,1,9,5,1,0.3419999999999999
HIGH,HIGH,1,8,0,0,0.122
HIGH,HIGH,1,8,4,0,0.986
LOW,LOW,1,3,4,0,0.38
LOW,LOW,0,4,2,1,3.248
HIGH,HIGH,1,9,5,2,4.398
HIGH,HIGH,1,9,5,2,3.608
LOW,LOW,0,5,3,1,4.3806666666666665
HIGH,HIGH,1,7,4,2,2.986
HIGH,HIGH,1,8,3,0,2.836
LOW,LOW,1,4,5,3,2.038
LOW,LOW,1,5,3,1,5.532666666666666
HIGH,HIGH,0,8,5,1,3.142
HIGH,HIGH,1,6,0,0,2.2920000000000003
HIGH,HIGH,1,6,4,1,0.374
HIGH,HIGH,1,8,0,0,0.3
HIGH,HIGH,1,9,1,0,0.934
LOW,LOW,1,3,5,1,0.04
HIGH,HIGH,1,7,5,0,0.946
LOW,LOW,1,1,2,0,1.662
LOW,LOW,1,5,4,1,0.408
LOW,LOW,1,0,5,0,0.328
LOW,LOW,1,2,2,0,0.0
HIGH,HIGH,1,9,4,0,1.574
HIGH,HIGH,1,7,4,0,1.0219999999999998
HIGH,HIGH,1,8,4,0,0.8039999999999999
LOW,LOW,1,1,4,1,0.086
LOW,LOW,1,0,3,0,0.998
LOW,LOW,1,4,1,0,0.69
HIGH,HIGH,1,9,2,0,0.6599999999999999
LOW,LOW,1,5,1,0,0.3999999999999999
HIGH,HIGH,1,9,1,0,0.938
LOW,LOW,1,1,0,0,1.096
LOW,LOW,1,2,5,1,0.966
HIGH,HIGH,1,7,4,1,2.666
HIGH,HIGH,1,6,3,1,5.216666666666666
LOW,LOW,0,5,1,0,2.4440000000000004
LOW,LOW,0,1,2,1,3.042
HIGH,HIGH,1,7,2,1,2.722
HIGH,HIGH,1,6,0,0,3.542
HIGH,HIGH,1,8,2,1,3.636
LOW,LOW,1,3,4,1,1.038
LOW,LOW,1,2,5,2,5.585999999999999
HIGH,HIGH,1,6,2,0,2.592
LOW,LOW,1,5,3,0,1.622
HIGH,HIGH,1,7,0,0,0.0999999999999999
HIGH,HIGH,1,8,3,0,0.3339999999999999
LOW,LOW,1,2,3,0,0.648
LOW,LOW,1,0,3,0,1.222
LOW,LOW,1,3,1,0,0.6639999999999999
LOW,LOW,1,0,3,0,1.88
HIGH,HIGH,1,6,2,0,1.892
LOW,LOW,1,2,3,0,1.63
LOW,LOW,1,5,2,0,0.012
LOW,LOW,1,2,0,0,0.632
LOW,LOW,1,2,0,0,1.242
LOW,LOW,1,2,5,0,0.6
LOW,LOW,1,5,1,0,0.0
HIGH,HIGH,1,7,5,0,1.0239999999999998
LOW,LOW,1,4,3,0,0.354
HIGH,HIGH,1,7,2,0,0.324
LOW,LOW,1,2,2,0,0.972
LOW,LOW,1,1,4,0,0.3
LOW,LOW,1,3,2,0,0.3319999999999999
LOW,LOW,1,3,1,0,0.612
LOW,LOW,1,0,4,0,0.6
LOW,LOW,1,2,4,0,0.6679999999999999
LOW,LOW,1,3,1,0,0.0999999999999999
LOW,LOW,1,3,0,0,0.004
LOW,LOW,1,0,4,1,0.748
HIGH,HIGH,1,8,2,0,2.24
LOW,LOW,1,3,4,0,0.616
LOW,LOW,1,4,1,0,1.52
LOW,LOW,1,1,4,1,0.412
HIGH,HIGH,0,6,2,1,5.07
LOW,LOW,1,2,1,0,3.574
LOW,LOW,0,0,3,2,4.819333333333334
HIGH,HIGH,1,9,1,0,7.713999999999999
HIGH,HIGH,1,9,1,0,3.804
HIGH,HIGH,0,8,3,2,6.787333333333335
HIGH,HIGH,0,7,1,0,6.604
HIGH,HIGH,0,8,4,2,4.424
LOW,LOW,0,1,4,4,5.266
HIGH,HIGH,0,6,3,2,5.099333333333334
LOW,LOW,0,4,0,0,1.4819999999999998
LOW,LOW,1,5,3,1,0.8106666666666666
HIGH,HIGH,0,7,1,0,4.42
LOW,LOW,1,4,0,0,1.108
HIGH,HIGH,0,7,2,0,3.69
LOW,LOW,1,1,3,1,3.286666666666667
HIGH,HIGH,0,8,0,0,1.186
LOW,LOW,1,2,1,0,3.878
LOW,LOW,1,0,0,0,3.668
LOW,LOW,1,5,4,2,2.97
LOW,LOW,0,0,0,0,3.992
HIGH,HIGH,1,6,5,2,4.556
LOW,LOW,1,5,5,3,2.3760000000000003
LOW,LOW,0,4,4,1,3.424
LOW,LOW,0,4,0,0,3.036
HIGH,HIGH,1,9,5,3,3.674
HIGH,HIGH,1,9,1,0,2.512
LOW,LOW,0,3,3,1,2.5066666666666677
LOW,LOW,0,3,4,2,2.818
LOW,LOW,1,1,2,1,3.64
HIGH,HIGH,0,7,2,1,3.2
LOW,LOW,0,4,3,1,5.358666666666666
LOW,LOW,0,3,5,3,5.742
HIGH,HIGH,1,7,2,1,0.47
HIGH,HIGH,1,7,4,2,0.74
HIGH,HIGH,1,8,2,1,3.2920000000000003
HIGH,HIGH,1,9,1,0,2.58
LOW,LOW,1,0,3,1,3.272666666666667
HIGH,HIGH,1,8,5,3,5.532
LOW,LOW,1,5,5,2,4.202
HIGH,HIGH,1,8,1,0,0.6
HIGH,HIGH,1,8,5,0,0.3999999999999999
HIGH,HIGH,1,7,4,1,1.384
HIGH,HIGH,1,8,3,0,0.6
HIGH,HIGH,1,6,1,0,0.608
HIGH,HIGH,1,8,2,1,0.4
LOW,LOW,1,0,5,0,1.128
LOW,LOW,1,2,1,0,0.008
HIGH,HIGH,1,9,4,0,0.92
LOW,LOW,1,4,3,0,0.0
HIGH,HIGH,1,6,1,0,4.843999999999999
LOW,LOW,1,0,4,1,3.8939999999999992
HIGH,HIGH,0,8,3,1,2.864666666666667
HIGH,HIGH,0,7,0,0,1.0499999999999998
LOW,LOW,1,5,1,0,4.792
LOW,LOW,0,1,0,0,2.962
HIGH,HIGH,1,9,3,1,2.0246666666666666
HIGH,HIGH,1,7,3,1,2.6926666666666668
LOW,LOW,0,5,4,1,2.456
HIGH,HIGH,1,9,1,0,3.274
LOW,LOW,1,4,1,0,4.19
LOW,LOW,0,3,0,0,4.034
LOW,LOW,0,4,3,1,4.400666666666666
LOW,LOW,1,4,3,1,2.320666666666667
LOW,LOW,0,4,0,0,2.704
LOW,LOW,0,1,4,2,2.454
HIGH,HIGH,1,9,0,0,4.126
LOW,LOW,0,0,2,1,3.378
LOW,LOW,0,2,2,0,3.36
HIGH,HIGH,1,8,2,1,3.154
HIGH,HIGH,1,8,2,0,0.326
LOW,LOW,1,5,4,0,1.308
HIGH,HIGH,1,9,1,0,1.566
HIGH,HIGH,1,6,5,0,0.352
LOW,LOW,1,5,1,0,1.232
LOW,LOW,1,1,1,0,2.232
LOW,LOW,1,1,0,0,0.3399999999999999
HIGH,HIGH,1,9,4,0,1.6900000000000002
LOW,LOW,1,5,5,1,1.328
HIGH,HIGH,1,7,3,0,0.716
HIGH,HIGH,0,8,4,3,1.88
HIGH,HIGH,0,9,2,0,0.8280000000000001
LOW,LOW,1,4,2,1,3.3120000000000003
HIGH,HIGH,0,7,2,1,1.252
HIGH,HIGH,1,7,1,0,2.58
LOW,LOW,1,2,5,4,5.098
HIGH,HIGH,1,7,2,1,5.218
LOW,LOW,1,2,5,2,4.974
HIGH,HIGH,1,9,5,3,3.652
HIGH,HIGH,0,7,2,2,1.3139999999999998
HIGH,HIGH,1,9,4,3,3.056
HIGH,HIGH,0,9,5,4,0.91
HIGH,HIGH,1,8,0,0,2.862
LOW,LOW,1,2,0,0,4.318
LOW,LOW,1,0,4,2,3.016
LOW,LOW,0,1,5,4,3.522
HIGH,HIGH,0,9,3,2,4.141333333333333
LOW,LOW,1,4,3,1,5.806666666666666
LOW,LOW,1,0,3,2,1.401333333333333
HIGH,HIGH,1,8,3,1,5.118666666666666
LOW,LOW,0,4,3,1,0.8426666666666667
LOW,LOW,0,0,2,0,5.032
HIGH,HIGH,0,7,1,0,2.74
LOW,LOW,1,4,3,1,0.0666666666666666
LOW,LOW,1,4,2,0,3.862
LOW,LOW,0,0,0,0,7.216
LOW,LOW,1,1,1,0,3.508
LOW,LOW,1,2,1,0,2.542
HIGH,HIGH,1,6,4,1,4.188
HIGH,HIGH,1,6,3,2,2.7413333333333334
LOW,LOW,0,2,3,2,4.773333333333334
HIGH,HIGH,1,8,1,0,2.928
LOW,LOW,0,4,3,1,3.724666666666667
HIGH,HIGH,1,7,3,1,1.3766666666666667
HIGH,HIGH,0,9,1,0,2.348
LOW,LOW,1,4,0,0,6.976
HIGH,HIGH,1,6,4,1,4.584
LOW,LOW,0,1,1,0,3.702
LOW,LOW,0,2,1,0,0.964
LOW,LOW,0,3,0,0,4.116
LOW,LOW,1,0,4,1,2.398
HIGH,HIGH,1,7,0,0,3.878
LOW,LOW,1,5,5,2,2.722
HIGH,HIGH,0,8,5,1,3.332
LOW,LOW,0,1,4,1,2.514
LOW,LOW,0,3,1,0,3.058
HIGH,HIGH,1,7,4,2,3.29
HIGH,HIGH,1,6,1,0,2.622
LOW,LOW,0,1,0,0,3.3640000000000003
HIGH,HIGH,1,8,4,2,4.906
HIGH,HIGH,1,8,1,1,5.596
HIGH,HIGH,0,9,1,0,4.482
LOW,LOW,0,1,2,1,9.252
LOW,LOW,1,2,3,3,5.686
LOW,LOW,0,0,0,0,4.646000000000001
HIGH,HIGH,1,9,0,0,4.026
LOW,LOW,0,1,4,3,6.042
LOW,LOW,1,4,5,4,5.336
HIGH,HIGH,0,9,0,0,6.916
LOW,LOW,0,5,5,4,8.336
HIGH,HIGH,0,7,4,2,3.548
LOW,LOW,1,1,1,0,1.0
LOW,LOW,0,1,2,1,5.691999999999999
HIGH,HIGH,0,7,0,0,2.4680000000000004
HIGH,HIGH,0,9,1,0,3.4240000000000004
LOW,LOW,0,2,2,1,3.79
LOW,LOW,1,0,0,0,2.266
HIGH,HIGH,0,7,3,2,3.197333333333333
LOW,LOW,1,1,4,2,2.3360000000000003
HIGH,HIGH,0,7,1,0,2.328
HIGH,HIGH,0,6,2,1,5.127999999999999
LOW,LOW,0,1,5,5,6.846
LOW,LOW,0,5,0,0,5.468
LOW,LOW,0,3,4,3,5.904
HIGH,HIGH,0,8,2,1,5.704
LOW,LOW,1,5,4,2,5.523999999999999
LOW,LOW,0,2,1,0,4.406
LOW,LOW,1,1,1,0,3.3280000000000003
LOW,LOW,0,3,2,1,3.514
HIGH,HIGH,1,8,2,0,4.456
HIGH,HIGH,1,6,1,0,0.106
LOW,LOW,0,0,2,1,2.81
HIGH,HIGH,1,7,1,0,3.158
HIGH,HIGH,0,6,2,1,4.21
LOW,LOW,1,5,3,0,3.842
LOW,LOW,1,5,1,0,5.746
HIGH,HIGH,1,7,5,1,2.238
LOW,LOW,0,4,0,0,3.686
LOW,LOW,0,3,5,2,3.112
HIGH,HIGH,1,9,0,0,4.922
LOW,LOW,0,2,4,3,6.764
HIGH,HIGH,0,8,0,0,5.092
LOW,LOW,1,1,4,3,3.702
LOW,LOW,0,5,2,1,6.167999999999999
LOW,LOW,1,0,3,2,3.9653333333333327
HIGH,HIGH,0,7,1,0,6.364
LOW,LOW,0,5,2,1,6.832
LOW,LOW,0,0,1,0,6.300000000000001
LOW,LOW,1,0,5,5,5.916
LOW,LOW,0,2,1,0,7.19
LOW,LOW,0,3,3,2,3.903333333333333
LOW,LOW,1,1,3,1,1.1246666666666667
HIGH,HIGH,1,7,1,0,0.95
LOW,LOW,1,4,3,2,0.7833333333333333
LOW,LOW,1,5,5,4,2.874
HIGH,HIGH,0,6,3,2,2.845333333333333
HIGH,HIGH,1,8,2,1,4.874
LOW,LOW,0,5,0,0,4.302
HIGH,HIGH,0,6,5,3,6.3660000000000005
LOW,LOW,0,1,5,2,3.064
LOW,LOW,1,2,5,1,1.318
LOW,LOW,1,4,0,0,0.0999999999999999
HIGH,HIGH,1,7,2,1,0.1
HIGH,HIGH,1,7,0,0,0.714
LOW,LOW,1,2,0,0,0.904
LOW,LOW,1,2,2,0,0.642
LOW,LOW,1,1,3,0,0.0999999999999999
LOW,LOW,1,1,3,0,1.016
LOW,LOW,1,2,2,0,0.026
HIGH,HIGH,1,9,4,0,0.612
HIGH,HIGH,0,9,0,0,2.4680000000000004
HIGH,HIGH,0,6,2,1,4.126
LOW,LOW,0,0,2,1,0.64
HIGH,HIGH,0,6,3,1,5.640666666666666
LOW,LOW,1,5,1,0,0.968
HIGH,HIGH,0,9,3,1,4.076666666666667
LOW,LOW,0,1,4,2,5.061999999999999
LOW,LOW,0,1,5,2,3.526
HIGH,HIGH,0,9,0,0,0.504
HIGH,HIGH,1,9,4,1,2.264
LOW,LOW,1,1,5,2,3.286
HIGH,HIGH,1,7,3,1,4.918666666666666
LOW,LOW,0,0,2,1,5.667999999999999
LOW,LOW,0,4,1,0,3.046
LOW,LOW,1,3,5,3,3.024
HIGH,HIGH,0,8,4,1,2.448
LOW,LOW,0,1,1,0,4.308
HIGH,HIGH,1,8,1,0,1.616
LOW,LOW,1,0,4,2,4.674
HIGH,HIGH,1,6,5,4,3.3640000000000003
LOW,LOW,1,3,5,0,1.47
LOW,LOW,1,4,0,0,0.644
LOW,LOW,1,0,3,0,0.3
LOW,LOW,1,5,5,1,0.084
HIGH,HIGH,1,9,2,0,0.996
LOW,LOW,1,2,1,0,0.012
LOW,LOW,1,1,5,0,0.384
LOW,LOW,1,3,0,0,0.02
LOW,LOW,1,4,2,0,0.724
HIGH,HIGH,1,8,3,0,0.358
LOW,LOW,0,2,1,0,3.29
LOW,LOW,0,0,2,1,1.856
HIGH,HIGH,1,7,3,1,3.586666666666667
LOW,LOW,0,3,1,0,3.348
LOW,LOW,0,1,1,0,4.438000000000001
LOW,LOW,0,2,0,0,1.762
HIGH,HIGH,1,9,2,0,0.3
LOW,LOW,0,2,0,0,4.108
HIGH,HIGH,0,9,5,3,1.134
LOW,LOW,1,2,4,2,4.96
HIGH,HIGH,1,9,5,3,0.742
HIGH,HIGH,0,8,5,5,3.888
LOW,LOW,0,5,2,1,5.712
LOW,LOW,0,1,2,1,0.85
HIGH,HIGH,1,6,5,2,5.0
HIGH,HIGH,0,7,3,1,0.8886666666666666
HIGH,HIGH,1,7,4,2,3.944
LOW,LOW,1,0,0,0,4.146
LOW,LOW,1,4,3,1,5.554666666666666
LOW,LOW,1,2,3,2,4.565333333333334
HIGH,HIGH,1,6,3,1,2.366666666666667
LOW,LOW,1,1,0,0,2.608
HIGH,HIGH,0,6,0,0,2.698
LOW,LOW,0,0,5,2,1.544
LOW,LOW,1,4,2,0,3.492
LOW,LOW,0,2,3,0,3.332
LOW,LOW,1,2,4,2,5.156
HIGH,HIGH,1,9,1,0,3.912
LOW,LOW,0,0,3,1,6.6066666666666665
LOW,LOW,0,3,3,0,3.08
LOW,LOW,0,4,1,0,3.928
LOW,LOW,1,1,5,4,3.95
LOW,LOW,1,2,2,1,3.968
LOW,LOW,0,4,1,0,1.144
HIGH,HIGH,0,7,5,3,2.246
LOW,LOW,0,4,4,2,3.848
LOW,LOW,1,5,3,2,4.6513333333333335
HIGH,HIGH,1,6,4,2,0.4
LOW,LOW,0,4,0,0,2.736
LOW,LOW,0,3,1,0,5.292
LOW,LOW,0,5,2,0,4.632000000000001
LOW,LOW,1,4,1,0,5.225999999999999
LOW,LOW,0,0,0,0,2.072
HIGH,HIGH,0,8,2,1,1.318
HIGH,HIGH,0,9,5,2,0.8660000000000001
HIGH,HIGH,0,9,1,0,1.136
HIGH,HIGH,0,7,5,2,5.244
HIGH,HIGH,1,8,3,1,4.182666666666667
LOW,LOW,1,1,0,0,0.634
LOW,LOW,0,0,5,3,3.77
LOW,LOW,0,1,0,0,3.084
HIGH,HIGH,1,6,2,1,5.552
LOW,LOW,0,4,0,0,1.838
LOW,LOW,0,5,3,1,3.8166666666666655
HIGH,HIGH,1,6,3,1,0.3666666666666666
HIGH,HIGH,0,8,1,0,1.95
LOW,LOW,0,2,2,1,3.458
LOW,LOW,1,2,1,0,2.568
LOW,LOW,0,0,5,2,4.082
LOW,LOW,1,4,3,1,4.8406666666666665
LOW,LOW,1,4,4,1,2.942
LOW,LOW,0,4,1,0,5.706
LOW,LOW,1,4,4,3,5.004
LOW,LOW,0,5,2,1,3.51
LOW,LOW,1,5,4,3,2.942
LOW,LOW,0,3,0,0,2.664
LOW,LOW,1,3,0,0,3.898
LOW,LOW,0,0,5,1,1.86
LOW,LOW,1,5,3,1,3.9426666666666663
LOW,LOW,1,1,0,0,2.068
HIGH,HIGH,0,7,1,0,5.314
HIGH,HIGH,1,8,4,1,3.904
LOW,LOW,0,4,5,0,3.636
HIGH,HIGH,1,8,1,0,3.264
LOW,LOW,1,1,1,0,1.41
LOW,LOW,1,3,5,3,3.592
LOW,LOW,1,4,3,1,4.010666666666666
HIGH,HIGH,1,9,5,1,5.16
HIGH,HIGH,1,6,5,2,1.7660000000000002
LOW,LOW,1,1,4,1,3.57
LOW,LOW,1,1,0,0,0.7699999999999999
HIGH,HIGH,1,7,0,0,1.318
LOW,LOW,0,3,1,0,4.358
HIGH,HIGH,0,6,0,0,3.668
LOW,LOW,1,0,5,2,3.582
LOW,LOW,0,0,1,0,4.374
LOW,LOW,1,0,0,0,3.544
HIGH,HIGH,1,8,0,0,2.846
HIGH,HIGH,0,9,5,2,4.386
HIGH,HIGH,1,8,1,1,1.126
LOW,LOW,0,2,2,1,3.548
HIGH,HIGH,0,9,3,1,1.7906666666666666
LOW,LOW,1,5,4,1,3.194
LOW,LOW,1,3,4,2,3.3760000000000003
HIGH,HIGH,1,7,3,2,4.691333333333334
LOW,LOW,1,3,4,1,2.278
LOW,LOW,0,1,3,2,2.221333333333333
HIGH,HIGH,0,8,5,2,3.788
HIGH,HIGH,1,8,1,0,3.854
LOW,LOW,0,0,0,0,4.590000000000001
LOW,LOW,0,2,3,2,3.823333333333333
LOW,LOW,1,4,1,0,1.6880000000000002
LOW,LOW,0,4,4,2,2.818
HIGH,HIGH,1,8,2,1,3.64
LOW,LOW,1,1,0,0,2.496
HIGH,HIGH,1,9,0,0,3.672
HIGH,HIGH,0,6,4,1,2.548
LOW,LOW,1,2,2,0,1.942
LOW,LOW,1,4,5,2,3.236
HIGH,HIGH,1,8,4,3,3.676
LOW,LOW,0,5,4,3,6.728000000000001
LOW,LOW,0,2,4,3,6.214
LOW,LOW,1,2,2,1,9.07
LOW,LOW,1,4,2,1,6.593999999999999
HIGH,HIGH,0,8,5,4,6.13
HIGH,HIGH,0,6,4,3,4.812000000000001
LOW,LOW,1,2,0,0,5.781999999999999
LOW,LOW,1,3,5,5,5.574
HIGH,HIGH,0,8,2,1,4.432
LOW,LOW,0,5,2,1,7.321999999999999
LOW,LOW,0,1,3,3,8.01
LOW,LOW,0,3,3,2,8.283333333333333
LOW,LOW,0,3,2,2,5.86
LOW,LOW,0,3,4,3,7.494
LOW,LOW,0,0,0,0,7.233999999999999
LOW,LOW,1,0,1,0,5.122
LOW,LOW,0,0,3,3,3.012
LOW,LOW,0,4,5,3,4.5760000000000005
HIGH,HIGH,1,9,3,2,5.625333333333333
LOW,LOW,0,2,5,4,4.720000000000001
LOW,LOW,0,2,3,1,3.6506666666666665
LOW,LOW,1,3,2,1,1.7880000000000005
LOW,LOW,1,1,1,0,5.252
LOW,LOW,0,3,5,4,0.962
LOW,LOW,1,5,0,0,2.562
LOW,LOW,1,1,3,1,3.272666666666667
LOW,LOW,1,1,2,0,5.061999999999999
LOW,LOW,1,1,1,1,3.454
LOW,LOW,0,0,2,1,5.058
LOW,LOW,1,4,4,2,2.208
LOW,LOW,1,0,5,1,2.626
LOW,LOW,1,1,1,0,4.32
LOW,LOW,0,5,4,1,2.164
LOW,LOW,0,1,1,0,3.044
LOW,LOW,1,3,5,3,3.028
LOW,LOW,0,3,1,0,3.928
HIGH,HIGH,0,8,5,1,2.454
LOW,LOW,0,5,2,1,2.5900000000000003
LOW,LOW,1,4,0,0,3.242
HIGH,HIGH,1,8,4,1,5.494
LOW,LOW,0,2,3,1,4.060666666666666
LOW,LOW,1,0,1,0,3.542
LOW,LOW,0,1,2,1,5.432
HIGH,HIGH,0,6,1,0,4.752
LOW,LOW,0,1,1,0,5.898
LOW,LOW,1,5,0,0,3.586
HIGH,HIGH,0,6,1,0,0.844
LOW,LOW,1,0,0,0,2.334
LOW,LOW,1,0,1,0,1.924
HIGH,HIGH,0,8,0,0,0.5379999999999999
HIGH,HIGH,1,7,5,1,3.632
HIGH,HIGH,0,7,4,1,5.346
LOW,LOW,1,4,3,1,1.3966666666666667
HIGH,HIGH,0,6,1,0,2.768
HIGH,HIGH,1,6,4,2,3.294
LOW,LOW,1,1,5,2,2.7960000000000003
LOW,LOW,1,0,3,0,1.884
HIGH,HIGH,0,9,5,3,4.492
LOW,LOW,1,4,4,2,3.626
LOW,LOW,1,1,1,0,2.542
LOW,LOW,1,5,0,0,2.85
LOW,LOW,0,3,3,2,2.5813333333333333
LOW,LOW,0,0,0,0,4.99
HIGH,HIGH,0,8,4,2,5.754
LOW,LOW,0,4,0,0,1.394
HIGH,HIGH,0,9,5,3,2.5760000000000005
LOW,LOW,0,3,1,0,1.0779999999999998
HIGH,HIGH,1,6,3,2,3.641333333333333
LOW,LOW,0,3,2,1,2.55
HIGH,HIGH,1,6,3,1,4.650666666666666
HIGH,HIGH,1,7,5,0,1.278
LOW,LOW,1,1,5,0,0.936
LOW,LOW,1,5,2,0,0.622
LOW,LOW,1,3,1,0,1.624
HIGH,HIGH,1,8,1,0,0.01
HIGH,HIGH,1,6,0,0,0.324
HIGH,HIGH,1,9,2,0,0.0
LOW,LOW,1,2,5,0,1.254
LOW,LOW,1,3,4,0,1.348
LOW,LOW,1,3,5,0,1.276
LOW,LOW,0,3,5,1,1.824
LOW,LOW,0,4,4,2,1.886
LOW,LOW,0,1,1,0,1.834
LOW,LOW,1,4,0,0,3.688
LOW,LOW,1,0,1,0,1.604
LOW,LOW,0,1,0,0,2.4560000000000004
LOW,LOW,1,4,5,2,2.96
LOW,LOW,0,0,2,1,2.5760000000000005
LOW,LOW,1,0,0,0,1.6820000000000002
HIGH,HIGH,1,7,0,0,1.6960000000000002
LOW,LOW,0,1,1,0,4.018
HIGH,HIGH,1,9,4,2,2.722
LOW,LOW,0,4,4,1,1.844
LOW,LOW,0,0,2,1,5.066
LOW,LOW,1,4,5,2,2.678
HIGH,HIGH,0,7,5,2,1.846
HIGH,HIGH,1,9,4,1,0.6960000000000001
HIGH,HIGH,1,9,0,0,2.3120000000000003
LOW,LOW,0,3,2,1,4.128
HIGH,HIGH,1,6,4,1,5.196
LOW,LOW,0,0,1,0,2.002
LOW,LOW,1,2,4,2,2.994
LOW,LOW,1,2,3,1,3.340666666666667
HIGH,HIGH,1,8,5,2,1.356
LOW,LOW,0,3,3,1,2.440666666666667
LOW,LOW,1,2,3,1,3.5766666666666667
LOW,LOW,1,1,2,1,3.016
HIGH,HIGH,1,6,5,3,1.854
LOW,LOW,1,2,0,0,2.254
LOW,LOW,1,2,1,0,0.754
LOW,LOW,1,0,0,0,3.476
HIGH,HIGH,1,7,3,1,4.578666666666667
HIGH,HIGH,0,8,3,2,4.137333333333333
LOW,LOW,1,3,0,0,1.966
HIGH,HIGH,0,6,0,0,5.044
LOW,LOW,0,1,0,0,4.0
LOW,LOW,0,0,5,3,1.246
LOW,LOW,0,5,1,0,6.676
HIGH,HIGH,1,9,0,0,0.756
HIGH,HIGH,1,8,2,1,3.558
LOW,LOW,0,4,0,0,5.89
HIGH,HIGH,0,8,4,2,5.424
LOW,LOW,0,3,1,0,3.826
LOW,LOW,0,3,1,0,7.603999999999999
LOW,LOW,1,0,5,4,5.38
LOW,LOW,0,2,1,0,6.638
HIGH,HIGH,0,8,2,1,7.092
HIGH,HIGH,0,8,2,1,6.616
HIGH,HIGH,1,6,1,0,6.72
LOW,LOW,1,1,2,1,4.593999999999999
HIGH,HIGH,0,7,2,1,4.385999999999999
LOW,LOW,0,3,5,2,2.77
LOW,LOW,1,0,4,2,2.094
LOW,LOW,1,4,1,0,3.242
LOW,LOW,1,2,4,2,3.256
LOW,LOW,0,4,5,3,2.838
LOW,LOW,0,0,3,1,2.506666666666667
HIGH,HIGH,0,7,1,0,2.754
HIGH,HIGH,0,9,0,0,3.964
HIGH,HIGH,1,6,4,1,3.82
LOW,LOW,0,5,1,0,3.054
LOW,LOW,0,1,1,0,2.034
LOW,LOW,1,4,5,3,1.6960000000000002
LOW,LOW,0,2,2,0,3.914
LOW,LOW,1,2,4,3,3.052
LOW,LOW,0,1,2,0,1.424
LOW,LOW,1,4,3,1,3.6206666666666663
HIGH,HIGH,0,7,5,4,2.5760000000000005
HIGH,HIGH,0,9,0,0,3.344
LOW,LOW,0,1,5,2,2.026
LOW,LOW,0,3,1,0,2.734
LOW,LOW,1,3,5,2,2.67
LOW,LOW,0,1,1,0,4.98
LOW,LOW,0,1,0,0,4.728000000000001
LOW,LOW,1,5,4,2,2.094
HIGH,HIGH,1,8,1,0,4.104
HIGH,HIGH,0,8,1,0,5.918
LOW,LOW,0,5,0,0,0.4519999999999999
HIGH,HIGH,0,8,1,0,3.3680000000000003
HIGH,HIGH,0,8,1,0,5.596
HIGH,HIGH,1,7,2,0,4.26
LOW,LOW,0,4,3,2,3.157333333333333
LOW,LOW,1,5,0,0,4.41
HIGH,HIGH,1,7,0,0,2.234
LOW,LOW,0,0,1,0,3.3440000000000003
HIGH,HIGH,1,9,1,0,2.202
LOW,LOW,1,1,4,3,4.286
HIGH,HIGH,0,6,5,3,5.114
HIGH,HIGH,1,9,3,1,2.9966666666666666
LOW,LOW,1,2,0,0,4.166
LOW,LOW,0,4,0,0,8.736
LOW,LOW,1,0,2,1,4.656
HIGH,HIGH,0,7,1,0,8.148
HIGH,HIGH,0,7,5,4,4.648000000000001
LOW,LOW,0,3,0,0,5.678
HIGH,HIGH,0,6,2,1,6.045999999999999
LOW,LOW,0,1,3,1,4.408666666666666
LOW,LOW,0,1,0,0,6.031999999999999
HIGH,HIGH,0,7,3,2,5.727333333333334
HIGH,HIGH,0,9,1,0,2.748
LOW,LOW,0,2,0,0,2.794
HIGH,HIGH,0,6,3,2,1.917333333333333
HIGH,HIGH,1,7,2,1,1.83
HIGH,HIGH,1,9,2,1,3.08
LOW,LOW,0,0,3,1,2.458666666666667
LOW,LOW,0,2,5,2,3.738
HIGH,HIGH,1,7,2,1,3.93
LOW,LOW,1,4,5,1,2.664
LOW,LOW,1,2,5,3,4.588
HIGH,HIGH,0,6,4,2,1.558
LOW,LOW,1,2,0,0,5.81
LOW,LOW,0,0,4,3,4.854
LOW,LOW,0,2,3,2,4.255333333333334
HIGH,HIGH,0,7,3,2,4.033333333333333
HIGH,HIGH,0,8,5,2,6.08
LOW,LOW,1,4,3,2,8.495333333333333
HIGH,HIGH,1,9,5,4,8.082
HIGH,HIGH,0,6,2,1,5.557999999999999
HIGH,HIGH,0,8,1,0,5.958
HIGH,HIGH,0,8,4,2,4.702
LOW,LOW,1,2,3,0,0.3
LOW,LOW,1,2,0,0,0.922
LOW,LOW,1,1,0,0,1.59
LOW,LOW,1,3,4,0,0.606
LOW,LOW,1,1,4,1,0.05
LOW,LOW,1,3,4,0,0.044
HIGH,HIGH,1,7,3,0,1.2
LOW,LOW,1,0,2,0,1.642
LOW,LOW,1,1,1,0,0.958
HIGH,HIGH,1,6,2,0,1.252
LOW,LOW,0,4,3,2,5.907333333333333
HIGH,HIGH,1,8,5,4,6.973999999999999
LOW,LOW,0,3,2,1,5.533999999999999
HIGH,HIGH,0,6,2,1,7.004
HIGH,HIGH,0,8,1,1,6.8260000000000005
LOW,LOW,0,2,0,0,4.127999999999999
HIGH,HIGH,1,9,3,2,6.553333333333334
HIGH,HIGH,1,8,2,1,3.66
HIGH,HIGH,1,9,1,0,7.342
LOW,LOW,0,4,3,2,4.653333333333334
LOW,LOW,1,0,1,0,4.12
HIGH,HIGH,1,8,0,0,6.03
LOW,LOW,0,3,5,2,6.33
LOW,LOW,1,0,5,4,7.842
LOW,LOW,1,2,4,3,6.83
HIGH,HIGH,0,7,0,0,7.874
LOW,LOW,0,3,1,0,6.108
HIGH,HIGH,0,7,5,3,4.86
HIGH,HIGH,0,7,3,3,5.546
HIGH,HIGH,0,9,1,0,7.552
LOW,LOW,1,4,4,2,2.7920000000000003
HIGH,HIGH,0,6,5,2,3.81
LOW,LOW,1,3,4,2,3.13
LOW,LOW,1,5,4,2,1.4900000000000002
LOW,LOW,1,4,1,0,5.052
HIGH,HIGH,1,9,5,3,4.988
LOW,LOW,0,2,5,3,3.176
LOW,LOW,0,5,0,0,3.35
HIGH,HIGH,1,8,3,1,2.6886666666666668
HIGH,HIGH,0,7,1,0,3.688
HIGH,HIGH,1,9,1,0,4.938
LOW,LOW,0,3,5,1,4.35
HIGH,HIGH,0,8,4,3,0.982
LOW,LOW,1,3,1,0,1.92
LOW,LOW,0,3,3,2,3.441333333333333
LOW,LOW,0,4,0,0,2.036
LOW,LOW,1,1,0,0,2.864
HIGH,HIGH,0,6,2,1,3.76
LOW,LOW,1,1,5,3,5.228
HIGH,HIGH,0,9,2,1,2.764
HIGH,HIGH,1,9,1,1,8.168
LOW,LOW,0,0,2,1,6.402
HIGH,HIGH,1,6,5,4,5.996
LOW,LOW,1,0,2,1,7.5859999999999985
HIGH,HIGH,0,6,1,0,5.5
LOW,LOW,1,4,0,0,5.12
LOW,LOW,0,4,0,0,6.402
LOW,LOW,0,5,5,4,7.668
LOW,LOW,1,1,4,2,5.557999999999999
HIGH,HIGH,0,8,5,4,5.904
LOW,LOW,0,4,5,3,4.09
HIGH,HIGH,0,6,3,1,3.456666666666667
HIGH,HIGH,0,7,3,1,0.5386666666666666
LOW,LOW,1,3,3,2,4.907333333333334
LOW,LOW,1,5,5,2,3.37
LOW,LOW,0,1,4,3,3.318
LOW,LOW,0,3,0,0,1.148
LOW,LOW,1,4,4,2,4.609999999999999
HIGH,HIGH,1,7,1,0,3.498
LOW,LOW,0,3,3,1,4.0906666666666665
LOW,LOW,1,0,5,0,1.618
LOW,LOW,1,2,1,0,1.958
HIGH,HIGH,1,8,5,0,0.0
LOW,LOW,1,0,2,0,1.628
LOW,LOW,1,0,3,0,0.3399999999999999
HIGH,HIGH,1,9,0,0,1.582
LOW,LOW,1,2,2,0,0.634
LOW,LOW,1,4,5,0,0.962
LOW,LOW,1,5,1,0,1.688
LOW,LOW,1,0,4,0,0.3299999999999999
LOW,LOW,0,5,0,0,3.088
LOW,LOW,1,0,5,2,0.6839999999999999
LOW,LOW,0,4,3,1,5.406666666666666
LOW,LOW,1,5,4,3,4.295999999999999
HIGH,HIGH,1,8,0,0,3.154
HIGH,HIGH,0,6,2,1,3.124
HIGH,HIGH,0,8,0,0,3.724
LOW,LOW,1,4,4,3,5.964
LOW,LOW,0,2,3,1,6.306666666666667
HIGH,HIGH,1,9,5,3,4.618
LOW,LOW,1,1,0,0,5.749999999999999
LOW,LOW,0,1,0,0,5.412
LOW,LOW,0,1,4,3,6.064
LOW,LOW,0,1,0,0,7.375999999999999
LOW,LOW,0,2,4,3,3.492
LOW,LOW,1,2,0,0,6.354
HIGH,HIGH,0,8,3,2,4.383333333333334
HIGH,HIGH,0,8,5,5,5.132000000000001
LOW,LOW,0,2,3,2,3.797333333333333
LOW,LOW,1,0,1,0,8.57
LOW,LOW,1,2,0,0,0.636
HIGH,HIGH,1,7,1,0,0.618
HIGH,HIGH,1,6,0,0,0.0
HIGH,HIGH,1,7,0,0,1.264
HIGH,HIGH,1,8,1,0,1.254
LOW,LOW,1,4,3,0,0.956
HIGH,HIGH,1,8,5,0,0.02
LOW,LOW,1,0,5,1,0.3399999999999999
HIGH,HIGH,1,8,5,0,1.652
HIGH,HIGH,1,8,1,0,0.38
LOW,LOW,1,3,3,1,1.2966666666666666
LOW,LOW,0,1,2,1,2.8360000000000003
LOW,LOW,0,4,5,2,3.388
LOW,LOW,1,2,1,0,4.432
HIGH,HIGH,1,9,2,1,4.564
LOW,LOW,0,1,1,0,3.012
HIGH,HIGH,1,9,1,0,3.158
LOW,LOW,1,1,5,2,1.606
LOW,LOW,1,5,5,2,4.254
LOW,LOW,1,3,2,1,0.722
LOW,LOW,1,4,1,0,2.562
HIGH,HIGH,1,8,1,0,3.57
LOW,LOW,1,4,5,3,6.015999999999999
HIGH,HIGH,1,7,1,0,0.318
LOW,LOW,0,2,4,2,2.436
LOW,LOW,1,1,4,2,3.762
HIGH,HIGH,1,6,4,2,2.5120000000000005
LOW,LOW,0,3,4,1,1.512
LOW,LOW,1,5,0,0,2.226
HIGH,HIGH,1,6,4,2,3.77
HIGH,HIGH,1,9,0,0,2.198
LOW,LOW,1,5,3,1,1.7526666666666668
LOW,LOW,1,2,5,3,5.68
LOW,LOW,0,5,4,1,3.472
LOW,LOW,1,3,3,1,3.8586666666666662
LOW,LOW,0,3,4,1,3.414
HIGH,HIGH,1,8,4,1,3.266
LOW,LOW,1,2,0,0,2.664
LOW,LOW,0,4,5,3,3.116
HIGH,HIGH,1,7,0,0,2.3360000000000003
LOW,LOW,1,3,3,0,1.286
LOW,LOW,1,2,2,0,0.656
HIGH,HIGH,1,6,2,0,0.0579999999999999
HIGH,HIGH,1,8,1,0,1.028
LOW,LOW,1,0,4,0,0.612
LOW,LOW,1,0,5,0,1.562
HIGH,HIGH,1,8,5,0,1.278
LOW,LOW,1,5,1,0,1.664
HIGH,HIGH,1,8,0,0,1.27
HIGH,HIGH,1,7,3,0,1.616
LOW,LOW,1,0,3,0,0.0
LOW,LOW,1,3,3,0,0.3999999999999999
LOW,LOW,1,0,0,0,0.614
HIGH,HIGH,1,8,3,0,0.724
HIGH,HIGH,1,8,4,1,1.668
HIGH,HIGH,1,6,3,0,0.3
LOW,LOW,1,2,4,0,2.164
LOW,LOW,1,2,0,0,0.632
LOW,LOW,1,5,5,0,0.8999999999999999
HIGH,HIGH,1,8,1,0,1.572
LOW,LOW,0,2,4,3,4.754000000000001
LOW,LOW,1,5,1,0,7.745999999999999
LOW,LOW,1,3,0,0,6.442
LOW,LOW,1,0,4,3,5.5600000000000005
LOW,LOW,1,1,3,2,5.873333333333333
LOW,LOW,1,3,4,3,5.28
HIGH,HIGH,0,6,4,2,5.849999999999999
LOW,LOW,0,0,3,2,6.419333333333334
LOW,LOW,0,5,4,2,7.465999999999999
LOW,LOW,0,5,0,0,6.2860000000000005
LOW,LOW,0,2,0,0,2.14
HIGH,HIGH,1,9,2,1,0.748
HIGH,HIGH,1,8,4,2,2.688
HIGH,HIGH,1,9,0,0,0.3
HIGH,HIGH,0,8,5,3,2.84
LOW,LOW,1,5,3,2,5.289333333333333
HIGH,HIGH,1,8,3,2,1.0693333333333332
LOW,LOW,1,4,4,2,0.716
LOW,LOW,0,5,3,2,4.125333333333333
LOW,LOW,1,4,1,0,2.266
LOW,LOW,1,4,2,1,4.272
LOW,LOW,0,5,5,0,1.362
LOW,LOW,1,5,4,1,5.164
LOW,LOW,1,4,5,2,3.016
HIGH,HIGH,0,7,5,3,3.456
LOW,LOW,1,3,0,0,2.3400000000000003
HIGH,HIGH,0,8,5,4,4.806000000000001
LOW,LOW,0,1,2,0,4.007999999999999
LOW,LOW,0,0,3,1,2.886666666666667
LOW,LOW,1,1,5,2,3.358
LOW,LOW,0,5,1,0,5.004
HIGH,HIGH,0,9,3,1,2.4266666666666667
LOW,LOW,0,4,0,0,2.664
LOW,LOW,0,4,5,2,2.108
LOW,LOW,1,2,5,3,3.348
LOW,LOW,1,0,5,2,3.2960000000000003
HIGH,HIGH,1,9,4,2,2.71
HIGH,HIGH,0,9,4,3,4.808000000000001
LOW,LOW,0,0,4,1,2.762
LOW,LOW,0,4,4,1,3.756
HIGH,HIGH,0,7,0,0,5.2780000000000005
LOW,LOW,0,4,3,1,6.890666666666666
HIGH,HIGH,0,6,3,2,5.405333333333334
LOW,LOW,0,3,5,5,6.500000000000001
LOW,LOW,0,2,1,0,6.238
HIGH,HIGH,0,9,5,4,6.548
LOW,LOW,1,0,5,4,8.184000000000001
LOW,LOW,0,1,1,0,5.03
HIGH,HIGH,0,9,5,4,5.518
LOW,LOW,0,0,0,0,5.97
LOW,LOW,0,5,3,0,2.75
LOW,LOW,1,5,1,0,2.0
LOW,LOW,1,2,3,1,2.374666666666667
LOW,LOW,1,3,5,2,3.602
HIGH,HIGH,1,7,2,0,2.248
HIGH,HIGH,1,8,3,1,2.0186666666666664
LOW,LOW,1,1,0,0,3.598
LOW,LOW,1,4,2,0,2.872
HIGH,HIGH,1,9,2,1,3.406
LOW,LOW,1,3,1,0,2.248
LOW,LOW,0,2,4,2,3.148
HIGH,HIGH,0,9,3,1,4.046666666666667
HIGH,HIGH,0,6,3,1,3.3826666666666667
LOW,LOW,1,4,0,0,1.596
HIGH,HIGH,1,7,1,0,2.192
LOW,LOW,1,5,1,0,0.8999999999999999
HIGH,HIGH,1,8,0,0,4.896
HIGH,HIGH,0,8,1,0,5.25
LOW,LOW,1,1,5,2,2.41
HIGH,HIGH,1,7,4,3,4.053999999999999
LOW,LOW,1,3,0,0,2.28
HIGH,HIGH,1,6,3,1,3.026666666666667
LOW,LOW,0,3,0,0,3.636
HIGH,HIGH,0,8,3,1,2.808666666666667
LOW,LOW,0,4,0,0,3.354
LOW,LOW,1,1,0,0,2.878
LOW,LOW,1,3,0,0,2.278
LOW,LOW,0,3,4,2,4.772
HIGH,HIGH,1,8,3,1,1.2986666666666666
LOW,LOW,0,5,1,0,4.27
HIGH,HIGH,0,9,1,0,3.052
HIGH,HIGH,1,6,5,3,1.966
LOW,LOW,0,5,3,1,2.788666666666667
LOW,LOW,0,4,3,1,3.440666666666667
HIGH,HIGH,1,9,3,2,3.917333333333333
HIGH,HIGH,0,9,0,0,1.81
LOW,LOW,1,4,0,0,2.264
LOW,LOW,0,5,1,0,1.706
LOW,LOW,0,3,1,0,0.4499999999999999
LOW,LOW,0,0,3,2,3.207333333333333
LOW,LOW,1,4,4,2,4.216
HIGH,HIGH,0,7,3,1,3.7386666666666666
HIGH,HIGH,1,7,5,1,1.636
HIGH,HIGH,1,9,4,1,3.738
LOW,LOW,0,0,0,0,2.478
HIGH,HIGH,1,8,5,2,3.026
LOW,LOW,1,2,0,0,0.0999999999999999
LOW,LOW,1,5,2,0,2.956
LOW,LOW,0,5,2,0,4.023999999999999
LOW,LOW,1,2,0,0,3.248
LOW,LOW,0,5,3,2,5.393333333333334
HIGH,HIGH,0,9,5,3,5.394
LOW,LOW,0,3,5,3,3.008
LOW,LOW,1,3,0,0,4.85
HIGH,HIGH,0,8,4,2,7.137999999999999
LOW,LOW,1,5,1,0,5.446
LOW,LOW,0,1,3,2,7.363333333333333
LOW,LOW,1,4,0,0,4.545999999999999
HIGH,HIGH,0,7,5,4,3.312
HIGH,HIGH,0,8,3,3,6.918
HIGH,HIGH,0,6,3,2,5.767333333333334
LOW,LOW,1,1,5,5,6.966
HIGH,HIGH,0,9,0,0,5.747999999999999
HIGH,HIGH,0,7,5,4,5.744
HIGH,HIGH,1,6,0,0,6.474
LOW,LOW,1,1,2,1,5.584
LOW,LOW,0,0,2,1,4.768
LOW,LOW,0,5,2,1,5.072
LOW,LOW,0,0,4,3,4.788000000000001
HIGH,HIGH,1,6,3,3,8.122
LOW,LOW,1,0,5,4,8.214
HIGH,HIGH,0,9,2,1,6.213999999999999
LOW,LOW,0,1,0,0,4.135999999999999
LOW,LOW,0,2,2,2,5.768
LOW,LOW,0,4,0,0,5.385999999999999
HIGH,HIGH,1,8,4,3,5.932
HIGH,HIGH,1,7,5,4,6.5
HIGH,HIGH,0,6,5,4,7.314
LOW,LOW,0,4,0,0,5.152
HIGH,HIGH,1,9,2,1,5.873999999999999
HIGH,HIGH,1,8,5,3,3.946
LOW,LOW,0,2,3,1,2.0246666666666666
LOW,LOW,1,0,0,0,0.3999999999999999
HIGH,HIGH,0,7,2,0,3.764
HIGH,HIGH,1,8,1,0,5.088
LOW,LOW,0,5,2,0,2.9679999999999995
HIGH,HIGH,1,8,0,0,4.446
HIGH,HIGH,1,9,4,3,5.346
LOW,LOW,0,3,1,0,0.524
HIGH,HIGH,0,6,3,2,3.767333333333333
HIGH,HIGH,1,8,0,0,0.626
HIGH,HIGH,1,8,0,0,0.97
LOW,LOW,1,3,3,0,0.646
HIGH,HIGH,1,9,5,1,0.716
LOW,LOW,1,2,3,0,0.91
LOW,LOW,1,0,2,0,0.956
HIGH,HIGH,1,6,4,0,1.236
HIGH,HIGH,1,6,3,0,1.0419999999999998
LOW,LOW,1,3,1,0,0.648
LOW,LOW,1,4,4,0,1.768
LOW,LOW,1,0,5,0,2.562
LOW,LOW,0,5,2,0,4.024
HIGH,HIGH,1,9,4,2,2.652
LOW,LOW,1,0,5,1,0.722
LOW,LOW,0,0,3,1,3.442666666666667
LOW,LOW,1,2,4,2,2.3960000000000004
LOW,LOW,1,2,5,2,3.118
LOW,LOW,0,0,3,1,2.4706666666666672
HIGH,HIGH,1,9,2,1,5.568
LOW,LOW,0,3,0,0,6.23
HIGH,HIGH,0,7,0,0,3.092
LOW,LOW,1,4,0,0,6.464
HIGH,HIGH,1,7,2,1,1.7160000000000002
HIGH,HIGH,0,9,2,1,0.6679999999999999
HIGH,HIGH,0,9,1,0,5.968
LOW,LOW,1,3,4,1,2.9319999999999995
LOW,LOW,0,3,5,3,3.76
HIGH,HIGH,1,6,3,2,4.631333333333334
HIGH,HIGH,1,8,0,0,2.548
LOW,LOW,0,4,2,0,5.8
HIGH,HIGH,0,8,1,0,2.774
HIGH,HIGH,0,9,3,1,5.612666666666667
HIGH,HIGH,1,9,3,1,5.460666666666666
HIGH,HIGH,1,6,4,2,4.67
HIGH,HIGH,0,8,0,0,0.908
LOW,LOW,1,4,2,0,2.55
HIGH,HIGH,1,7,1,0,2.892
LOW,LOW,1,0,2,1,3.734
LOW,LOW,1,0,1,0,5.424
HIGH,HIGH,1,9,0,0,2.596
HIGH,HIGH,1,9,3,0,0.3
LOW,LOW,1,1,0,0,0.0999999999999999
HIGH,HIGH,1,7,0,0,0.0
LOW,LOW,1,0,3,0,0.104
LOW,LOW,1,5,0,0,0.656
HIGH,HIGH,1,7,2,0,0.6
LOW,LOW,1,1,2,0,0.0
LOW,LOW,1,4,2,0,0.052
LOW,LOW,1,1,3,0,0.0
LOW,LOW,1,2,0,0,0.3339999999999999
LOW,LOW,0,2,2,1,8.004
HIGH,HIGH,0,7,0,0,6.590000000000001
HIGH,HIGH,0,7,4,3,5.760000000000001
HIGH,HIGH,0,9,0,0,4.038
HIGH,HIGH,0,7,5,4,5.908
HIGH,HIGH,0,6,3,2,6.871333333333333
LOW,LOW,1,5,5,3,4.246
HIGH,HIGH,0,8,5,4,6.265999999999999
LOW,LOW,0,4,0,0,4.271999999999999
HIGH,HIGH,0,8,1,0,5.992
LOW,LOW,0,3,3,2,3.473333333333333
LOW,LOW,1,3,1,0,1.912
LOW,LOW,1,2,3,1,1.7926666666666669
HIGH,HIGH,0,8,4,2,5.723999999999999
HIGH,HIGH,1,8,5,3,3.634
LOW,LOW,1,3,0,0,2.992
LOW,LOW,1,0,1,0,2.35
HIGH,HIGH,1,8,5,3,3.948
HIGH,HIGH,1,8,2,1,0.722
HIGH,HIGH,1,9,4,2,1.8080000000000005
HIGH,HIGH,1,7,3,0,0.0
HIGH,HIGH,1,6,2,0,1.58
HIGH,HIGH,1,6,1,0,0.948
LOW,LOW,1,1,3,0,0.982
LOW,LOW,1,0,4,1,0.388
LOW,LOW,1,0,1,0,0.752
LOW,LOW,1,2,2,0,0.0
LOW,LOW,1,0,5,0,2.81
LOW,LOW,1,0,2,0,0.364
LOW,LOW,1,1,2,0,1.268
LOW,LOW,0,3,5,2,0.5800000000000001
HIGH,HIGH,1,9,2,1,3.942
LOW,LOW,1,5,1,0,5.448
LOW,LOW,1,2,0,0,5.565999999999999
HIGH,HIGH,0,7,3,1,2.1666666666666665
HIGH,HIGH,1,6,1,0,3.678
LOW,LOW,1,5,1,0,3.18
HIGH,HIGH,1,7,0,0,3.49
LOW,LOW,0,4,0,0,4.998
LOW,LOW,1,5,1,0,0.644
LOW,LOW,1,4,3,0,0.918
LOW,LOW,1,1,2,0,0.6
HIGH,HIGH,1,9,1,0,0.73
LOW,LOW,1,4,3,0,0.04
HIGH,HIGH,1,7,5,0,0.69
LOW,LOW,1,4,0,0,0.694
LOW,LOW,1,0,3,0,1.0679999999999998
HIGH,HIGH,1,8,1,0,0.6799999999999999
HIGH,HIGH,1,8,4,0,0.958
LOW,LOW,1,5,3,0,0.984
HIGH,HIGH,0,8,1,0,5.288
LOW,LOW,0,2,2,1,3.444
LOW,LOW,0,2,4,3,3.226
LOW,LOW,1,0,0,0,2.55
HIGH,HIGH,1,9,2,1,4.593999999999999
HIGH,HIGH,0,6,3,2,5.043333333333334
HIGH,HIGH,1,7,2,1,5.045999999999999
HIGH,HIGH,0,9,5,2,3.15
HIGH,HIGH,0,7,5,3,2.228
LOW,LOW,1,2,0,0,2.912
LOW,LOW,1,0,5,1,4.494
HIGH,HIGH,1,9,4,1,2.642
LOW,LOW,1,5,3,1,1.6106666666666667
LOW,LOW,1,5,1,0,3.164
LOW,LOW,1,2,5,2,4.470000000000001
HIGH,HIGH,1,8,2,0,3.632
HIGH,HIGH,0,9,4,2,2.2
HIGH,HIGH,1,9,2,0,2.684
LOW,LOW,0,1,4,2,3.484
HIGH,HIGH,1,6,3,1,4.674666666666666
LOW,LOW,0,5,0,0,3.01
HIGH,HIGH,0,7,2,1,2.232
HIGH,HIGH,1,8,3,2,3.291333333333333
LOW,LOW,0,2,4,3,2.828
LOW,LOW,0,2,5,4,2.926
LOW,LOW,1,4,4,2,2.08
LOW,LOW,0,0,0,0,5.64
LOW,LOW,0,4,3,1,4.470666666666666
LOW,LOW,0,2,0,0,4.036
LOW,LOW,0,1,5,2,2.1619999999999995
LOW,LOW,1,2,5,1,3.484
LOW,LOW,0,4,2,1,3.152
LOW,LOW,0,0,1,0,1.0759999999999998
HIGH,HIGH,1,9,4,1,5.028
LOW,LOW,0,3,0,0,3.068
LOW,LOW,1,0,4,2,3.262
LOW,LOW,1,5,5,2,3.728
HIGH,HIGH,0,8,1,0,6.198
HIGH,HIGH,1,7,5,3,4.07
LOW,LOW,0,0,2,1,3.5620000000000003
LOW,LOW,1,3,0,0,4.452
HIGH,HIGH,1,7,3,2,4.873333333333334
HIGH,HIGH,1,8,3,0,3.846
LOW,LOW,0,2,4,1,3.418
HIGH,HIGH,0,8,0,0,0.824
LOW,LOW,0,2,2,1,2.22
HIGH,HIGH,1,6,2,1,0.72
HIGH,HIGH,0,8,5,3,7.696
LOW,LOW,1,0,1,0,5.722
HIGH,HIGH,0,6,1,0,3.75
HIGH,HIGH,0,6,5,3,3.466
LOW,LOW,1,2,4,3,3.318
HIGH,HIGH,1,8,4,2,2.64
LOW,LOW,0,1,0,0,4.242
HIGH,HIGH,1,6,2,1,3.656
LOW,LOW,1,0,5,3,4.086
HIGH,HIGH,1,8,0,0,3.008
LOW,LOW,0,5,1,0,4.958
HIGH,HIGH,1,7,4,1,0.3859999999999999
HIGH,HIGH,0,9,4,2,5.0120000000000005
HIGH,HIGH,1,6,5,3,1.052
LOW,LOW,0,2,0,0,5.28
HIGH,HIGH,0,6,0,0,4.314
HIGH,HIGH,1,9,4,2,2.992
HIGH,HIGH,0,9,0,0,2.702
LOW,LOW,0,3,2,1,3.836
LOW,LOW,0,4,2,0,0.758
HIGH,HIGH,0,9,4,2,3.474
HIGH,HIGH,0,9,3,1,3.0986666666666665
HIGH,HIGH,0,7,1,0,0.808
LOW,LOW,0,4,1,0,3.056
HIGH,HIGH,1,9,4,2,0.5
LOW,LOW,0,5,3,1,6.310666666666667
LOW,LOW,0,4,4,2,2.528
HIGH,HIGH,0,6,5,2,4.122
LOW,LOW,0,5,4,2,4.449999999999999
LOW,LOW,0,1,3,2,1.0213333333333332
LOW,LOW,0,4,0,0,4.016
HIGH,HIGH,1,7,2,1,2.4240000000000004
HIGH,HIGH,1,7,2,1,3.642
LOW,LOW,0,1,4,3,5.426
HIGH,HIGH,0,8,0,0,5.626
HIGH,HIGH,1,9,0,0,6.336
LOW,LOW,0,4,2,1,6.276
HIGH,HIGH,0,8,0,0,4.338
HIGH,HIGH,0,6,5,5,8.378
HIGH,HIGH,0,8,5,3,5.682
LOW,LOW,0,1,3,2,5.461333333333334
HIGH,HIGH,0,7,4,4,6.174
HIGH,HIGH,0,6,1,0,2.4160000000000004
LOW,LOW,1,1,4,0,0.99
HIGH,HIGH,1,6,0,0,1.35
HIGH,HIGH,1,9,5,0,0.614
LOW,LOW,1,4,2,0,1.102
HIGH,HIGH,1,7,3,0,1.0139999999999998
HIGH,HIGH,1,6,3,0,0.946
LOW,LOW,1,4,5,1,1.268
LOW,LOW,1,1,5,0,1.314
LOW,LOW,1,0,1,0,0.35
LOW,LOW,1,0,0,0,0.0
LOW,LOW,1,3,1,0,5.889999999999999
HIGH,HIGH,0,6,0,0,2.35
HIGH,HIGH,1,8,5,2,2.276
LOW,LOW,0,0,2,1,3.428
LOW,LOW,1,5,0,0,2.542
LOW,LOW,1,2,2,1,2.752
LOW,LOW,1,1,5,3,3.966
LOW,LOW,1,4,1,0,1.914
HIGH,HIGH,1,6,2,1,2.05
LOW,LOW,0,2,1,0,2.052
HIGH,HIGH,1,8,0,0,0.648
HIGH,HIGH,1,7,0,0,0.0
LOW,LOW,1,5,2,0,0.3
LOW,LOW,1,1,4,0,2.536
LOW,LOW,1,5,0,0,0.3
LOW,LOW,1,3,2,0,0.6
LOW,LOW,1,2,3,0,1.326
HIGH,HIGH,1,6,2,0,1.0219999999999998
LOW,LOW,1,5,4,1,0.35
HIGH,HIGH,1,9,1,0,0.8999999999999999
LOW,LOW,1,5,3,1,2.6086666666666667
HIGH,HIGH,0,7,1,0,3.996
LOW,LOW,1,2,3,1,3.554666666666667
LOW,LOW,0,2,5,3,2.51
HIGH,HIGH,1,8,5,1,3.556
HIGH,HIGH,1,8,5,4,1.2919999999999998
LOW,LOW,1,2,1,0,2.93
HIGH,HIGH,0,8,3,1,3.818666666666667
LOW,LOW,0,5,0,0,3.376
HIGH,HIGH,1,6,0,0,2.818
HIGH,HIGH,0,9,0,0,4.644
LOW,LOW,0,4,4,2,4.914
LOW,LOW,0,1,2,1,8.44
HIGH,HIGH,1,8,4,3,4.988
LOW,LOW,1,5,4,3,4.326
LOW,LOW,0,5,3,2,7.875333333333334
HIGH,HIGH,1,9,5,3,4.351999999999999
LOW,LOW,0,1,4,3,5.158
LOW,LOW,0,2,0,0,5.118
LOW,LOW,0,0,2,1,6.324
HIGH,HIGH,1,9,0,0,5.762
HIGH,HIGH,0,8,3,2,5.275333333333333
HIGH,HIGH,1,8,0,0,4.736
LOW,LOW,0,3,0,0,4.614000000000001
LOW,LOW,0,3,1,0,4.732
HIGH,HIGH,1,6,5,4,6.896
LOW,LOW,0,1,5,3,8.014
LOW,LOW,0,0,2,2,7.786
HIGH,HIGH,0,7,1,0,7.048
HIGH,HIGH,0,6,4,3,4.298
LOW,LOW,0,5,2,2,6.112
LOW,LOW,0,1,4,3,5.864
LOW,LOW,0,3,5,4,4.8420000000000005
LOW,LOW,1,0,5,2,5.853999999999999
HIGH,HIGH,0,7,2,1,6.842
LOW,LOW,0,2,4,3,6.706
HIGH,HIGH,0,9,1,0,6.192
HIGH,HIGH,1,7,4,2,5.9
HIGH,HIGH,1,6,0,0,6.002000000000001
LOW,LOW,0,5,1,0,7.248
LOW,LOW,0,3,1,0,4.976
HIGH,HIGH,1,8,0,0,3.582
LOW,LOW,1,5,4,2,4.636
HIGH,HIGH,1,9,2,1,2.042
HIGH,HIGH,0,6,4,2,4.796
HIGH,HIGH,1,9,4,2,3.3720000000000003
LOW,LOW,0,5,0,0,1.694
LOW,LOW,0,5,5,1,4.622000000000001
LOW,LOW,0,2,0,0,2.806
LOW,LOW,0,2,4,3,4.53
HIGH,HIGH,0,9,2,1,9.946
HIGH,HIGH,0,6,5,3,4.364
LOW,LOW,0,1,0,0,3.1539999999999995
LOW,LOW,0,2,5,5,4.512
LOW,LOW,0,0,1,1,7.102
HIGH,HIGH,0,8,5,4,6.146
HIGH,HIGH,1,6,4,3,3.616
HIGH,HIGH,1,9,5,3,5.604
LOW,LOW,0,1,1,0,4.061999999999999
HIGH,HIGH,0,9,1,0,5.592
LOW,LOW,1,1,3,2,3.101333333333333
LOW,LOW,1,0,4,1,4.696
LOW,LOW,1,5,4,3,2.752
LOW,LOW,0,3,5,3,2.548
LOW,LOW,1,4,1,0,1.628
LOW,LOW,0,0,1,0,3.622
LOW,LOW,0,1,1,0,3.662
LOW,LOW,0,2,0,0,5.2620000000000005
HIGH,HIGH,0,8,0,0,3.114
LOW,LOW,1,3,4,1,2.564
HIGH,HIGH,1,6,2,1,3.696
HIGH,HIGH,0,7,4,1,3.45
HIGH,HIGH,1,6,0,0,0.3
LOW,LOW,1,5,5,2,4.24
LOW,LOW,1,2,1,0,2.954
LOW,LOW,0,3,5,2,1.872
HIGH,HIGH,1,6,4,2,0.214
LOW,LOW,0,4,2,1,2.726
LOW,LOW,0,4,4,2,2.804
LOW,LOW,1,1,0,0,6.106
HIGH,HIGH,1,6,0,0,4.784
LOW,LOW,0,4,3,2,3.519333333333333
LOW,LOW,0,2,3,1,2.4346666666666668
HIGH,HIGH,1,7,1,0,3.9
HIGH,HIGH,1,7,0,0,4.248
LOW,LOW,1,3,5,2,5.528
LOW,LOW,1,5,2,1,1.6820000000000002
LOW,LOW,1,5,3,1,4.8726666666666665
HIGH,HIGH,1,8,5,2,5.832
LOW,LOW,0,3,5,2,3.154
LOW,LOW,1,2,0,0,7.737999999999999
LOW,LOW,0,1,2,1,7.747999999999999
LOW,LOW,1,3,0,0,4.754
LOW,LOW,1,4,1,0,3.88
HIGH,HIGH,0,7,0,0,5.771999999999999
LOW,LOW,0,0,3,2,8.977333333333332
HIGH,HIGH,1,6,3,2,5.4013333333333335
HIGH,HIGH,1,7,1,0,4.904
LOW,LOW,0,3,5,3,5.772
LOW,LOW,0,2,2,2,4.554
HIGH,HIGH,0,8,0,0,1.832
LOW,LOW,1,5,3,1,5.1066666666666665
LOW,LOW,1,2,0,0,6.714
HIGH,HIGH,0,8,5,3,3.798
LOW,LOW,0,5,3,1,4.176666666666667
HIGH,HIGH,0,9,4,2,3.228
HIGH,HIGH,0,7,4,1,2.768
LOW,LOW,0,4,2,1,1.906
LOW,LOW,0,2,4,3,0.95
LOW,LOW,0,1,4,0,3.98
HIGH,HIGH,0,7,5,2,0.918
HIGH,HIGH,0,7,1,0,2.9319999999999995
LOW,LOW,0,0,5,3,4.45
LOW,LOW,0,3,4,1,2.458
LOW,LOW,0,4,3,1,4.088666666666667
LOW,LOW,0,5,4,2,4.072
LOW,LOW,1,3,3,1,3.8766666666666665
LOW,LOW,0,4,1,0,1.126
LOW,LOW,0,3,3,1,4.064666666666667
LOW,LOW,0,1,0,0,4.964
LOW,LOW,1,2,3,1,6.252666666666666
LOW,LOW,0,5,3,2,3.215333333333333
HIGH,HIGH,1,7,1,0,2.604
LOW,LOW,0,0,4,2,2.74
LOW,LOW,0,5,2,1,0.6
HIGH,HIGH,0,6,3,1,1.2366666666666664
HIGH,HIGH,0,9,1,0,3.264
HIGH,HIGH,1,7,0,0,3.172
HIGH,HIGH,0,8,3,1,0.8426666666666667
LOW,LOW,0,1,5,3,2.252
LOW,LOW,1,4,4,2,3.874
LOW,LOW,0,5,1,0,5.202
LOW,LOW,1,0,5,2,4.028
LOW,LOW,0,2,2,1,3.45
LOW,LOW,1,3,4,2,2.612
LOW,LOW,1,3,0,0,3.91
HIGH,HIGH,0,9,3,2,5.707333333333334
HIGH,HIGH,0,9,2,1,3.79
LOW,LOW,0,3,5,2,5.42
LOW,LOW,1,5,4,2,4.932
LOW,LOW,0,3,5,4,6.378
HIGH,HIGH,1,8,2,1,6.476
LOW,LOW,1,1,3,1,5.336666666666666
LOW,LOW,0,2,3,3,6.096
LOW,LOW,0,2,3,2,8.213333333333333
HIGH,HIGH,0,7,0,0,7.013999999999999
LOW,LOW,0,4,2,1,7.703999999999999
LOW,LOW,1,2,2,1,6.408
LOW,LOW,0,0,2,1,5.493999999999999
LOW,LOW,0,5,2,2,6.254
HIGH,HIGH,1,7,5,3,3.386
HIGH,HIGH,1,8,2,1,5.207999999999999
HIGH,HIGH,1,8,3,2,4.589333333333334
HIGH,HIGH,1,9,5,2,0.7839999999999999
HIGH,HIGH,0,7,2,1,5.378
HIGH,HIGH,1,9,2,1,4.819999999999999
HIGH,HIGH,1,8,3,2,4.533333333333334
HIGH,HIGH,0,6,1,0,4.352
HIGH,HIGH,1,7,2,1,5.291999999999999
LOW,LOW,0,1,0,0,0.768
HIGH,HIGH,1,9,4,1,3.364
HIGH,HIGH,1,8,2,0,4.472
LOW,LOW,1,3,4,2,4.39
LOW,LOW,1,1,4,1,4.013999999999999
LOW,LOW,0,0,4,2,1.876
LOW,LOW,1,3,2,1,1.6920000000000002
LOW,LOW,0,2,1,0,4.442
HIGH,HIGH,0,7,0,0,5.866
LOW,LOW,0,3,1,0,3.048
LOW,LOW,1,4,1,0,3.666
LOW,LOW,1,5,5,0,1.004
LOW,LOW,1,4,4,1,0.4039999999999999
HIGH,HIGH,1,6,1,0,0.616
HIGH,HIGH,1,8,5,0,1.742
HIGH,HIGH,1,9,5,0,0.908
HIGH,HIGH,1,8,5,1,1.06
LOW,LOW,1,3,4,0,0.32
HIGH,HIGH,1,7,4,0,0.94
LOW,LOW,1,0,5,1,1.296
LOW,LOW,1,2,4,0,1.286
LOW,LOW,1,2,1,0,5.255999999999999
LOW,LOW,1,3,3,1,3.036666666666666
HIGH,HIGH,0,6,0,0,2.088
HIGH,HIGH,1,7,5,1,2.3680000000000003
HIGH,HIGH,0,8,0,0,3.168
LOW,LOW,1,2,2,0,3.204
LOW,LOW,0,5,2,1,3.452
HIGH,HIGH,1,7,5,1,3.286
HIGH,HIGH,1,7,3,1,1.3606666666666667
LOW,LOW,1,5,0,0,3.26
LOW,LOW,1,2,4,1,1.994
LOW,LOW,0,1,1,0,5.018000000000001
LOW,LOW,0,2,0,0,4.944
LOW,LOW,1,2,2,1,4.885999999999999
HIGH,HIGH,1,6,1,0,1.414
LOW,LOW,1,2,5,2,3.874
HIGH,HIGH,0,9,1,0,3.334
HIGH,HIGH,0,8,1,0,3.976
LOW,LOW,1,0,5,2,6.16
HIGH,HIGH,0,8,0,0,3.08
LOW,LOW,1,3,5,0,0.976
LOW,LOW,1,4,4,0,0.6659999999999999
HIGH,HIGH,1,6,1,0,0.63
HIGH,HIGH,1,9,5,0,1.246
LOW,LOW,1,0,5,0,0.0
HIGH,HIGH,1,8,3,0,0.1079999999999999
HIGH,HIGH,1,7,4,0,1.0339999999999998
HIGH,HIGH,1,9,1,0,0.932
HIGH,HIGH,1,8,2,0,0.742
LOW,LOW,1,5,5,1,0.078
HIGH,HIGH,1,9,5,2,4.318
LOW,LOW,1,2,3,1,3.642666666666667
HIGH,HIGH,1,9,4,1,3.8859999999999992
LOW,LOW,0,5,2,0,4.04
HIGH,HIGH,1,9,2,0,3.572
LOW,LOW,1,5,2,1,4.592
HIGH,HIGH,0,9,3,1,2.6646666666666667
LOW,LOW,1,5,5,1,5.225999999999999
LOW,LOW,0,4,0,0,1.5779999999999998
LOW,LOW,1,5,1,0,4.182
LOW,LOW,1,0,1,0,3.238
HIGH,HIGH,1,7,4,3,4.91
LOW,LOW,1,0,0,0,0.6819999999999999
LOW,LOW,0,2,0,0,0.8799999999999999
LOW,LOW,0,1,0,0,2.438
LOW,LOW,0,0,5,3,3.4800000000000004
LOW,LOW,0,5,1,0,4.29
HIGH,HIGH,1,8,4,3,0.45
HIGH,HIGH,1,7,1,0,3.858
LOW,LOW,0,5,0,0,6.117999999999999
LOW,LOW,1,5,2,1,5.51
HIGH,HIGH,1,8,3,2,5.899333333333333
LOW,LOW,0,0,1,0,2.436
HIGH,HIGH,1,7,2,1,4.949999999999999
LOW,LOW,0,4,5,3,5.688000000000001
LOW,LOW,1,5,4,2,2.45
HIGH,HIGH,0,7,4,2,5.972
LOW,LOW,0,3,2,1,4.824
LOW,LOW,1,3,2,1,5.536
LOW,LOW,1,0,1,0,2.578
HIGH,HIGH,1,7,3,1,2.372666666666667
HIGH,HIGH,1,7,4,1,4.564
LOW,LOW,0,5,0,0,3.956
LOW,LOW,0,1,2,1,5.092
LOW,LOW,0,1,0,0,2.646
LOW,LOW,0,4,2,0,2.41
HIGH,HIGH,0,7,1,0,4.632000000000001
LOW,LOW,0,4,1,0,4.264
LOW,LOW,0,0,1,0,4.054
LOW,LOW,1,0,4,3,3.01
HIGH,HIGH,1,6,5,2,3.746
LOW,LOW,1,5,5,3,0.72
HIGH,HIGH,0,6,3,1,5.338666666666667
LOW,LOW,0,4,5,3,4.116
HIGH,HIGH,1,6,3,2,1.0693333333333332
LOW,LOW,1,5,4,1,2.322
LOW,LOW,1,2,4,3,1.0679999999999998
HIGH,HIGH,0,7,5,2,3.462
LOW,LOW,0,5,0,0,0.75
HIGH,HIGH,0,7,0,0,2.126
LOW,LOW,1,2,1,0,0.636
LOW,LOW,1,2,4,2,0.712
LOW,LOW,1,5,4,2,3.694
HIGH,HIGH,0,9,0,0,1.112
LOW,LOW,1,3,3,1,3.8846666666666665
LOW,LOW,0,1,5,3,4.418
LOW,LOW,1,4,4,1,4.26
LOW,LOW,0,1,5,2,2.188
HIGH,HIGH,1,8,0,0,4.472
HIGH,HIGH,0,9,4,2,6.576
HIGH,HIGH,1,9,3,1,0.4426666666666666
LOW,LOW,1,4,2,0,4.316
LOW,LOW,1,3,1,0,5.794
LOW,LOW,0,4,0,0,2.708
HIGH,HIGH,1,6,3,1,5.898666666666666
HIGH,HIGH,0,7,3,1,4.092666666666666
LOW,LOW,1,3,0,0,0.648
LOW,LOW,1,3,5,2,4.822
LOW,LOW,1,0,2,1,4.212
LOW,LOW,1,3,5,3,4.302
HIGH,HIGH,1,9,1,0,4.286
LOW,LOW,0,5,3,1,4.312666666666666
LOW,LOW,0,3,1,0,3.08
LOW,LOW,1,1,4,3,4.072
LOW,LOW,0,2,3,1,2.1926666666666663
HIGH,HIGH,1,6,4,2,2.3920000000000003
LOW,LOW,0,5,5,3,2.8520000000000003
LOW,LOW,0,2,3,1,4.4046666666666665
LOW,LOW,0,1,2,0,2.438
LOW,LOW,1,3,5,4,4.324
LOW,LOW,1,1,5,3,4.586
HIGH,HIGH,0,7,3,3,4.784000000000001
LOW,LOW,0,0,4,3,6.578
HIGH,HIGH,0,7,5,4,4.708
LOW,LOW,0,2,5,5,4.568
HIGH,HIGH,1,8,0,0,6.0920000000000005
HIGH,HIGH,0,6,2,1,7.421999999999999
HIGH,HIGH,0,8,5,4,6.5440000000000005
LOW,LOW,1,4,1,0,4.784
HIGH,HIGH,0,6,1,0,3.824
LOW,LOW,1,0,4,1,3.584
HIGH,HIGH,0,7,3,2,4.091333333333333
LOW,LOW,0,3,5,3,4.356
HIGH,HIGH,1,6,4,1,2.33
LOW,LOW,1,3,4,2,4.272
HIGH,HIGH,0,6,0,0,3.142
LOW,LOW,1,3,4,1,5.523999999999999
HIGH,HIGH,0,7,0,0,4.04
HIGH,HIGH,0,7,5,2,5.006
HIGH,HIGH,0,9,2,1,5.401999999999999
LOW,LOW,0,1,3,1,4.746666666666667
HIGH,HIGH,1,8,0,0,3.532
LOW,LOW,1,1,4,2,5.351999999999999
HIGH,HIGH,1,7,4,2,5.887999999999999
LOW,LOW,1,1,3,1,4.242666666666667
LOW,LOW,0,2,3,1,0.5606666666666666
HIGH,HIGH,0,8,2,0,4.6080000000000005
HIGH,HIGH,1,9,1,0,1.624
HIGH,HIGH,0,9,2,0,3.0779999999999994
LOW,LOW,1,5,3,1,3.0006666666666666
HIGH,HIGH,1,9,2,1,3.096
HIGH,HIGH,1,8,0,0,0.328
LOW,LOW,0,1,3,1,4.392666666666666
HIGH,HIGH,0,7,3,2,3.813333333333333
LOW,LOW,1,5,3,2,3.051333333333333
LOW,LOW,1,1,5,2,2.618
HIGH,HIGH,0,9,4,1,2.788
LOW,LOW,1,5,1,0,2.176
LOW,LOW,1,5,1,0,0.0999999999999999
LOW,LOW,0,5,5,3,2.512
HIGH,HIGH,0,7,2,1,1.824
LOW,LOW,0,1,3,2,3.825333333333333
HIGH,HIGH,1,8,4,2,0.7999999999999999
LOW,LOW,1,0,1,0,2.566
LOW,LOW,1,3,3,2,2.377333333333333
LOW,LOW,0,1,4,2,2.808
LOW,LOW,1,2,0,0,4.77
HIGH,HIGH,0,6,4,3,3.272
LOW,LOW,0,4,3,0,5.016
HIGH,HIGH,1,6,5,2,3.734
HIGH,HIGH,1,8,0,0,4.826
HIGH,HIGH,0,7,2,0,3.396
LOW,LOW,0,3,1,0,3.034
HIGH,HIGH,0,9,4,2,0.884
LOW,LOW,1,0,3,1,2.384666666666667
HIGH,HIGH,0,6,3,2,1.8433333333333333
HIGH,HIGH,0,8,1,0,2.724
HIGH,HIGH,0,9,2,1,4.788
HIGH,HIGH,0,9,5,3,2.848
LOW,LOW,1,5,3,2,3.679333333333333
HIGH,HIGH,1,8,5,4,5.869999999999999
LOW,LOW,1,1,4,3,6.828
LOW,LOW,1,0,3,2,8.149333333333335
LOW,LOW,0,1,4,3,5.464
LOW,LOW,0,0,0,0,5.448
HIGH,HIGH,1,8,0,0,6.72
LOW,LOW,0,1,2,2,3.5500000000000003
HIGH,HIGH,0,6,3,2,6.723333333333334
LOW,LOW,0,4,3,2,5.695333333333334
HIGH,HIGH,0,7,1,0,6.668
HIGH,HIGH,0,6,3,2,3.191333333333333
LOW,LOW,1,0,5,3,2.66
LOW,LOW,1,3,1,0,3.904
LOW,LOW,0,1,4,0,4.6080000000000005
HIGH,HIGH,1,7,5,2,1.6760000000000002
LOW,LOW,0,2,3,1,4.3646666666666665
LOW,LOW,1,5,2,1,2.3680000000000003
LOW,LOW,0,4,0,0,4.292
HIGH,HIGH,1,8,4,2,2.006
LOW,LOW,1,5,1,0,3.634
LOW,LOW,0,5,1,0,5.6
LOW,LOW,0,4,5,1,2.888
LOW,LOW,0,1,1,0,2.89
LOW,LOW,1,3,1,0,5.561999999999999
LOW,LOW,0,2,2,0,1.504
LOW,LOW,0,4,2,1,3.092
LOW,LOW,1,4,0,0,2.836
HIGH,HIGH,0,6,4,2,2.438
HIGH,HIGH,0,6,2,1,3.174
LOW,LOW,0,0,3,1,2.850666666666667
HIGH,HIGH,0,7,0,0,3.716
LOW,LOW,0,5,4,2,2.568
LOW,LOW,0,3,0,0,1.7959999999999998
LOW,LOW,0,4,1,0,6.2700000000000005
LOW,LOW,1,0,4,1,3.19
LOW,LOW,1,5,3,1,3.6146666666666665
LOW,LOW,1,0,4,3,3.08
LOW,LOW,1,0,1,0,3.57
LOW,LOW,1,5,0,0,0.624
HIGH,HIGH,1,8,0,0,3.23
HIGH,HIGH,1,9,3,1,3.278666666666667
HIGH,HIGH,1,7,4,2,2.3000000000000003
LOW,LOW,1,1,1,0,2.714
LOW,LOW,1,2,5,2,3.946
LOW,LOW,1,5,0,0,1.612
LOW,LOW,1,2,2,1,3.054
LOW,LOW,0,1,0,0,6.852
HIGH,HIGH,0,8,3,1,2.506666666666667
HIGH,HIGH,0,9,4,1,3.0699999999999994
LOW,LOW,1,4,4,2,3.28
LOW,LOW,0,4,5,4,6.874
HIGH,HIGH,0,6,0,0,5.406
LOW,LOW,0,3,5,5,6.26
LOW,LOW,1,4,5,4,7.486
LOW,LOW,0,2,1,0,7.286
LOW,LOW,0,3,4,3,7.66
HIGH,HIGH,1,7,2,1,6.46
LOW,LOW,0,0,1,0,7.31
HIGH,HIGH,1,6,3,2,6.499333333333333
LOW,LOW,0,4,4,2,6.664
LOW,LOW,1,4,1,0,0.304
LOW,LOW,1,1,3,0,0.97
LOW,LOW,1,3,5,0,0.946
LOW,LOW,1,2,5,0,0.368
LOW,LOW,1,1,2,0,1.29
HIGH,HIGH,1,6,4,0,1.318
LOW,LOW,1,1,3,0,0.652
LOW,LOW,1,5,5,0,0.3
LOW,LOW,1,5,3,0,1.258
LOW,LOW,1,2,1,0,0.0579999999999999
HIGH,HIGH,0,8,3,2,4.747333333333335
LOW,LOW,1,5,2,1,0.7
LOW,LOW,0,4,4,3,4.558
HIGH,HIGH,1,6,3,1,5.206666666666666
LOW,LOW,0,1,5,2,5.062
HIGH,HIGH,0,7,0,0,3.41
LOW,LOW,0,4,5,2,4.374
LOW,LOW,1,0,2,1,3.932
HIGH,HIGH,1,6,3,1,3.260666666666667
LOW,LOW,0,3,1,0,5.642
LOW,LOW,1,1,5,2,2.976
LOW,LOW,1,2,2,1,2.688
HIGH,HIGH,1,9,0,0,4.782
LOW,LOW,1,0,3,1,2.594666666666667
HIGH,HIGH,1,7,1,0,5.813999999999999
LOW,LOW,1,0,3,1,3.264666666666667
LOW,LOW,1,5,4,2,4.358
HIGH,HIGH,1,7,5,1,3.274
HIGH,HIGH,1,7,3,1,3.6086666666666662
LOW,LOW,0,3,3,1,2.802666666666666
HIGH,HIGH,0,7,5,3,5.376
HIGH,HIGH,1,9,1,0,5.188
HIGH,HIGH,0,7,3,2,4.585333333333334
LOW,LOW,0,0,0,0,7.345999999999999
LOW,LOW,1,5,4,4,5.316
HIGH,HIGH,0,8,3,2,5.475333333333333
HIGH,HIGH,0,7,2,1,4.088
LOW,LOW,1,1,1,0,4.53
LOW,LOW,0,2,2,2,5.24
HIGH,HIGH,0,6,1,0,3.086
LOW,LOW,0,3,2,0,4.358
HIGH,HIGH,0,7,4,3,5.822
HIGH,HIGH,1,9,5,2,2.672
HIGH,HIGH,0,6,2,1,3.2
LOW,LOW,0,1,4,2,4.109999999999999
HIGH,HIGH,0,8,5,2,3.79
LOW,LOW,1,1,2,1,4.082
LOW,LOW,1,0,3,1,2.9446666666666665
HIGH,HIGH,0,7,4,2,3.142
LOW,LOW,1,2,3,1,2.9926666666666666
LOW,LOW,1,5,2,0,0.626
LOW,LOW,1,0,5,0,0.96
LOW,LOW,1,5,5,0,1.288
LOW,LOW,1,4,0,0,0.312
LOW,LOW,1,1,5,1,1.0
HIGH,HIGH,1,9,1,0,0.0
LOW,LOW,1,1,3,1,0.9666666666666666
LOW,LOW,1,2,2,0,0.3339999999999999
HIGH,HIGH,1,7,1,0,0.004
HIGH,HIGH,1,7,3,0,0.36
LOW,LOW,1,1,1,0,2.37
HIGH,HIGH,1,8,1,0,3.482
HIGH,HIGH,1,9,1,0,3.882
LOW,LOW,1,5,5,3,3.758
LOW,LOW,0,4,5,3,3.5400000000000005
LOW,LOW,1,3,2,1,2.172
LOW,LOW,1,5,4,2,3.606
HIGH,HIGH,0,8,2,1,4.036
HIGH,HIGH,1,8,0,0,3.2920000000000003
LOW,LOW,0,4,0,0,3.018
HIGH,HIGH,0,9,5,3,2.182
LOW,LOW,1,2,2,1,2.47
LOW,LOW,1,2,0,0,3.966
LOW,LOW,0,3,2,1,5.04
LOW,LOW,1,4,2,0,2.852
HIGH,HIGH,1,9,3,0,3.936
LOW,LOW,1,0,0,0,3.3280000000000003
HIGH,HIGH,1,7,3,1,3.690666666666667
LOW,LOW,1,3,5,1,1.7280000000000002
HIGH,HIGH,0,9,0,0,4.558000000000001
HIGH,HIGH,1,9,2,1,2.4320000000000004
LOW,LOW,1,2,1,0,5.218
LOW,LOW,1,0,1,0,2.3680000000000003
HIGH,HIGH,1,7,0,0,0.96
HIGH,HIGH,1,9,1,0,2.632
LOW,LOW,1,5,0,0,2.2920000000000003
HIGH,HIGH,1,8,2,1,3.9
LOW,LOW,1,0,1,0,2.264
LOW,LOW,1,3,0,0,2.618
LOW,LOW,1,4,4,2,3.618
LOW,LOW,1,0,2,1,3.084
HIGH,HIGH,1,8,1,0,4.742
LOW,LOW,0,4,4,3,5.732
LOW,LOW,0,1,3,1,0.9286666666666664
LOW,LOW,1,2,3,1,1.1386666666666667
HIGH,HIGH,1,6,2,0,2.932
HIGH,HIGH,0,8,1,0,3.05
LOW,LOW,1,0,4,3,5.948
HIGH,HIGH,0,6,1,0,2.43
HIGH,HIGH,1,6,0,0,4.188
HIGH,HIGH,1,7,5,0,0.3
LOW,LOW,1,3,0,0,1.254
LOW,LOW,1,0,1,0,1.24
LOW,LOW,1,4,3,0,1.012
HIGH,HIGH,1,6,3,0,1.0579999999999998
HIGH,HIGH,1,7,2,0,0.642
LOW,LOW,1,4,2,0,1.628
HIGH,HIGH,1,6,2,0,0.636
HIGH,HIGH,1,9,1,0,1.582
LOW,LOW,1,3,1,0,0.634
HIGH,HIGH,1,7,3,2,4.497333333333334
LOW,LOW,0,4,1,0,5.334
HIGH,HIGH,0,8,2,1,3.438
HIGH,HIGH,0,6,4,3,5.078
LOW,LOW,1,0,0,0,8.655999999999999
HIGH,HIGH,0,8,4,3,4.8660000000000005
LOW,LOW,0,5,2,1,5.553999999999999
HIGH,HIGH,1,7,4,3,4.364
HIGH,HIGH,0,7,5,5,6.716
LOW,LOW,0,3,3,2,8.393333333333334
HIGH,HIGH,1,7,4,3,4.960000000000001
LOW,LOW,0,0,1,0,7.198
HIGH,HIGH,0,8,0,0,4.604000000000001
LOW,LOW,1,0,1,0,5.821999999999999
HIGH,HIGH,0,7,3,2,5.483333333333333
LOW,LOW,0,1,2,1,5.374
HIGH,HIGH,0,6,5,4,6.084
LOW,LOW,0,1,4,3,4.6160000000000005
HIGH,HIGH,0,6,3,3,7.779999999999999
LOW,LOW,0,2,0,0,6.594
HIGH,HIGH,1,7,2,0,3.84
LOW,LOW,1,2,3,1,0.7046666666666667
LOW,LOW,0,4,5,3,0.914
HIGH,HIGH,0,9,1,0,1.806
LOW,LOW,0,0,3,2,3.501333333333333
LOW,LOW,1,3,5,2,5.537999999999999
LOW,LOW,0,5,5,2,6.392
HIGH,HIGH,0,6,3,1,5.664666666666666
LOW,LOW,1,4,0,0,3.96
LOW,LOW,1,3,5,1,4.88
HIGH,HIGH,1,7,2,0,2.564
LOW,LOW,0,4,5,2,3.76
HIGH,HIGH,0,7,5,3,1.878
LOW,LOW,1,0,3,1,3.9206666666666665
LOW,LOW,1,5,3,2,2.7013333333333334
LOW,LOW,1,2,3,1,2.282666666666667
LOW,LOW,1,0,0,0,1.296
HIGH,HIGH,1,6,3,1,2.0746666666666664
HIGH,HIGH,1,7,2,1,3.598
LOW,LOW,0,1,1,0,2.686
HIGH,HIGH,1,7,4,0,0.308
HIGH,HIGH,1,9,1,0,1.0159999999999998
HIGH,HIGH,1,9,5,0,0.62
LOW,LOW,1,3,2,0,2.508
HIGH,HIGH,1,7,1,0,0.3
LOW,LOW,1,3,4,0,1.334
LOW,LOW,1,3,3,0,1.0179999999999998
LOW,LOW,1,0,0,0,0.978
LOW,LOW,1,0,3,0,0.648
LOW,LOW,1,2,0,0,1.62
HIGH,HIGH,0,7,3,1,3.114666666666667
LOW,LOW,0,4,1,0,3.794
LOW,LOW,1,0,5,2,4.264
LOW,LOW,1,0,5,1,2.982
LOW,LOW,1,0,1,0,2.26
HIGH,HIGH,0,7,0,0,2.636
LOW,LOW,1,1,3,1,4.232666666666667
LOW,LOW,0,0,1,0,2.424
LOW,LOW,0,4,1,0,1.756
LOW,LOW,0,4,3,1,4.416666666666666
HIGH,HIGH,1,6,0,0,1.556
LOW,LOW,1,4,3,1,3.228666666666667
LOW,LOW,1,5,4,2,5.249999999999999
LOW,LOW,1,2,3,1,0.7666666666666666
LOW,LOW,1,3,3,1,0.6666666666666666
LOW,LOW,1,1,3,1,0.7506666666666666
LOW,LOW,0,1,2,0,2.108
LOW,LOW,0,2,5,1,1.39
LOW,LOW,0,3,3,2,3.761333333333333
LOW,LOW,1,4,4,2,4.912
LOW,LOW,1,3,1,0,2.212
LOW,LOW,1,0,1,0,4.812
HIGH,HIGH,1,8,4,2,4.876
LOW,LOW,1,1,1,0,5.433999999999999
LOW,LOW,1,1,5,3,3.62
HIGH,HIGH,1,9,0,0,2.57
LOW,LOW,0,2,5,3,0.944
LOW,LOW,0,3,1,0,4.67
HIGH,HIGH,1,9,5,1,3.874
LOW,LOW,0,5,2,0,1.0779999999999998
HIGH,HIGH,0,6,3,2,6.027333333333333
HIGH,HIGH,0,8,4,2,2.858
HIGH,HIGH,1,7,4,3,3.068
LOW,LOW,0,1,5,4,6.51
HIGH,HIGH,0,7,1,0,6.418
HIGH,HIGH,0,9,5,4,5.614
LOW,LOW,0,0,5,4,5.272
LOW,LOW,0,3,3,2,5.187333333333333
HIGH,HIGH,1,7,0,0,7.005999999999999
LOW,LOW,1,3,4,3,4.964
HIGH,HIGH,1,8,5,0,0.316
LOW,LOW,1,5,5,1,0.4359999999999999
HIGH,HIGH,1,6,1,0,1.242
LOW,LOW,1,2,3,0,0.0
LOW,LOW,1,0,0,0,1.222
HIGH,HIGH,1,8,3,0,0.634
LOW,LOW,1,0,1,0,0.74
LOW,LOW,1,2,0,0,1.264
HIGH,HIGH,1,8,2,0,0.324
HIGH,HIGH,1,9,4,0,0.606
LOW,LOW,0,0,4,2,5.114
LOW,LOW,1,5,0,0,4.352
LOW,LOW,0,1,2,1,1.246
LOW,LOW,0,3,2,1,0.922
LOW,LOW,1,2,5,3,2.012
HIGH,HIGH,0,8,4,1,1.112
HIGH,HIGH,1,6,3,2,2.4113333333333333
HIGH,HIGH,0,7,3,1,4.4126666666666665
LOW,LOW,0,2,5,2,4.668000000000001
HIGH,HIGH,1,8,5,3,0.494
LOW,LOW,1,5,0,0,0.304
LOW,LOW,1,1,3,1,0.6986666666666667
LOW,LOW,1,1,5,4,4.976
LOW,LOW,0,1,2,1,0.868
LOW,LOW,0,5,3,1,2.708666666666667
HIGH,HIGH,1,8,0,0,3.438
LOW,LOW,0,2,3,2,2.8633333333333333
LOW,LOW,1,5,5,3,2.048
LOW,LOW,0,5,0,0,6.23
HIGH,HIGH,1,6,3,1,4.8806666666666665
LOW,LOW,0,0,2,1,2.196
LOW,LOW,0,2,2,1,5.12
LOW,LOW,0,0,4,2,3.736
HIGH,HIGH,1,6,5,3,0.2419999999999999
LOW,LOW,0,5,5,2,6.246
HIGH,HIGH,1,6,0,0,4.182
HIGH,HIGH,0,6,0,0,0.848
HIGH,HIGH,0,7,1,0,0.8879999999999999
LOW,LOW,1,1,5,2,3.942
LOW,LOW,0,0,0,0,4.714
HIGH,HIGH,1,8,1,0,2.584
HIGH,HIGH,0,7,3,1,3.4526666666666666
LOW,LOW,1,2,2,1,1.118
HIGH,HIGH,1,6,1,0,2.224
LOW,LOW,1,2,2,1,4.544
LOW,LOW,1,4,0,0,2.862
LOW,LOW,0,2,5,3,3.756
HIGH,HIGH,1,9,3,1,3.258666666666667
LOW,LOW,0,0,4,2,4.742
HIGH,HIGH,0,9,0,0,4.622000000000001
LOW,LOW,1,1,2,1,0.7
LOW,LOW,1,4,1,0,2.104
LOW,LOW,0,3,5,3,3.498
HIGH,HIGH,0,9,4,0,3.042
HIGH,HIGH,0,8,2,0,4.366
LOW,LOW,1,3,1,0,1.336
LOW,LOW,0,4,2,1,6.406
LOW,LOW,1,3,5,3,1.024
LOW,LOW,1,3,0,0,3.206
LOW,LOW,0,4,5,2,4.119999999999999
LOW,LOW,0,3,2,1,2.426
LOW,LOW,1,2,0,0,1.908
HIGH,HIGH,0,6,2,1,3.404
HIGH,HIGH,0,8,4,3,2.836
LOW,LOW,1,4,5,3,3.988
LOW,LOW,1,3,5,2,3.022
LOW,LOW,1,2,4,2,4.956
LOW,LOW,0,0,4,2,1.512
LOW,LOW,0,2,2,1,4.464
HIGH,HIGH,0,7,5,1,4.744000000000001
HIGH,HIGH,1,8,2,1,0.816
HIGH,HIGH,1,9,3,1,0.4666666666666666
LOW,LOW,1,4,1,0,5.529999999999999
LOW,LOW,0,3,5,3,2.604
LOW,LOW,1,5,1,0,3.244
LOW,LOW,0,4,4,1,0.5199999999999999
LOW,LOW,1,2,0,0,4.222
HIGH,HIGH,0,6,1,0,1.792
LOW,LOW,0,3,2,1,2.674
LOW,LOW,0,4,1,0,2.716
LOW,LOW,1,0,4,3,3.746
LOW,LOW,1,3,0,0,2.848
HIGH,HIGH,1,7,1,0,3.528
LOW,LOW,0,0,2,1,3.136
LOW,LOW,0,2,1,0,3.95
LOW,LOW,0,0,1,0,3.3720000000000003
LOW,LOW,1,3,5,2,3.59
LOW,LOW,1,2,4,3,3.458
LOW,LOW,0,5,2,1,3.198
HIGH,HIGH,1,6,5,3,3.012
HIGH,HIGH,0,7,2,1,4.167999999999999
LOW,LOW,0,2,1,0,5.926
LOW,LOW,0,4,3,2,5.3773333333333335
LOW,LOW,0,0,2,2,5.140000000000001
LOW,LOW,1,5,3,3,6.008
HIGH,HIGH,1,6,2,1,6.484
HIGH,HIGH,0,9,2,1,5.362
LOW,LOW,0,4,4,2,5.263999999999999
HIGH,HIGH,0,7,5,4,7.172
LOW,LOW,1,3,4,3,5.942
HIGH,HIGH,1,9,3,0,0.372
LOW,LOW,1,4,1,0,1.0119999999999998
LOW,LOW,1,5,2,0,0.0
LOW,LOW,1,2,1,0,0.956
LOW,LOW,1,5,1,0,0.71
LOW,LOW,1,5,1,0,2.912
LOW,LOW,1,5,4,0,1.246
LOW,LOW,1,2,4,0,1.0799999999999998
HIGH,HIGH,1,9,2,0,0.918
HIGH,HIGH,1,9,5,0,0.0
HIGH,HIGH,0,9,2,1,3.162
HIGH,HIGH,1,8,2,1,2.996
LOW,LOW,0,1,4,2,3.304
HIGH,HIGH,1,9,3,1,0.7366666666666666
LOW,LOW,1,1,1,0,2.358
LOW,LOW,1,3,5,2,5.55
HIGH,HIGH,0,8,2,1,4.085999999999999
LOW,LOW,1,1,2,1,1.116
LOW,LOW,0,4,3,2,3.761333333333333
HIGH,HIGH,0,6,1,0,2.3960000000000004
LOW,LOW,0,0,3,1,6.990666666666667
LOW,LOW,1,5,2,1,4.827999999999999
LOW,LOW,0,1,4,3,5.47
LOW,LOW,0,3,4,3,3.976
HIGH,HIGH,1,8,3,3,5.933999999999999
LOW,LOW,0,5,3,2,3.373333333333333
HIGH,HIGH,0,8,3,1,4.660666666666667
LOW,LOW,0,2,2,1,4.766
LOW,LOW,1,4,5,4,4.630000000000001
HIGH,HIGH,0,7,1,0,5.602
HIGH,HIGH,0,6,0,0,5.592
LOW,LOW,0,4,0,0,7.156
HIGH,HIGH,0,9,5,2,6.047999999999999
HIGH,HIGH,0,6,2,1,6.023999999999999
LOW,LOW,0,3,2,1,6.972
LOW,LOW,0,2,2,2,5.608
LOW,LOW,0,4,5,4,2.962
HIGH,HIGH,0,9,0,0,6.212000000000001
LOW,LOW,0,0,0,0,4.402
HIGH,HIGH,1,6,2,1,6.771999999999999
HIGH,HIGH,1,6,3,1,2.1086666666666667
LOW,LOW,0,2,1,0,2.68
LOW,LOW,1,1,2,1,4.068
HIGH,HIGH,1,9,2,1,2.622
LOW,LOW,1,1,2,0,0.656
HIGH,HIGH,0,8,5,2,4.152
HIGH,HIGH,1,7,1,0,3.534
LOW,LOW,0,4,3,1,3.380666666666667
HIGH,HIGH,1,7,0,0,2.3200000000000003
LOW,LOW,1,2,4,1,1.692
HIGH,HIGH,0,7,0,0,4.016
LOW,LOW,0,5,5,3,3.784
LOW,LOW,0,4,0,0,1.998
LOW,LOW,0,4,4,2,1.936
LOW,LOW,1,3,0,0,2.33
LOW,LOW,1,5,5,2,2.958
LOW,LOW,1,3,0,0,5.238
LOW,LOW,0,3,4,1,1.822
HIGH,HIGH,1,9,1,0,0.934
LOW,LOW,0,1,0,0,0.152
LOW,LOW,1,2,0,0,3.262
LOW,LOW,0,4,3,0,3.056
LOW,LOW,1,3,2,1,2.652
HIGH,HIGH,1,7,3,1,2.958666666666667
LOW,LOW,0,5,1,0,2.4640000000000004
LOW,LOW,0,0,0,0,3.762
LOW,LOW,1,4,0,0,1.564
LOW,LOW,1,3,0,0,1.872
HIGH,HIGH,1,9,4,1,2.712
HIGH,HIGH,1,6,1,0,2.916
HIGH,HIGH,1,9,5,2,4.546
LOW,LOW,1,1,4,2,2.572
LOW,LOW,0,2,2,1,2.234
LOW,LOW,1,3,4,2,5.523999999999999
HIGH,HIGH,1,7,2,0,2.854
LOW,LOW,1,5,1,0,1.896
LOW,LOW,1,2,4,1,3.236
LOW,LOW,0,1,3,1,2.866666666666667
LOW,LOW,1,3,1,0,3.032
LOW,LOW,0,1,2,1,2.744
LOW,LOW,1,2,3,1,4.188666666666667
LOW,LOW,0,3,3,1,6.262666666666667
LOW,LOW,1,1,3,1,2.1146666666666665
HIGH,HIGH,1,9,5,1,0.8200000000000001
LOW,LOW,0,3,0,0,3.336
LOW,LOW,1,1,4,2,4.59
LOW,LOW,1,5,5,2,4.916
LOW,LOW,1,0,0,0,4.332
LOW,LOW,0,0,3,1,2.4466666666666668
LOW,LOW,1,4,3,1,2.308666666666667
HIGH,HIGH,1,9,5,3,2.066
LOW,LOW,1,2,3,1,3.268666666666667
LOW,LOW,0,1,5,2,4.316
LOW,LOW,1,3,2,0,1.0679999999999998
LOW,LOW,1,5,1,0,3.018
HIGH,HIGH,1,7,2,0,3.478
LOW,LOW,0,5,4,2,3.1
HIGH,HIGH,1,7,2,0,4.144
LOW,LOW,1,3,5,3,1.7820000000000005
LOW,LOW,1,5,2,1,4.658
LOW,LOW,1,4,0,0,0.964
HIGH,HIGH,1,7,0,0,0.932
HIGH,HIGH,1,6,2,0,0.6
HIGH,HIGH,1,7,3,0,1.26
LOW,LOW,1,1,3,0,0.0
LOW,LOW,1,3,0,0,0.698
LOW,LOW,1,1,0,0,0.3399999999999999
HIGH,HIGH,1,9,2,0,0.646
LOW,LOW,1,3,3,0,0.0
LOW,LOW,1,5,3,0,0.322
LOW,LOW,1,1,5,1,1.0739999999999998
LOW,LOW,1,4,3,1,5.190666666666666
LOW,LOW,1,0,2,1,3.906
LOW,LOW,1,0,4,1,0.05
HIGH,HIGH,0,8,3,2,5.323333333333334
LOW,LOW,1,1,0,0,2.514
HIGH,HIGH,1,6,3,1,5.210666666666667
LOW,LOW,1,1,4,2,1.624
HIGH,HIGH,1,6,5,2,4.286
LOW,LOW,0,2,5,1,4.09
HIGH,HIGH,1,8,4,1,1.7580000000000002
LOW,LOW,1,1,4,0,0.952
HIGH,HIGH,1,6,1,0,0.0
LOW,LOW,1,2,3,0,0.976
HIGH,HIGH,1,7,3,0,1.006
LOW,LOW,1,2,4,0,0.6619999999999999
LOW,LOW,1,5,5,1,0.4039999999999999
LOW,LOW,1,5,4,0,0.922
LOW,LOW,1,1,4,1,0.072
LOW,LOW,1,0,3,0,0.038
LOW,LOW,1,1,0,0,3.79
LOW,LOW,0,3,5,2,1.532
HIGH,HIGH,1,7,0,0,1.262
LOW,LOW,1,5,2,1,2.7880000000000003
LOW,LOW,1,1,0,0,4.3100000000000005
LOW,LOW,0,4,2,1,1.8
LOW,LOW,1,3,1,0,0.97
LOW,LOW,0,2,4,2,3.402
HIGH,HIGH,1,6,2,1,3.268
HIGH,HIGH,0,6,0,0,3.682
LOW,LOW,0,0,0,0,5.148
HIGH,HIGH,0,8,2,1,4.712
LOW,LOW,0,5,1,0,3.612
HIGH,HIGH,0,7,4,4,4.838000000000001
LOW,LOW,0,2,5,4,6.524
LOW,LOW,0,5,2,1,6.672
LOW,LOW,0,0,3,2,6.675333333333335
LOW,LOW,0,2,4,3,7.07
HIGH,HIGH,0,7,4,4,4.994
HIGH,HIGH,0,7,0,0,6.5680000000000005
LOW,LOW,0,5,3,1,0.5566666666666666
HIGH,HIGH,0,6,2,1,2.8400000000000003
LOW,LOW,1,5,0,0,2.666
HIGH,HIGH,1,6,0,0,1.0059999999999998
HIGH,HIGH,0,7,2,1,6.061999999999999
LOW,LOW,1,1,3,2,2.6373333333333333
LOW,LOW,1,1,3,1,5.778666666666666
LOW,LOW,1,1,5,2,0.76
LOW,LOW,0,5,0,0,3.69
HIGH,HIGH,1,8,1,0,2.114
HIGH,HIGH,0,7,4,3,5.498
LOW,LOW,1,1,5,5,5.666
LOW,LOW,0,2,4,3,4.27
LOW,LOW,1,5,4,2,5.207999999999999
LOW,LOW,0,5,1,0,4.896000000000001
HIGH,HIGH,1,7,2,1,6.489999999999999
HIGH,HIGH,0,9,4,2,6.739999999999999
LOW,LOW,0,2,5,5,6.246
LOW,LOW,0,4,5,3,6.494
HIGH,HIGH,0,9,1,0,5.852
LOW,LOW,1,1,0,0,5.436
LOW,LOW,0,1,4,3,5.6
LOW,LOW,1,3,5,4,4.994
LOW,LOW,0,5,1,0,7.513999999999999
LOW,LOW,0,0,3,2,5.6033333333333335
LOW,LOW,0,1,3,2,5.209333333333334
HIGH,HIGH,1,9,1,0,3.178
LOW,LOW,0,2,4,3,8.725999999999999
LOW,LOW,0,1,3,2,6.977333333333334
LOW,LOW,0,2,3,1,3.768666666666667
LOW,LOW,0,0,1,0,1.178
HIGH,HIGH,0,9,2,0,2.47
HIGH,HIGH,0,9,1,0,3.426
LOW,LOW,0,5,0,0,3.39
LOW,LOW,1,4,2,1,0.768
LOW,LOW,1,5,5,3,4.572
HIGH,HIGH,1,6,2,1,3.05
HIGH,HIGH,1,7,5,2,3.056
LOW,LOW,1,2,3,1,3.6866666666666665
LOW,LOW,0,0,2,1,0.91
LOW,LOW,0,4,5,2,6.674
LOW,LOW,0,0,0,0,3.956
LOW,LOW,1,0,3,1,5.482666666666666
HIGH,HIGH,1,9,5,2,2.66
HIGH,HIGH,0,9,3,2,4.405333333333334
LOW,LOW,0,3,1,0,4.952
HIGH,HIGH,0,8,2,1,4.446
LOW,LOW,1,1,2,1,3.074
HIGH,HIGH,0,8,0,0,4.335999999999999
HIGH,HIGH,1,9,4,2,0.764
HIGH,HIGH,0,6,0,0,4.618
LOW,LOW,1,3,3,2,7.841333333333333
LOW,LOW,0,3,2,1,7.42
LOW,LOW,0,4,1,0,4.598000000000001
HIGH,HIGH,0,6,2,1,5.553999999999999
LOW,LOW,0,1,1,0,9.406
HIGH,HIGH,0,6,0,0,7.888
LOW,LOW,0,3,2,2,6.896
LOW,LOW,0,5,2,1,7.109999999999999
LOW,LOW,1,3,0,0,4.792
LOW,LOW,0,1,4,3,6.068
HIGH,HIGH,1,9,0,0,3.222
LOW,LOW,0,2,1,0,0.784
HIGH,HIGH,1,9,2,1,5.218
HIGH,HIGH,0,8,3,1,2.544666666666667
LOW,LOW,1,2,5,3,0.876
LOW,LOW,0,5,1,0,2.75
LOW,LOW,0,5,3,2,2.853333333333333
LOW,LOW,0,4,1,0,3.426
HIGH,HIGH,0,6,0,0,3.728
LOW,LOW,1,1,0,0,3.206
HIGH,HIGH,0,9,0,0,0.474
LOW,LOW,0,5,3,2,4.201333333333333
LOW,LOW,0,4,3,1,5.010666666666666
LOW,LOW,1,2,0,0,3.546
HIGH,HIGH,1,7,4,1,4.208
LOW,LOW,0,1,1,0,1.266
HIGH,HIGH,0,9,5,4,5.07
LOW,LOW,0,3,3,1,0.8626666666666667
LOW,LOW,0,5,1,0,2.13
LOW,LOW,0,0,4,2,3.222
HIGH,HIGH,0,6,0,0,2.454
LOW,LOW,0,0,1,0,0.1999999999999999
HIGH,HIGH,0,8,0,0,1.086
LOW,LOW,0,5,3,1,6.346666666666667
HIGH,HIGH,0,9,1,0,4.0
LOW,LOW,1,5,0,0,0.692
HIGH,HIGH,0,8,2,1,0.564
LOW,LOW,1,1,1,0,4.602
LOW,LOW,0,4,4,1,4.782
LOW,LOW,1,1,3,1,6.120666666666667
LOW,LOW,0,3,1,0,3.37
LOW,LOW,0,3,5,3,2.812
HIGH,HIGH,0,9,3,1,7.300666666666666
LOW,LOW,1,1,4,2,3.3680000000000003
LOW,LOW,0,5,3,1,4.094666666666666
HIGH,HIGH,0,8,5,1,5.01
LOW,LOW,1,3,5,3,5.254
HIGH,HIGH,0,6,5,2,0.53
HIGH,HIGH,1,8,0,0,5.859999999999999
LOW,LOW,0,5,0,0,5.658
LOW,LOW,0,1,2,2,8.486
LOW,LOW,0,0,2,1,3.184
LOW,LOW,1,0,3,2,5.647333333333333
LOW,LOW,0,4,2,1,5.46
HIGH,HIGH,0,8,1,0,6.68
HIGH,HIGH,0,9,1,0,5.374
LOW,LOW,1,0,0,0,3.216
LOW,LOW,0,0,3,2,4.975333333333333
HIGH,HIGH,1,7,5,3,6.45
LOW,LOW,0,5,1,0,6.2620000000000005
LOW,LOW,0,3,0,0,5.622
LOW,LOW,0,0,3,1,8.962666666666667
LOW,LOW,0,3,0,0,6.87
LOW,LOW,0,4,3,2,4.845333333333334
HIGH,HIGH,0,9,5,4,7.046
LOW,LOW,1,4,3,2,8.795333333333332
LOW,LOW,0,5,5,3,6.682
HIGH,HIGH,1,7,5,3,5.861999999999999
LOW,LOW,0,4,4,2,6.529999999999999
LOW,LOW,1,5,5,0,1.65
LOW,LOW,1,1,4,0,1.278
LOW,LOW,1,2,5,0,1.404
LOW,LOW,1,4,4,1,0.65
LOW,LOW,1,0,5,0,1.532
LOW,LOW,1,0,2,0,1.556
HIGH,HIGH,1,8,0,0,0.934
LOW,LOW,1,1,3,0,1.946
HIGH,HIGH,1,8,5,0,0.628
LOW,LOW,1,0,2,0,0.96
LOW,LOW,0,4,2,1,7.761999999999999
LOW,LOW,1,4,4,2,4.288
LOW,LOW,0,1,1,1,5.19
HIGH,HIGH,0,7,2,1,5.116
LOW,LOW,0,3,0,0,5.698
HIGH,HIGH,0,7,1,1,4.964
LOW,LOW,0,5,1,0,4.396
HIGH,HIGH,0,9,1,0,6.236000000000001
HIGH,HIGH,0,8,3,2,4.713333333333335
HIGH,HIGH,0,7,0,0,6.758
LOW,LOW,1,0,4,0,0.034
LOW,LOW,1,1,2,0,0.694
LOW,LOW,1,5,5,1,1.912
LOW,LOW,1,3,5,0,0.948
HIGH,HIGH,1,6,0,0,0.96
LOW,LOW,1,2,0,0,0.0
LOW,LOW,1,3,5,1,0.3399999999999999
LOW,LOW,1,5,0,0,0.986
LOW,LOW,1,0,5,0,1.0139999999999998
LOW,LOW,1,2,5,1,1.4480000000000002
LOW,LOW,1,4,3,0,0.92
LOW,LOW,1,4,0,0,1.278
LOW,LOW,1,4,2,0,1.036
HIGH,HIGH,1,8,3,0,1.254
LOW,LOW,1,4,2,0,1.0339999999999998
HIGH,HIGH,1,7,2,0,0.608
LOW,LOW,1,3,3,0,2.176
LOW,LOW,1,3,3,1,0.7246666666666666
LOW,LOW,1,1,1,0,0.044
LOW,LOW,1,2,0,0,0.622
LOW,LOW,0,4,4,1,4.063999999999999
LOW,LOW,0,0,3,1,4.400666666666666
HIGH,HIGH,0,6,5,3,3.098
LOW,LOW,1,1,0,0,4.796
HIGH,HIGH,0,6,5,2,4.702000000000001
LOW,LOW,0,2,3,1,3.2126666666666663
LOW,LOW,0,4,3,3,4.880000000000001
HIGH,HIGH,0,9,2,1,3.86
LOW,LOW,1,1,4,2,0.42
LOW,LOW,1,3,0,0,5.773999999999999
HIGH,HIGH,1,6,1,0,1.0679999999999998
LOW,LOW,1,5,1,0,1.002
LOW,LOW,0,1,5,2,5.682
LOW,LOW,0,3,4,1,3.408
HIGH,HIGH,1,9,1,0,4.822
HIGH,HIGH,0,8,1,0,2.974
LOW,LOW,1,5,4,2,4.554
HIGH,HIGH,1,7,3,1,3.6406666666666663
HIGH,HIGH,1,8,3,2,3.979333333333333
LOW,LOW,1,4,0,0,1.59
HIGH,HIGH,0,9,2,1,1.498
LOW,LOW,0,1,3,2,4.459333333333333
HIGH,HIGH,1,8,1,0,2.476
LOW,LOW,1,4,4,2,5.635999999999999
LOW,LOW,1,1,4,1,4.97
LOW,LOW,1,3,1,0,0.7
LOW,LOW,0,5,4,2,0.6
LOW,LOW,1,4,1,0,4.138
LOW,LOW,0,3,4,3,6.096
LOW,LOW,1,2,4,2,0.434
LOW,LOW,1,4,3,1,4.214666666666667
HIGH,HIGH,1,6,5,3,1.7260000000000002
HIGH,HIGH,0,6,3,2,5.119333333333334
LOW,LOW,0,3,4,2,2.998
LOW,LOW,1,1,4,0,3.204
LOW,LOW,1,4,1,0,3.556
LOW,LOW,1,2,5,1,4.216
LOW,LOW,0,5,0,0,2.384
HIGH,HIGH,1,7,5,3,3.582
LOW,LOW,0,4,4,2,3.13
LOW,LOW,1,0,5,4,5.608
HIGH,HIGH,0,9,1,0,7.06
HIGH,HIGH,0,9,1,0,4.918
LOW,LOW,1,1,3,2,7.837333333333333
LOW,LOW,1,5,0,0,5.994
HIGH,HIGH,0,9,1,0,6.29
LOW,LOW,0,5,5,4,7.0
HIGH,HIGH,0,8,1,0,5.118
LOW,LOW,0,1,2,1,6.133999999999999
HIGH,HIGH,1,9,4,3,5.010000000000001
HIGH,HIGH,1,9,4,0,0.3299999999999999
LOW,LOW,1,0,0,0,0.7
HIGH,HIGH,1,8,3,0,0.638
HIGH,HIGH,1,6,2,0,1.938
HIGH,HIGH,1,7,1,0,0.8999999999999999
LOW,LOW,1,0,5,0,0.914
HIGH,HIGH,1,7,4,0,0.692
LOW,LOW,1,4,5,0,1.682
LOW,LOW,1,0,3,0,0.956
HIGH,HIGH,1,7,4,0,0.97
LOW,LOW,1,3,2,1,5.831999999999999
HIGH,HIGH,0,7,3,1,5.682666666666666
HIGH,HIGH,0,8,2,0,1.778
LOW,LOW,0,0,4,2,3.392
LOW,LOW,0,5,4,2,4.469999999999999
HIGH,HIGH,1,8,5,2,3.574
LOW,LOW,1,1,0,0,1.958
LOW,LOW,0,5,3,2,1.0273333333333332
LOW,LOW,1,1,3,1,3.3306666666666667
HIGH,HIGH,0,9,0,0,4.052
HIGH,HIGH,0,7,2,1,1.562
HIGH,HIGH,1,6,1,0,3.778
LOW,LOW,1,2,5,3,5.88
LOW,LOW,1,2,3,2,3.961333333333333
LOW,LOW,0,3,4,1,3.112
LOW,LOW,0,5,1,0,2.082
HIGH,HIGH,0,9,1,0,2.106
LOW,LOW,1,5,5,3,1.7600000000000002
LOW,LOW,1,4,3,1,1.1506666666666667
LOW,LOW,0,2,3,1,3.736666666666667
LOW,LOW,1,0,2,0,0.714
LOW,LOW,1,5,1,0,0.0
LOW,LOW,1,5,4,0,1.584
LOW,LOW,1,4,5,2,0.08
LOW,LOW,1,2,0,0,0.374
LOW,LOW,1,2,2,0,1.258
LOW,LOW,1,4,1,0,0.3
LOW,LOW,1,1,0,0,1.892
LOW,LOW,1,0,0,0,0.39
HIGH,HIGH,1,6,0,0,0.0
HIGH,HIGH,1,6,3,0,0.6
LOW,LOW,1,4,0,0,0.0
LOW,LOW,1,0,3,0,1.288
LOW,LOW,1,5,0,0,1.7280000000000002
LOW,LOW,1,2,1,0,0.6599999999999999
LOW,LOW,1,5,1,0,0.3399999999999999
HIGH,HIGH,1,8,3,0,0.3
LOW,LOW,1,3,4,0,0.926
LOW,LOW,1,0,3,0,0.604
LOW,LOW,1,5,5,1,0.3399999999999999
LOW,LOW,1,1,0,0,2.254
LOW,LOW,1,3,2,0,2.896
LOW,LOW,1,3,3,1,3.9446666666666665
LOW,LOW,1,4,0,0,4.12
LOW,LOW,0,2,0,0,2.69
HIGH,HIGH,0,6,5,2,0.562
HIGH,HIGH,0,7,4,2,4.372
HIGH,HIGH,0,9,4,0,4.614000000000001
LOW,LOW,1,3,4,2,4.35
HIGH,HIGH,1,9,3,2,5.657333333333333
LOW,LOW,1,3,2,1,1.974
HIGH,HIGH,1,9,1,1,4.045999999999999
HIGH,HIGH,1,6,5,4,5.624
HIGH,HIGH,0,9,3,2,3.925333333333333
HIGH,HIGH,0,8,2,2,6.582
LOW,LOW,0,5,3,3,7.234
HIGH,HIGH,1,7,0,0,6.434
LOW,LOW,0,3,1,0,4.908
LOW,LOW,0,0,2,1,3.5660000000000003
LOW,LOW,0,2,1,0,4.732
LOW,LOW,1,3,1,0,3.196
LOW,LOW,0,1,1,0,2.738
LOW,LOW,0,2,4,2,3.202
HIGH,HIGH,1,9,0,0,4.604
HIGH,HIGH,1,8,2,0,4.5120000000000005
LOW,LOW,1,5,4,0,3.832
HIGH,HIGH,0,8,4,1,3.75
LOW,LOW,0,2,0,0,5.674
LOW,LOW,1,0,4,3,1.682
LOW,LOW,1,1,3,2,2.0973333333333333
LOW,LOW,1,4,0,0,2.988
HIGH,HIGH,1,7,5,2,0.38
HIGH,HIGH,0,9,1,0,1.762
LOW,LOW,0,3,0,0,1.748
LOW,LOW,1,1,2,1,2.77
LOW,LOW,0,5,4,2,2.8080000000000003
LOW,LOW,0,5,4,1,3.188
LOW,LOW,0,4,0,0,3.4320000000000004
LOW,LOW,1,4,0,0,2.726
LOW,LOW,1,3,4,2,4.58
HIGH,HIGH,1,8,0,0,3.204
HIGH,HIGH,0,8,3,1,4.398666666666666
HIGH,HIGH,0,9,1,0,3.4040000000000004
HIGH,HIGH,1,7,3,1,4.556666666666667
HIGH,HIGH,0,6,3,2,3.359333333333333
HIGH,HIGH,0,7,2,1,5.731999999999999
LOW,LOW,0,3,4,1,6.886
HIGH,HIGH,0,7,1,0,4.956
LOW,LOW,0,4,3,2,3.5053333333333336
LOW,LOW,0,2,1,0,3.968
HIGH,HIGH,0,6,3,1,2.456666666666667
HIGH,HIGH,1,9,5,2,1.98
LOW,LOW,0,0,3,2,3.4273333333333333
HIGH,HIGH,1,9,2,1,5.865999999999999
HIGH,HIGH,0,7,1,0,1.42
LOW,LOW,0,2,5,2,3.486
HIGH,HIGH,1,7,5,3,4.008
LOW,LOW,0,3,0,0,2.088
LOW,LOW,0,5,1,0,2.4360000000000004
LOW,LOW,0,1,2,1,4.106
HIGH,HIGH,1,8,0,0,0.976
LOW,LOW,1,4,4,0,1.306
LOW,LOW,1,5,2,0,2.48
HIGH,HIGH,1,8,2,0,0.6859999999999999
HIGH,HIGH,1,8,5,1,0.052
HIGH,HIGH,1,6,1,0,0.142
LOW,LOW,1,4,4,0,1.3279999999999998
HIGH,HIGH,1,6,3,0,1.37
LOW,LOW,1,1,5,0,0.104
HIGH,HIGH,1,9,2,0,0.028
HIGH,HIGH,0,8,5,5,2.92
HIGH,HIGH,0,7,4,2,7.545999999999999
LOW,LOW,0,5,0,0,5.174
LOW,LOW,0,5,3,3,7.521999999999999
LOW,LOW,1,5,3,2,4.519333333333334
HIGH,HIGH,0,6,4,4,5.182
LOW,LOW,0,3,3,2,6.489333333333334
HIGH,HIGH,0,6,0,0,4.308
LOW,LOW,0,2,4,3,6.506
LOW,LOW,0,5,3,1,5.480666666666666
LOW,LOW,0,1,2,1,6.183999999999999
LOW,LOW,0,5,5,5,7.232
HIGH,HIGH,0,7,5,3,6.132
HIGH,HIGH,0,8,2,1,5.691999999999999
HIGH,HIGH,1,6,0,0,6.05
LOW,LOW,0,0,0,0,4.99
HIGH,HIGH,0,7,1,0,4.99
HIGH,HIGH,1,7,5,4,6.508
LOW,LOW,0,0,3,3,5.1240000000000006
LOW,LOW,1,0,1,0,6.056
LOW,LOW,0,3,0,0,6.328
LOW,LOW,0,2,0,0,0.844
LOW,LOW,0,1,0,0,5.04
HIGH,HIGH,0,8,4,2,4.122
LOW,LOW,0,5,4,2,4.82
LOW,LOW,1,3,5,3,3.642
LOW,LOW,0,2,0,0,5.34
LOW,LOW,1,2,0,0,2.4040000000000004
HIGH,HIGH,0,7,2,1,4.483999999999999
LOW,LOW,0,3,3,1,4.972666666666667
HIGH,HIGH,0,7,2,1,5.66
LOW,LOW,0,2,1,0,7.037999999999999
LOW,LOW,0,0,0,0,6.031999999999999
HIGH,HIGH,0,6,2,1,5.327999999999999
HIGH,HIGH,0,7,4,3,6.138
LOW,LOW,1,1,1,1,5.626
LOW,LOW,0,5,2,1,7.343999999999999
LOW,LOW,0,5,4,3,5.096000000000001
LOW,LOW,0,4,1,0,5.284
HIGH,HIGH,0,8,1,0,6.095999999999999
LOW,LOW,0,5,4,1,5.396
HIGH,HIGH,1,8,1,0,3.274
LOW,LOW,0,5,1,0,3.954
HIGH,HIGH,0,6,4,2,1.652
LOW,LOW,1,1,1,0,0.92
HIGH,HIGH,0,6,1,0,2.738
LOW,LOW,1,4,5,2,3.3320000000000003
LOW,LOW,0,3,3,1,4.354666666666667
LOW,LOW,0,1,0,0,2.096
LOW,LOW,0,2,2,1,2.496
LOW,LOW,1,3,3,0,0.0
LOW,LOW,1,4,4,0,0.322
LOW,LOW,1,0,2,0,1.864
LOW,LOW,1,5,3,0,0.036
LOW,LOW,1,5,4,1,0.08
LOW,LOW,1,4,0,0,0.3
LOW,LOW,1,3,2,0,1.33
LOW,LOW,1,5,0,0,0.968
LOW,LOW,1,5,0,0,0.648
HIGH,HIGH,1,9,0,0,0.8999999999999999
LOW,LOW,1,5,2,2,1.156
LOW,LOW,0,1,0,0,1.456
LOW,LOW,0,0,5,2,2.518
HIGH,HIGH,1,7,1,0,3.272
LOW,LOW,1,3,5,2,4.052
HIGH,HIGH,1,7,0,0,1.626
LOW,LOW,0,0,0,0,1.508
HIGH,HIGH,0,9,4,3,4.776000000000001
HIGH,HIGH,1,7,5,2,3.742
HIGH,HIGH,0,7,3,1,3.802666666666666
LOW,LOW,1,1,2,1,8.132
HIGH,HIGH,0,8,2,1,6.167999999999999
LOW,LOW,0,2,2,1,6.3100000000000005
LOW,LOW,0,3,3,3,7.826
HIGH,HIGH,0,9,0,0,7.278
HIGH,HIGH,0,6,5,3,7.062
LOW,LOW,0,2,5,3,2.9160000000000004
LOW,LOW,0,0,5,4,6.346000000000001
HIGH,HIGH,0,8,5,3,4.412
HIGH,HIGH,0,8,2,1,4.698
HIGH,HIGH,0,6,0,0,7.14
HIGH,HIGH,0,6,4,2,6.484
LOW,LOW,0,5,3,1,4.332666666666666
LOW,LOW,1,5,0,0,5.776
HIGH,HIGH,1,7,2,1,6.908
LOW,LOW,0,4,5,4,6.470000000000001
LOW,LOW,0,4,0,0,8.168000000000001
LOW,LOW,0,1,2,1,4.545999999999999
LOW,LOW,0,4,1,0,5.61
LOW,LOW,0,2,5,2,6.428
HIGH,HIGH,0,6,4,3,6.096
HIGH,HIGH,0,9,1,0,8.236
HIGH,HIGH,0,6,0,0,2.708
HIGH,HIGH,0,7,1,0,6.542000000000001
HIGH,HIGH,0,6,1,0,5.808
LOW,LOW,0,5,5,4,7.95
LOW,LOW,1,3,1,1,5.316
LOW,LOW,0,1,5,3,5.73
LOW,LOW,0,5,2,0,5.417999999999999
HIGH,HIGH,0,9,3,2,3.943333333333333
LOW,LOW,0,1,4,2,4.986
HIGH,HIGH,1,6,2,0,3.868
HIGH,HIGH,1,7,3,1,3.308666666666667
LOW,LOW,1,3,2,1,2.998
LOW,LOW,0,0,0,0,3.664
HIGH,HIGH,1,7,0,0,5.422
LOW,LOW,0,0,4,0,4.946000000000001
HIGH,HIGH,0,7,2,0,3.652
LOW,LOW,0,2,3,1,2.766666666666667
LOW,LOW,1,5,3,1,2.0786666666666664
HIGH,HIGH,0,8,4,2,5.078
LOW,LOW,0,2,3,1,1.8006666666666666
LOW,LOW,1,1,3,2,3.915333333333333
LOW,LOW,0,1,3,2,3.511333333333333
HIGH,HIGH,0,7,2,1,3.5280000000000005
HIGH,HIGH,0,9,0,0,4.364
LOW,LOW,0,2,1,0,3.368
LOW,LOW,0,0,5,4,5.48
HIGH,HIGH,1,6,1,0,3.616
LOW,LOW,0,2,1,0,3.11
HIGH,HIGH,1,8,3,1,4.832666666666666
LOW,LOW,1,0,4,1,1.966
HIGH,HIGH,1,6,2,0,2.246
HIGH,HIGH,1,7,0,0,0.646
HIGH,HIGH,0,8,2,1,5.593999999999999
LOW,LOW,0,5,1,0,1.17
LOW,LOW,0,5,2,0,3.126
LOW,LOW,1,4,0,0,1.892
HIGH,HIGH,1,6,4,1,4.222
LOW,LOW,1,2,3,1,1.9686666666666663
HIGH,HIGH,0,9,5,3,4.172
LOW,LOW,1,1,2,0,2.534
HIGH,HIGH,1,8,4,2,2.662
LOW,LOW,0,2,0,0,3.694
LOW,LOW,1,3,1,0,2.3080000000000003
LOW,LOW,1,1,4,1,0.766
LOW,LOW,0,4,2,0,3.276
LOW,LOW,1,2,4,3,5.55
LOW,LOW,0,0,0,0,3.042
LOW,LOW,0,3,2,1,1.996
LOW,LOW,1,0,0,0,0.0
LOW,LOW,1,1,4,1,1.666
LOW,LOW,1,3,0,0,2.286
LOW,LOW,1,4,0,0,1.0459999999999998
LOW,LOW,1,0,4,0,1.282
HIGH,HIGH,1,8,5,0,0.7
LOW,LOW,1,2,2,0,0.0
LOW,LOW,1,1,4,0,0.0
LOW,LOW,1,3,3,0,1.906
LOW,LOW,1,3,4,0,0.3
LOW,LOW,1,2,3,0,4.174
HIGH,HIGH,1,9,3,1,3.0186666666666664
HIGH,HIGH,1,6,1,0,4.522
HIGH,HIGH,1,7,0,0,5.425999999999999
LOW,LOW,0,0,2,0,2.416
LOW,LOW,0,4,4,1,5.37
HIGH,HIGH,1,6,3,1,5.1546666666666665
LOW,LOW,1,4,4,1,3.24
LOW,LOW,0,2,1,0,3.3920000000000003
LOW,LOW,1,5,3,1,3.408666666666667
HIGH,HIGH,1,9,5,2,1.368
LOW,LOW,0,3,2,1,3.138
LOW,LOW,1,4,2,1,2.17
HIGH,HIGH,0,9,5,1,3.754
LOW,LOW,1,3,5,2,1.668
LOW,LOW,1,3,4,2,3.4400000000000004
HIGH,HIGH,0,6,2,1,2.862
LOW,LOW,0,4,2,1,4.477999999999999
LOW,LOW,0,4,1,0,3.012
LOW,LOW,0,0,0,0,3.364
HIGH,HIGH,1,6,1,0,0.3
LOW,LOW,0,1,1,0,3.026
HIGH,HIGH,0,8,3,2,3.161333333333333
LOW,LOW,0,1,1,0,4.638000000000001
HIGH,HIGH,1,8,1,0,0.0
LOW,LOW,0,5,4,2,0.5499999999999999
LOW,LOW,1,2,4,2,5.579999999999999
LOW,LOW,1,3,2,1,5.637999999999999
HIGH,HIGH,0,6,1,0,3.332
LOW,LOW,1,2,0,0,2.836
LOW,LOW,1,4,3,1,1.4426666666666668
HIGH,HIGH,1,6,3,0,0.044
HIGH,HIGH,1,9,0,0,1.27
HIGH,HIGH,1,8,2,0,1.61
HIGH,HIGH,1,9,5,1,0.664
LOW,LOW,1,3,3,0,2.23
LOW,LOW,1,0,3,0,1.294
LOW,LOW,1,3,2,0,1.966
LOW,LOW,1,2,4,1,1.026
HIGH,HIGH,1,6,1,0,0.6
LOW,LOW,1,0,1,0,3.88
HIGH,HIGH,0,8,0,0,2.118
HIGH,HIGH,1,6,3,1,4.208666666666667
LOW,LOW,0,1,5,2,2.8
LOW,LOW,0,0,3,1,5.346666666666667
LOW,LOW,0,2,2,0,3.422
LOW,LOW,1,3,5,2,2.018
LOW,LOW,0,1,4,3,3.262
HIGH,HIGH,0,7,3,0,3.062
HIGH,HIGH,0,9,3,1,2.7746666666666666
HIGH,HIGH,1,7,1,0,0.6579999999999999
LOW,LOW,1,1,1,0,0.936
LOW,LOW,1,2,0,0,1.934
HIGH,HIGH,1,7,1,0,1.7040000000000002
LOW,LOW,1,3,1,0,1.246
HIGH,HIGH,1,7,3,0,0.902
LOW,LOW,1,2,5,0,0.344
LOW,LOW,1,1,1,0,0.37
HIGH,HIGH,1,7,4,0,1.27
HIGH,HIGH,1,8,5,2,0.6799999999999999
LOW,LOW,0,0,5,4,3.5740000000000003
LOW,LOW,0,3,3,2,8.243333333333334
LOW,LOW,0,2,4,3,6.970000000000001
HIGH,HIGH,0,9,2,2,6.414000000000001
LOW,LOW,1,5,1,0,6.08
LOW,LOW,0,1,3,2,7.341333333333334
HIGH,HIGH,0,9,2,1,5.672
LOW,LOW,1,0,3,3,5.302
HIGH,HIGH,0,6,4,2,7.743999999999999
LOW,LOW,0,2,1,0,3.534
LOW,LOW,1,0,3,1,3.420666666666667
LOW,LOW,0,5,0,0,4.266
LOW,LOW,0,0,0,0,4.638
HIGH,HIGH,1,7,2,0,0.934
HIGH,HIGH,0,7,5,2,4.696000000000001
LOW,LOW,1,4,2,1,2.454
LOW,LOW,0,1,1,0,1.714
HIGH,HIGH,0,6,4,2,3.482
LOW,LOW,1,4,0,0,5.757999999999999
LOW,LOW,0,0,2,1,4.214
LOW,LOW,0,4,5,3,4.106
LOW,LOW,1,4,1,0,1.626
LOW,LOW,1,1,3,1,3.414666666666667
HIGH,HIGH,1,6,1,0,3.566
LOW,LOW,1,1,3,2,2.0853333333333333
HIGH,HIGH,1,8,3,1,4.862666666666667
LOW,LOW,1,5,4,2,2.978
LOW,LOW,1,1,1,0,3.196
HIGH,HIGH,1,7,1,0,3.528
HIGH,HIGH,0,8,5,2,0.23
LOW,LOW,0,3,3,1,5.044666666666667
HIGH,HIGH,1,9,4,1,2.462
HIGH,HIGH,1,9,5,2,6.15
LOW,LOW,0,2,3,1,3.7426666666666666
HIGH,HIGH,0,8,0,0,0.854
LOW,LOW,0,5,3,2,3.811333333333333
LOW,LOW,0,2,3,1,4.152666666666667
HIGH,HIGH,1,9,2,1,0.132
LOW,LOW,0,2,3,2,2.199333333333333
LOW,LOW,1,0,4,2,0.4
LOW,LOW,0,2,5,3,2.8120000000000003
LOW,LOW,0,0,3,2,1.8813333333333333
HIGH,HIGH,0,6,5,2,5.738
LOW,LOW,1,2,5,2,0.7879999999999999
HIGH,HIGH,1,9,0,0,3.226
LOW,LOW,0,4,4,1,4.424
LOW,LOW,1,1,2,1,1.5000000000000002
LOW,LOW,1,5,0,0,2.4200000000000004
LOW,LOW,1,2,3,1,4.826666666666666
HIGH,HIGH,1,6,4,2,4.264
LOW,LOW,1,2,1,0,0.0
LOW,LOW,1,4,4,0,0.652
HIGH,HIGH,1,7,2,0,0.6579999999999999
LOW,LOW,1,5,5,0,1.576
LOW,LOW,1,0,0,0,0.026
HIGH,HIGH,1,8,5,0,0.0
LOW,LOW,1,1,3,0,0.702
HIGH,HIGH,1,8,4,0,0.6
HIGH,HIGH,1,8,0,0,1.352
HIGH,HIGH,1,7,0,0,0.6759999999999999
HIGH,HIGH,0,6,0,0,4.401999999999999
LOW,LOW,0,2,4,2,3.818
LOW,LOW,0,0,3,2,2.9113333333333333
LOW,LOW,1,2,0,0,0.6
LOW,LOW,1,5,5,2,0.688
LOW,LOW,1,4,4,2,4.544
LOW,LOW,1,1,2,1,1.412
LOW,LOW,0,5,1,0,0.4999999999999999
HIGH,HIGH,0,6,3,0,3.03
HIGH,HIGH,1,9,3,2,0.8133333333333332
LOW,LOW,0,1,3,1,4.3726666666666665
HIGH,HIGH,1,7,1,0,3.468
LOW,LOW,1,4,0,0,1.574
HIGH,HIGH,1,7,4,1,1.92
LOW,LOW,1,3,3,0,2.85
LOW,LOW,0,3,2,0,1.756
LOW,LOW,1,1,2,1,3.998
HIGH,HIGH,1,7,4,2,3.614
HIGH,HIGH,1,6,0,0,0.0
HIGH,HIGH,1,7,4,2,3.4200000000000004
HIGH,HIGH,1,9,2,1,1.0779999999999998
HIGH,HIGH,0,9,0,0,3.05
HIGH,HIGH,0,6,0,0,0.4499999999999999
HIGH,HIGH,0,8,5,2,3.444
LOW,LOW,1,3,2,1,0.754
LOW,LOW,0,4,2,0,5.652
HIGH,HIGH,0,7,4,3,1.2659999999999998
LOW,LOW,1,5,2,0,4.118
LOW,LOW,0,2,2,1,4.112
LOW,LOW,0,2,1,0,4.706
LOW,LOW,0,4,5,3,3.456
HIGH,HIGH,1,8,3,1,2.682666666666667
LOW,LOW,1,5,2,1,5.277999999999999
HIGH,HIGH,0,6,0,0,3.752
HIGH,HIGH,0,7,4,2,4.496
LOW,LOW,1,4,5,2,4.212
HIGH,HIGH,0,6,1,0,1.0519999999999998
HIGH,HIGH,1,9,3,1,2.9486666666666665
HIGH,HIGH,0,9,3,1,2.474666666666667
HIGH,HIGH,1,6,0,0,2.006
HIGH,HIGH,0,6,2,1,0.258
LOW,LOW,1,4,4,2,3.302
HIGH,HIGH,1,6,4,1,4.938
HIGH,HIGH,1,8,1,0,5.228
HIGH,HIGH,1,6,5,3,1.8360000000000003
LOW,LOW,1,0,0,0,3.49
HIGH,HIGH,0,8,2,1,2.516
HIGH,HIGH,1,9,3,1,2.6206666666666667
LOW,LOW,1,5,5,2,3.314
HIGH,HIGH,1,8,4,1,3.838
HIGH,HIGH,0,6,1,0,0.484
LOW,LOW,1,4,4,2,2.222
HIGH,HIGH,0,6,2,0,4.346
HIGH,HIGH,0,7,0,0,5.374
HIGH,HIGH,0,7,0,0,3.25
LOW,LOW,0,5,1,0,4.636
HIGH,HIGH,1,6,0,0,5.699999999999999
HIGH,HIGH,0,9,5,3,4.814000000000001
LOW,LOW,0,3,5,3,3.232
LOW,LOW,1,5,1,0,3.3080000000000003
LOW,LOW,0,3,0,0,2.104
LOW,LOW,0,3,5,4,5.396
LOW,LOW,1,0,1,0,7.004
HIGH,HIGH,1,8,4,3,6.198
LOW,LOW,0,2,4,3,4.768000000000001
HIGH,HIGH,0,7,4,3,5.406000000000001
HIGH,HIGH,0,6,3,2,5.773333333333333
LOW,LOW,0,4,5,4,5.79
LOW,LOW,0,3,3,2,6.435333333333334
HIGH,HIGH,0,9,2,1,6.085999999999999
HIGH,HIGH,1,8,4,0,1.37
LOW,LOW,1,3,4,0,0.3
LOW,LOW,1,5,1,0,0.0999999999999999
HIGH,HIGH,1,9,4,0,0.93
LOW,LOW,1,3,5,0,0.63
HIGH,HIGH,1,8,4,0,0.944
HIGH,HIGH,1,6,4,0,2.186
HIGH,HIGH,1,8,0,0,1.924
LOW,LOW,1,5,2,0,1.924
LOW,LOW,1,5,4,1,0.094
LOW,LOW,0,1,4,3,6.064
LOW,LOW,0,2,3,1,8.236666666666666
LOW,LOW,0,3,5,5,3.856
HIGH,HIGH,0,7,3,2,5.809333333333334
HIGH,HIGH,0,9,2,1,5.072
HIGH,HIGH,0,6,1,0,4.904
LOW,LOW,0,3,3,3,6.754
HIGH,HIGH,0,9,2,1,7.437999999999999
LOW,LOW,1,0,5,3,4.319999999999999
HIGH,HIGH,0,9,2,1,8.214
HIGH,HIGH,1,7,2,1,2.084
LOW,LOW,1,3,0,0,1.566
LOW,LOW,1,2,4,2,2.928
HIGH,HIGH,1,6,2,1,3.882
LOW,LOW,1,5,4,2,2.972
HIGH,HIGH,0,9,3,1,4.014666666666667
HIGH,HIGH,1,8,4,2,4.376
LOW,LOW,0,2,0,0,4.012
LOW,LOW,0,4,1,0,3.132
LOW,LOW,1,4,3,2,5.183333333333334
LOW,LOW,0,2,3,2,4.109333333333333
HIGH,HIGH,1,9,2,0,0.1639999999999999
LOW,LOW,0,3,1,0,2.632
LOW,LOW,0,3,1,0,4.008
LOW,LOW,1,3,2,1,4.016
LOW,LOW,1,2,1,0,2.996
LOW,LOW,1,2,3,1,4.362666666666667
LOW,LOW,1,0,2,0,2.886
HIGH,HIGH,0,9,1,0,0.794
HIGH,HIGH,0,9,2,0,4.031999999999999
LOW,LOW,0,5,1,0,6.29
HIGH,HIGH,0,7,4,3,5.936
LOW,LOW,1,2,3,1,4.276666666666667
HIGH,HIGH,1,7,2,1,7.879999999999999
LOW,LOW,0,0,4,3,7.112
LOW,LOW,0,5,1,0,5.226
HIGH,HIGH,0,9,0,0,3.376
HIGH,HIGH,0,8,0,0,3.766
LOW,LOW,0,3,1,0,4.986
HIGH,HIGH,1,7,5,3,5.288
LOW,LOW,1,2,1,0,2.516
LOW,LOW,1,4,3,1,3.214666666666667
HIGH,HIGH,0,7,5,2,5.0920000000000005
HIGH,HIGH,1,7,3,3,4.982
LOW,LOW,0,2,1,0,2.442
HIGH,HIGH,0,8,5,1,4.742000000000001
LOW,LOW,1,5,5,3,3.31
HIGH,HIGH,1,8,5,2,4.978
LOW,LOW,1,3,5,2,4.564
LOW,LOW,0,5,5,1,1.44
LOW,LOW,0,3,3,1,3.1286666666666667
HIGH,HIGH,1,6,4,1,2.12
LOW,LOW,1,3,5,3,2.68
HIGH,HIGH,0,9,2,0,2.482
LOW,LOW,0,4,4,1,4.7
LOW,LOW,0,1,2,1,2.428
LOW,LOW,1,1,4,3,4.414000000000001
LOW,LOW,0,4,1,0,3.618
LOW,LOW,0,3,5,3,3.492
HIGH,HIGH,1,6,5,3,2.4320000000000004
LOW,LOW,1,1,5,0,1.296
LOW,LOW,1,2,1,0,0.6
HIGH,HIGH,1,7,5,0,0.302
HIGH,HIGH,1,8,1,0,0.146
HIGH,HIGH,1,9,0,0,0.6
LOW,LOW,1,4,4,0,2.174
LOW,LOW,1,3,0,0,0.324
LOW,LOW,1,1,0,0,1.64
LOW,LOW,1,1,3,0,0.0
LOW,LOW,1,1,2,0,1.91
HIGH,HIGH,1,7,2,0,6.424
HIGH,HIGH,1,7,0,0,3.558
LOW,LOW,0,0,5,3,5.1000000000000005
LOW,LOW,1,0,4,3,3.01
LOW,LOW,1,1,4,2,1.14
HIGH,HIGH,1,6,2,1,2.976
HIGH,HIGH,0,6,5,2,5.692
LOW,LOW,1,5,1,0,4.806
LOW,LOW,0,1,5,3,2.5420000000000003
LOW,LOW,0,1,1,0,2.726
LOW,LOW,1,3,3,0,1.304
HIGH,HIGH,1,8,0,0,0.934
LOW,LOW,1,3,0,0,0.968
HIGH,HIGH,1,6,0,0,1.614
LOW,LOW,1,2,4,0,2.82
LOW,LOW,1,0,0,0,0.314
HIGH,HIGH,1,9,4,0,0.936
LOW,LOW,1,0,0,0,1.0
LOW,LOW,1,5,2,0,1.374
LOW,LOW,1,1,1,0,1.59
LOW,LOW,1,0,3,1,0.0966666666666666
HIGH,HIGH,0,7,3,1,3.422666666666667
LOW,LOW,0,1,2,0,4.052
LOW,LOW,1,2,4,2,3.2920000000000003
LOW,LOW,0,5,4,1,3.43
HIGH,HIGH,0,6,3,1,2.0966666666666667
LOW,LOW,0,5,2,0,3.296
LOW,LOW,1,5,2,1,3.112
LOW,LOW,1,5,4,1,2.8959999999999995
HIGH,HIGH,0,9,1,0,2.76
LOW,LOW,0,1,1,0,4.066
LOW,LOW,1,3,3,1,1.6966666666666668
LOW,LOW,1,4,4,3,5.578
LOW,LOW,0,1,0,0,2.446
HIGH,HIGH,1,8,5,2,2.92
HIGH,HIGH,1,6,5,3,3.954
LOW,LOW,0,4,2,0,1.732
LOW,LOW,0,4,4,2,1.528
LOW,LOW,1,5,5,1,2.598
LOW,LOW,1,3,1,0,2.588
HIGH,HIGH,0,7,2,1,3.5080000000000005
HIGH,HIGH,0,9,3,2,3.815333333333333
HIGH,HIGH,0,9,4,2,2.452
HIGH,HIGH,1,8,4,2,3.666
LOW,LOW,0,3,5,3,2.508
LOW,LOW,0,0,1,0,4.232
HIGH,HIGH,1,6,3,1,1.6506666666666667
HIGH,HIGH,0,6,0,0,3.698
LOW,LOW,1,1,2,0,2.998
LOW,LOW,1,5,4,1,3.8939999999999992
HIGH,HIGH,1,6,1,0,1.27
HIGH,HIGH,0,8,1,0,4.012
LOW,LOW,0,1,1,0,4.496
HIGH,HIGH,0,8,0,0,1.162
LOW,LOW,1,3,1,0,2.672
LOW,LOW,0,5,3,1,3.4106666666666667
LOW,LOW,1,3,2,0,3.87
HIGH,HIGH,1,9,0,0,4.156
LOW,LOW,0,2,5,3,4.069999999999999
LOW,LOW,0,0,1,0,2.688
LOW,LOW,1,5,5,3,4.666
LOW,LOW,0,4,0,0,1.096
HIGH,HIGH,1,8,5,3,4.06
LOW,LOW,0,3,4,1,2.14
HIGH,HIGH,1,7,4,3,3.968
LOW,LOW,1,5,3,0,2.468
LOW,LOW,1,5,4,1,2.66
LOW,LOW,1,0,4,3,3.912
LOW,LOW,1,3,0,0,1.248
HIGH,HIGH,0,9,2,0,2.176
HIGH,HIGH,0,7,3,2,3.751333333333333
LOW,LOW,1,0,4,2,3.256
LOW,LOW,1,5,1,0,3.504
LOW,LOW,1,1,1,0,2.614
LOW,LOW,1,2,3,2,5.235333333333333
HIGH,HIGH,1,6,2,0,2.272
HIGH,HIGH,1,6,5,2,4.002
LOW,LOW,1,1,4,2,3.568
HIGH,HIGH,1,9,1,0,3.564
HIGH,HIGH,0,6,2,0,1.37
LOW,LOW,0,1,0,0,1.43
HIGH,HIGH,1,8,1,0,3.84
LOW,LOW,0,5,3,1,3.332666666666667
LOW,LOW,1,1,5,3,1.386
HIGH,HIGH,0,7,2,1,3.14
LOW,LOW,1,3,3,0,3.5
LOW,LOW,1,1,4,2,6.214
LOW,LOW,1,2,4,2,2.16
LOW,LOW,0,1,1,0,1.2079999999999995
LOW,LOW,1,4,3,1,2.602666666666667
HIGH,HIGH,1,9,5,1,1.322
LOW,LOW,1,3,1,0,0.8999999999999999
HIGH,HIGH,1,7,1,0,1.592
HIGH,HIGH,1,9,2,0,0.6819999999999999
HIGH,HIGH,1,7,5,0,0.634
LOW,LOW,1,3,1,0,1.4
LOW,LOW,1,5,3,1,1.9106666666666663
LOW,LOW,1,0,4,0,1.004
HIGH,HIGH,1,6,4,0,1.254
LOW,LOW,1,1,0,0,0.0
HIGH,HIGH,0,9,5,3,5.786
LOW,LOW,1,5,1,1,6.002
LOW,LOW,1,0,4,2,5.531999999999999
HIGH,HIGH,1,9,4,4,5.312
LOW,LOW,1,1,3,2,6.8453333333333335
LOW,LOW,0,1,4,3,4.156
LOW,LOW,0,4,0,0,4.842
LOW,LOW,0,2,0,0,6.594
LOW,LOW,0,4,2,1,5.638
LOW,LOW,0,4,1,0,5.715999999999999
HIGH,HIGH,0,9,5,3,6.538
LOW,LOW,0,2,1,0,4.684
LOW,LOW,1,3,3,1,3.5646666666666667
HIGH,HIGH,0,7,4,3,4.8020000000000005
LOW,LOW,1,4,2,1,5.853999999999999
LOW,LOW,1,1,5,4,5.952
LOW,LOW,0,3,2,1,4.441999999999999
LOW,LOW,0,0,1,0,7.044
LOW,LOW,0,4,5,4,7.858
LOW,LOW,0,5,1,0,5.948
HIGH,HIGH,1,7,0,0,3.832
HIGH,HIGH,1,7,4,1,2.604
LOW,LOW,1,3,5,2,3.92
HIGH,HIGH,1,8,5,2,3.6
LOW,LOW,1,3,0,0,4.798
HIGH,HIGH,1,9,2,0,3.334
LOW,LOW,1,5,1,0,1.38
LOW,LOW,0,4,2,0,1.098
LOW,LOW,0,0,4,1,4.052
LOW,LOW,0,2,0,0,3.648
HIGH,HIGH,1,6,4,3,1.742
LOW,LOW,0,1,1,0,2.718
LOW,LOW,1,2,5,2,3.98
LOW,LOW,0,0,0,0,3.41
LOW,LOW,1,4,4,2,2.244
HIGH,HIGH,0,8,0,0,3.4000000000000004
LOW,LOW,1,1,5,3,2.774
HIGH,HIGH,0,8,0,0,2.744
LOW,LOW,1,4,1,0,3.788
HIGH,HIGH,1,6,0,0,2.968
HIGH,HIGH,0,6,4,3,5.914
HIGH,HIGH,0,8,3,2,7.395333333333333
HIGH,HIGH,0,8,4,3,4.800000000000001
HIGH,HIGH,0,7,2,2,7.664
HIGH,HIGH,0,8,1,0,6.206
HIGH,HIGH,0,8,1,0,6.3020000000000005
HIGH,HIGH,1,6,1,0,6.742
HIGH,HIGH,1,9,0,0,4.148
HIGH,HIGH,0,7,4,3,4.890000000000001
HIGH,HIGH,1,7,3,2,6.5793333333333335
LOW,LOW,1,4,2,0,1.236
LOW,LOW,1,0,2,0,0.0
LOW,LOW,1,1,4,0,0.914
LOW,LOW,1,5,3,0,1.642
LOW,LOW,1,4,1,0,1.678
LOW,LOW,1,2,2,0,1.592
LOW,LOW,1,1,2,0,0.8999999999999999
LOW,LOW,1,1,2,0,0.3
HIGH,HIGH,1,9,2,0,0.036
LOW,LOW,1,0,4,0,1.352
LOW,LOW,1,5,1,0,5.561999999999999
LOW,LOW,1,4,3,1,3.346666666666667
HIGH,HIGH,0,8,3,1,2.724666666666667
LOW,LOW,1,3,1,0,5.446
HIGH,HIGH,1,6,4,1,0.38
LOW,LOW,0,5,1,0,3.052
HIGH,HIGH,1,9,1,0,5.452
LOW,LOW,1,1,2,0,3.132
HIGH,HIGH,0,6,4,2,4.457999999999999
LOW,LOW,1,1,4,1,2.278
HIGH,HIGH,0,8,1,0,3.008
HIGH,HIGH,1,6,2,1,4.06
LOW,LOW,1,5,2,1,2.97
HIGH,HIGH,0,8,0,0,3.108
HIGH,HIGH,0,8,2,1,1.75
LOW,LOW,0,3,2,1,5.068
HIGH,HIGH,0,7,1,0,4.298
LOW,LOW,0,5,2,1,1.454
LOW,LOW,1,2,4,3,3.754
LOW,LOW,1,1,2,1,2.3640000000000003
LOW,LOW,0,4,5,3,3.862
LOW,LOW,1,5,5,3,3.036
HIGH,HIGH,1,8,5,2,2.082
LOW,LOW,0,5,4,1,4.092
HIGH,HIGH,0,6,0,0,1.89
LOW,LOW,1,1,1,0,1.622
HIGH,HIGH,1,9,5,3,3.96
HIGH,HIGH,0,7,0,0,3.644
LOW,LOW,0,2,1,0,1.722
HIGH,HIGH,1,6,3,2,2.369333333333333
LOW,LOW,0,1,4,3,6.554
HIGH,HIGH,0,9,4,3,7.062
LOW,LOW,0,2,5,3,4.394
HIGH,HIGH,0,9,0,0,4.026
LOW,LOW,0,1,2,1,5.114
LOW,LOW,0,2,3,2,4.597333333333334
LOW,LOW,0,3,0,0,4.954000000000001
LOW,LOW,0,3,1,0,4.794
LOW,LOW,0,3,1,1,3.986
LOW,LOW,0,0,5,4,7.358
LOW,LOW,1,0,3,0,0.962
LOW,LOW,1,5,2,0,2.3160000000000003
LOW,LOW,1,4,2,0,2.3440000000000003
HIGH,HIGH,0,7,3,1,1.5286666666666666
HIGH,HIGH,1,6,0,0,1.932
HIGH,HIGH,1,6,2,0,1.95
HIGH,HIGH,1,9,1,0,3.856
LOW,LOW,0,5,2,1,3.772
HIGH,HIGH,0,6,4,2,2.768
LOW,LOW,0,1,4,2,1.55
HIGH,HIGH,1,7,5,4,0.488
LOW,LOW,1,1,4,2,0.572
LOW,LOW,0,4,4,3,6.114
LOW,LOW,1,0,1,0,3.834
LOW,LOW,0,0,0,0,2.142
HIGH,HIGH,0,9,0,0,1.13
LOW,LOW,0,2,4,3,2.204
HIGH,HIGH,0,9,4,1,2.9799999999999995
HIGH,HIGH,0,7,4,1,4.316
LOW,LOW,1,0,3,1,0.3766666666666666
LOW,LOW,1,3,0,0,1.852
LOW,LOW,1,3,0,0,1.246
LOW,LOW,1,3,2,0,0.916
HIGH,HIGH,1,8,0,0,0.3359999999999999
LOW,LOW,1,1,2,0,1.334
LOW,LOW,1,1,1,0,0.968
LOW,LOW,1,2,5,0,1.204
LOW,LOW,1,2,2,0,0.35
LOW,LOW,1,0,3,0,0.636
LOW,LOW,1,5,5,0,0.3
HIGH,HIGH,1,9,4,1,2.61
HIGH,HIGH,1,9,0,0,1.63
LOW,LOW,1,5,5,2,4.004
LOW,LOW,1,1,2,1,2.3640000000000003
HIGH,HIGH,0,8,4,0,2.712
HIGH,HIGH,1,6,2,0,4.486
LOW,LOW,1,2,5,1,3.634
LOW,LOW,1,3,4,2,4.91
HIGH,HIGH,0,8,0,0,2.76
LOW,LOW,1,4,4,2,2.644
LOW,LOW,0,4,2,1,2.054
LOW,LOW,1,3,3,2,3.0773333333333333
LOW,LOW,0,0,0,0,2.12
HIGH,HIGH,1,6,5,3,4.061999999999999
LOW,LOW,0,4,4,2,3.732
LOW,LOW,0,4,4,3,4.694000000000001
LOW,LOW,1,2,5,3,1.758
LOW,LOW,1,3,0,0,2.988
LOW,LOW,0,4,0,0,3.4320000000000004
HIGH,HIGH,0,8,5,2,2.784
HIGH,HIGH,0,9,0,0,4.916
HIGH,HIGH,0,7,0,0,3.712
HIGH,HIGH,1,8,2,1,0.822
LOW,LOW,1,2,5,3,2.3400000000000003
LOW,LOW,0,0,4,2,2.45
LOW,LOW,1,3,0,0,5.725999999999999
LOW,LOW,1,3,2,0,3.3600000000000003
LOW,LOW,1,4,0,0,1.922
LOW,LOW,1,0,5,3,3.652
LOW,LOW,1,1,4,2,2.604
HIGH,HIGH,0,8,3,0,4.682
LOW,LOW,0,4,5,2,4.396
LOW,LOW,0,5,0,0,2.104
HIGH,HIGH,1,7,0,0,2.668
LOW,LOW,1,0,1,0,1.876
LOW,LOW,1,2,3,1,2.290666666666667
LOW,LOW,1,4,0,0,5.501999999999999
HIGH,HIGH,1,7,3,1,5.196666666666666
LOW,LOW,1,3,0,0,2.3360000000000003
HIGH,HIGH,1,7,0,0,4.194
LOW,LOW,1,5,1,0,1.814
LOW,LOW,1,2,3,1,0.0926666666666666
LOW,LOW,1,2,3,0,0.94
HIGH,HIGH,1,9,5,0,0.952
HIGH,HIGH,1,6,2,0,0.0999999999999999
LOW,LOW,1,3,3,0,0.362
LOW,LOW,1,1,5,1,0.75
LOW,LOW,1,5,0,0,1.688
HIGH,HIGH,1,6,3,0,0.636
LOW,LOW,1,4,3,0,0.638
LOW,LOW,1,3,0,0,4.142
LOW,LOW,1,2,5,2,2.3160000000000003
LOW,LOW,1,2,1,0,1.992
HIGH,HIGH,0,8,1,0,3.45
HIGH,HIGH,0,9,2,1,4.382
LOW,LOW,1,0,2,1,5.584
LOW,LOW,1,4,5,1,4.502000000000001
HIGH,HIGH,0,6,4,1,0.928
LOW,LOW,1,3,5,1,1.936
HIGH,HIGH,0,9,5,2,4.044
LOW,LOW,1,0,4,2,1.368
LOW,LOW,1,1,2,0,2.214
LOW,LOW,0,2,4,3,2.55
HIGH,HIGH,1,6,1,0,2.794
HIGH,HIGH,1,6,1,0,0.996
LOW,LOW,0,2,0,0,1.146
LOW,LOW,0,5,4,1,2.81
HIGH,HIGH,0,6,4,3,0.6
LOW,LOW,0,0,5,3,0.896
HIGH,HIGH,0,7,5,2,3.436
HIGH,HIGH,1,9,5,3,2.678
HIGH,HIGH,1,8,5,3,2.4160000000000004
HIGH,HIGH,0,9,1,0,5.048
LOW,LOW,0,4,5,3,4.085999999999999
HIGH,HIGH,0,8,4,3,4.8340000000000005
LOW,LOW,0,5,3,1,1.846666666666667
LOW,LOW,0,0,4,3,4.327999999999999
LOW,LOW,0,4,1,0,3.406
LOW,LOW,0,0,0,0,2.994
HIGH,HIGH,1,6,4,2,4.496
LOW,LOW,0,0,4,2,2.2019999999999995
LOW,LOW,1,5,2,0,4.834
LOW,LOW,1,5,2,1,1.4780000000000002
LOW,LOW,0,1,4,2,3.138
HIGH,HIGH,1,6,1,0,2.85
HIGH,HIGH,0,7,5,4,4.106
LOW,LOW,0,0,4,2,5.1
HIGH,HIGH,0,8,1,0,3.4
HIGH,HIGH,0,8,3,2,2.553333333333333
LOW,LOW,1,5,0,0,2.228
LOW,LOW,1,5,1,0,4.892
LOW,LOW,1,4,2,0,1.96
LOW,LOW,0,0,0,0,4.908
LOW,LOW,0,1,4,2,3.526
LOW,LOW,0,3,1,0,4.272
HIGH,HIGH,0,9,0,0,2.088
LOW,LOW,1,3,2,1,3.592
LOW,LOW,1,5,5,3,3.024
LOW,LOW,1,2,4,2,1.0559999999999998
LOW,LOW,1,3,2,1,3.272
LOW,LOW,1,3,5,2,2.01
LOW,LOW,1,4,0,0,3.86
LOW,LOW,1,4,1,0,2.892
LOW,LOW,1,5,3,1,3.308666666666667
HIGH,HIGH,0,9,2,1,3.494
LOW,LOW,1,0,1,0,2.17
LOW,LOW,1,0,3,1,2.440666666666667
LOW,LOW,1,2,4,2,3.864
LOW,LOW,1,4,1,0,3.534
HIGH,HIGH,1,8,5,1,4.518
HIGH,HIGH,0,6,3,0,3.678
LOW,LOW,0,0,5,3,4.088
LOW,LOW,1,4,3,1,4.228666666666667
LOW,LOW,0,0,3,1,4.3966666666666665
LOW,LOW,0,4,3,2,2.821333333333333
LOW,LOW,0,3,1,0,2.412
LOW,LOW,0,2,5,3,2.19
HIGH,HIGH,0,6,5,4,4.106
LOW,LOW,0,3,3,2,2.803333333333333
LOW,LOW,0,4,5,3,5.526
LOW,LOW,1,4,4,0,0.99
LOW,LOW,1,1,2,0,0.6
LOW,LOW,1,4,0,0,0.008
HIGH,HIGH,1,6,5,0,1.31
HIGH,HIGH,1,9,1,0,0.8999999999999999
HIGH,HIGH,1,6,4,0,0.944
HIGH,HIGH,1,9,3,0,0.1159999999999999
LOW,LOW,1,5,4,0,0.018
LOW,LOW,1,0,5,0,1.576
HIGH,HIGH,1,6,3,0,0.026
LOW,LOW,0,3,0,0,1.814
LOW,LOW,0,1,4,3,5.444000000000001
LOW,LOW,0,3,5,3,3.388
LOW,LOW,1,5,5,3,2.058
LOW,LOW,0,3,4,2,5.0600000000000005
LOW,LOW,1,1,3,1,0.4846666666666666
LOW,LOW,0,5,3,1,5.346666666666667
LOW,LOW,0,4,1,0,5.7
LOW,LOW,0,3,1,0,5.0360000000000005
LOW,LOW,1,2,4,3,2.772
LOW,LOW,1,4,3,1,2.6366666666666667
LOW,LOW,0,0,3,1,2.416666666666667
LOW,LOW,1,2,0,0,2.19
HIGH,HIGH,0,8,1,0,1.126
LOW,LOW,0,5,0,0,3.64
HIGH,HIGH,1,9,1,0,3.84
LOW,LOW,1,3,5,2,1.166
LOW,LOW,1,1,4,2,1.766
HIGH,HIGH,1,8,2,1,2.696
LOW,LOW,1,5,0,0,1.548
LOW,LOW,0,0,5,2,4.134
LOW,LOW,1,5,0,0,0.94
HIGH,HIGH,1,7,3,2,2.951333333333333
LOW,LOW,1,5,4,2,2.056
HIGH,HIGH,1,7,1,0,4.244
LOW,LOW,0,3,2,0,4.33
HIGH,HIGH,1,8,2,1,2.61
LOW,LOW,0,5,5,3,3.468
LOW,LOW,0,1,3,1,2.2006666666666668
HIGH,HIGH,0,9,3,2,3.453333333333333
LOW,LOW,1,1,3,0,0.0
LOW,LOW,1,0,4,0,1.26
LOW,LOW,1,4,0,0,1.268
LOW,LOW,1,1,2,0,0.3
HIGH,HIGH,1,7,3,0,0.638
LOW,LOW,1,0,0,0,0.6
HIGH,HIGH,1,7,4,1,1.652
HIGH,HIGH,1,7,2,0,0.372
HIGH,HIGH,1,8,0,0,0.3
LOW,LOW,0,0,2,0,0.75
LOW,LOW,1,5,5,3,5.843999999999999
LOW,LOW,1,2,3,1,2.574666666666667
HIGH,HIGH,1,6,0,0,2.858
LOW,LOW,1,5,2,1,3.746
HIGH,HIGH,1,7,2,1,3.96
LOW,LOW,0,5,5,2,1.476
LOW,LOW,1,5,5,3,3.2880000000000003
LOW,LOW,1,0,0,0,3.846
HIGH,HIGH,0,7,3,0,4.327999999999999
LOW,LOW,1,5,3,1,3.514666666666667
LOW,LOW,0,4,4,2,5.715999999999999
HIGH,HIGH,1,9,0,0,5.056
HIGH,HIGH,0,6,0,0,6.194000000000001
HIGH,HIGH,0,8,5,4,6.5520000000000005
HIGH,HIGH,0,7,2,1,8.389999999999999
LOW,LOW,0,3,0,0,5.37
LOW,LOW,1,3,2,1,4.254
LOW,LOW,1,0,2,1,5.865999999999999
LOW,LOW,0,2,3,2,3.847333333333333
LOW,LOW,0,5,5,4,3.53
LOW,LOW,0,5,5,2,0.5980000000000001
HIGH,HIGH,1,7,4,2,0.54
LOW,LOW,0,4,0,0,5.502
LOW,LOW,0,4,1,0,0.844
LOW,LOW,1,1,4,1,2.694
LOW,LOW,0,0,2,0,2.766
HIGH,HIGH,0,6,5,2,0.5820000000000001
HIGH,HIGH,1,7,4,2,3.82
LOW,LOW,1,1,3,1,3.536666666666666
HIGH,HIGH,1,6,3,1,2.9506666666666668
LOW,LOW,0,0,3,1,3.4066666666666667
LOW,LOW,0,1,5,3,3.548
LOW,LOW,1,5,3,1,2.228666666666667
LOW,LOW,1,2,2,1,1.652
LOW,LOW,0,5,3,1,3.2466666666666666
LOW,LOW,0,5,0,0,4.02
HIGH,HIGH,1,6,1,0,3.198
LOW,LOW,0,2,0,0,2.378
HIGH,HIGH,1,7,4,3,3.042
LOW,LOW,1,2,4,1,3.364
HIGH,HIGH,0,6,3,2,5.551333333333334
LOW,LOW,0,0,1,1,2.024
LOW,LOW,0,3,4,3,5.75
LOW,LOW,1,4,3,2,4.607333333333334
LOW,LOW,0,1,4,3,6.004
HIGH,HIGH,1,7,5,4,6.274
LOW,LOW,0,5,2,1,5.39
HIGH,HIGH,0,9,2,1,4.545999999999999
LOW,LOW,0,1,0,0,5.372
LOW,LOW,1,2,2,1,5.228
LOW,LOW,0,3,0,0,4.335999999999999
HIGH,HIGH,0,8,4,3,0.9
HIGH,HIGH,0,7,0,0,1.2459999999999998
HIGH,HIGH,1,8,3,2,4.405333333333334
HIGH,HIGH,0,8,0,0,4.680000000000001
LOW,LOW,0,3,3,1,2.754666666666667
LOW,LOW,1,1,1,0,5.144
LOW,LOW,0,1,1,0,0.75
HIGH,HIGH,0,9,0,0,5.3020000000000005
LOW,LOW,0,2,3,2,5.125333333333334
LOW,LOW,0,1,3,3,7.0600000000000005
HIGH,HIGH,0,8,2,1,9.842
HIGH,HIGH,1,9,2,1,8.427999999999999
LOW,LOW,0,1,1,0,6.496
HIGH,HIGH,0,6,4,4,3.674
HIGH,HIGH,0,9,0,0,6.376
LOW,LOW,1,1,2,1,5.252
HIGH,HIGH,0,8,2,1,7.081999999999999
HIGH,HIGH,1,8,1,0,8.26
LOW,LOW,0,1,3,2,4.823333333333334
LOW,LOW,0,4,4,3,6.456000000000001
LOW,LOW,1,4,3,3,6.636
HIGH,HIGH,0,8,3,2,5.567333333333334
LOW,LOW,0,0,1,0,5.918
LOW,LOW,0,1,4,3,6.486000000000001
LOW,LOW,1,4,3,2,4.923333333333334
LOW,LOW,0,1,1,0,8.324
LOW,LOW,1,2,0,0,7.659999999999999
LOW,LOW,1,1,0,0,6.354
HIGH,HIGH,0,7,4,2,6.789999999999999
LOW,LOW,1,5,1,0,5.385999999999999
LOW,LOW,1,1,1,0,6.126
LOW,LOW,1,4,5,3,3.402
HIGH,HIGH,1,6,5,4,0.79
HIGH,HIGH,0,8,1,0,5.67
HIGH,HIGH,1,8,0,0,0.698
HIGH,HIGH,1,6,4,2,1.7720000000000002
HIGH,HIGH,0,7,3,1,0.5166666666666666
HIGH,HIGH,1,8,3,1,4.258666666666667
HIGH,HIGH,0,8,1,0,2.706
LOW,LOW,1,5,3,1,3.380666666666667
LOW,LOW,0,0,0,0,0.558
LOW,LOW,1,2,2,1,1.8560000000000003
HIGH,HIGH,1,6,1,0,4.904
LOW,LOW,1,5,1,0,2.882
LOW,LOW,0,1,0,0,2.092
HIGH,HIGH,1,8,5,2,3.66
HIGH,HIGH,1,7,3,1,2.1226666666666665
LOW,LOW,1,3,0,0,2.572
HIGH,HIGH,0,9,1,0,3.34
LOW,LOW,1,0,1,0,4.772
HIGH,HIGH,0,7,4,3,3.302
HIGH,HIGH,0,6,4,3,6.638000000000001
LOW,LOW,0,2,1,0,5.25
HIGH,HIGH,0,8,0,0,4.926
LOW,LOW,1,2,3,2,6.801333333333334
LOW,LOW,0,4,1,0,5.744
LOW,LOW,0,5,4,2,6.528
HIGH,HIGH,0,7,0,0,4.145999999999999
HIGH,HIGH,0,9,2,2,4.854000000000001
HIGH,HIGH,1,6,2,0,0.648
LOW,LOW,1,4,3,0,0.0
HIGH,HIGH,1,6,2,0,0.638
LOW,LOW,1,3,1,0,1.254
HIGH,HIGH,1,6,2,0,1.002
HIGH,HIGH,1,6,3,0,1.0279999999999998
LOW,LOW,1,3,2,0,0.61
LOW,LOW,1,3,1,0,0.726
HIGH,HIGH,1,7,1,0,0.63
LOW,LOW,1,5,5,0,0.976
LOW,LOW,1,4,3,1,0.0666666666666666
LOW,LOW,1,3,5,0,2.244
HIGH,HIGH,1,8,3,0,0.636
HIGH,HIGH,1,9,0,0,0.0
LOW,LOW,1,3,4,0,1.298
HIGH,HIGH,1,7,4,0,0.3
LOW,LOW,1,0,5,0,1.642
HIGH,HIGH,1,9,3,0,0.352
HIGH,HIGH,1,9,2,0,0.3999999999999999
HIGH,HIGH,1,8,4,0,1.326
LOW,LOW,1,4,2,1,3.302
HIGH,HIGH,0,8,2,1,4.475999999999999
HIGH,HIGH,1,6,3,2,2.401333333333333
HIGH,HIGH,0,8,2,1,3.132
HIGH,HIGH,1,8,5,2,7.463999999999999
LOW,LOW,1,4,4,1,4.234
LOW,LOW,1,4,5,2,0.6799999999999999
LOW,LOW,0,1,0,0,3.082
HIGH,HIGH,1,7,1,0,3.534
LOW,LOW,0,5,4,2,1.528
LOW,LOW,1,2,1,0,3.178
HIGH,HIGH,1,7,2,0,4.5360000000000005
HIGH,HIGH,1,6,3,1,1.6586666666666667
HIGH,HIGH,0,7,2,1,3.198
HIGH,HIGH,1,8,5,2,5.52
HIGH,HIGH,0,9,5,3,2.178
LOW,LOW,1,1,1,0,1.92
HIGH,HIGH,0,8,5,2,3.866
LOW,LOW,1,4,1,0,6.779999999999999
LOW,LOW,1,2,1,1,1.798
LOW,LOW,1,3,4,0,0.914
LOW,LOW,1,3,4,0,0.314
LOW,LOW,1,4,3,0,0.3
LOW,LOW,1,2,3,0,0.626
LOW,LOW,1,4,3,0,0.648
LOW,LOW,1,1,3,0,1.61
HIGH,HIGH,1,9,2,0,1.284
LOW,LOW,1,5,3,0,0.008
HIGH,HIGH,1,7,2,0,0.6799999999999999
HIGH,HIGH,1,9,3,0,1.238
LOW,LOW,0,3,4,3,5.57
LOW,LOW,1,3,5,4,6.484
LOW,LOW,1,4,2,1,4.564
LOW,LOW,0,3,4,3,6.700000000000001
LOW,LOW,0,5,4,2,6.614
LOW,LOW,0,4,5,4,4.545999999999999
HIGH,HIGH,0,8,2,1,3.266
LOW,LOW,1,2,0,0,7.101999999999999
LOW,LOW,0,1,0,0,6.9
LOW,LOW,0,4,5,5,6.122
HIGH,HIGH,1,6,2,1,3.902
LOW,LOW,0,1,1,0,2.8200000000000003
LOW,LOW,0,3,3,1,4.374666666666666
LOW,LOW,1,2,1,0,2.186
LOW,LOW,0,4,3,1,4.510666666666666
HIGH,HIGH,1,6,4,2,4.306
LOW,LOW,1,0,3,2,3.4713333333333334
LOW,LOW,1,0,4,3,3.348
LOW,LOW,1,1,0,0,4.168
LOW,LOW,0,4,5,2,5.652
HIGH,HIGH,0,7,4,2,2.728
LOW,LOW,1,4,3,2,4.573333333333334
HIGH,HIGH,0,6,5,3,4.94
HIGH,HIGH,0,7,3,1,3.0906666666666665
HIGH,HIGH,0,9,0,0,4.720000000000001
LOW,LOW,1,4,0,0,1.896
LOW,LOW,1,2,3,1,2.280666666666667
HIGH,HIGH,0,8,5,2,3.444
LOW,LOW,0,4,1,0,3.196
LOW,LOW,1,0,1,0,3.928
LOW,LOW,1,4,2,0,0.6719999999999999
LOW,LOW,1,4,5,0,0.8999999999999999
LOW,LOW,1,2,3,0,0.624
LOW,LOW,1,0,3,0,0.652
LOW,LOW,1,4,5,0,0.6
LOW,LOW,1,4,0,0,0.344
HIGH,HIGH,1,6,2,0,1.546
HIGH,HIGH,1,6,0,0,0.984
HIGH,HIGH,1,9,2,0,1.596
LOW,LOW,1,0,0,0,0.956
LOW,LOW,1,1,1,0,1.3159999999999998
LOW,LOW,1,5,5,3,5.707999999999999
LOW,LOW,1,2,0,0,3.246
LOW,LOW,1,5,2,1,1.7360000000000002
HIGH,HIGH,1,8,3,1,1.5406666666666666
LOW,LOW,0,4,2,1,2.772
HIGH,HIGH,1,6,2,1,2.96
LOW,LOW,1,5,5,3,2.71
LOW,LOW,1,0,2,1,4.344
LOW,LOW,0,1,4,2,1.206
LOW,LOW,1,4,5,0,0.362
LOW,LOW,1,0,1,0,1.306
LOW,LOW,1,0,0,0,0.3
HIGH,HIGH,1,6,3,0,1.002
HIGH,HIGH,1,8,1,0,1.254
LOW,LOW,1,3,3,0,1.25
HIGH,HIGH,1,8,1,0,0.02
HIGH,HIGH,1,6,4,1,1.028
HIGH,HIGH,1,6,0,0,0.0
HIGH,HIGH,1,9,5,0,1.634
HIGH,HIGH,0,9,2,1,2.2419999999999995
HIGH,HIGH,0,9,3,1,1.7666666666666666
HIGH,HIGH,0,8,0,0,1.99
HIGH,HIGH,0,8,2,1,3.128
LOW,LOW,1,4,0,0,1.918
LOW,LOW,0,1,3,1,1.2326666666666666
LOW,LOW,1,0,4,2,3.594
LOW,LOW,0,2,2,1,3.472
LOW,LOW,0,4,4,2,2.798
LOW,LOW,0,4,1,0,3.988
LOW,LOW,1,3,5,0,0.3
LOW,LOW,1,4,0,0,0.924
LOW,LOW,1,0,4,0,0.8999999999999999
LOW,LOW,1,0,0,0,1.344
HIGH,HIGH,1,6,0,0,1.31
HIGH,HIGH,1,6,4,0,0.0
LOW,LOW,1,0,0,0,0.7719999999999999
LOW,LOW,1,4,4,2,0.704
LOW,LOW,1,1,0,0,0.0
LOW,LOW,1,3,1,0,0.91
LOW,LOW,1,5,1,0,4.128
HIGH,HIGH,1,8,3,1,3.0046666666666666
LOW,LOW,1,4,5,2,5.226
LOW,LOW,0,0,0,0,4.342
LOW,LOW,0,0,2,1,3.136
LOW,LOW,0,1,2,0,6.5520000000000005
LOW,LOW,0,2,4,1,1.77
HIGH,HIGH,0,6,3,2,3.873333333333333
LOW,LOW,0,2,3,2,4.863333333333334
HIGH,HIGH,0,7,1,0,4.112
LOW,LOW,1,0,4,1,4.202
HIGH,HIGH,1,6,1,0,0.3
HIGH,HIGH,1,8,4,2,3.712
LOW,LOW,0,5,5,3,3.192
LOW,LOW,1,3,5,1,0.04
HIGH,HIGH,0,8,2,1,5.704
LOW,LOW,0,4,2,1,2.862
LOW,LOW,0,1,1,0,4.656000000000001
LOW,LOW,0,2,5,2,3.406
LOW,LOW,1,0,4,2,0.4
HIGH,HIGH,0,8,1,0,6.596
LOW,LOW,0,1,5,4,3.494
LOW,LOW,0,1,5,5,7.803999999999999
HIGH,HIGH,0,7,3,1,5.764666666666666
LOW,LOW,1,5,5,3,4.289999999999999
LOW,LOW,0,0,4,3,7.932
LOW,LOW,0,0,0,0,5.562
LOW,LOW,0,2,1,0,5.084
LOW,LOW,0,2,1,1,7.244
LOW,LOW,0,2,2,1,6.678
LOW,LOW,1,1,4,2,6.444
LOW,LOW,1,3,5,4,3.3400000000000003
LOW,LOW,0,1,1,0,6.5600000000000005
HIGH,HIGH,0,6,4,3,4.8260000000000005
LOW,LOW,1,5,5,2,5.505999999999999
HIGH,HIGH,1,8,0,0,7.733999999999999
LOW,LOW,0,1,4,2,6.5
LOW,LOW,0,0,1,0,2.692
LOW,LOW,0,3,0,0,5.578
LOW,LOW,0,0,2,1,6.771999999999999
HIGH,HIGH,1,8,4,0,1.608
HIGH,HIGH,1,7,0,0,0.62
HIGH,HIGH,1,6,0,0,0.0
LOW,LOW,1,1,4,0,1.332
LOW,LOW,1,3,5,1,0.3899999999999999
HIGH,HIGH,1,9,5,0,0.318
HIGH,HIGH,1,6,5,1,0.94
LOW,LOW,1,2,0,0,0.98
LOW,LOW,1,5,1,0,0.618
LOW,LOW,1,1,2,0,1.876
LOW,LOW,0,0,3,2,4.335333333333333
HIGH,HIGH,0,6,2,1,5.318
HIGH,HIGH,0,7,4,3,5.192
HIGH,HIGH,0,8,4,4,8.84
LOW,LOW,0,0,1,1,5.238
HIGH,HIGH,1,6,2,2,5.678
LOW,LOW,0,5,1,0,6.29
LOW,LOW,0,5,3,2,3.5033333333333334
HIGH,HIGH,0,8,3,2,4.081333333333333
LOW,LOW,0,2,0,0,4.784
LOW,LOW,1,5,4,4,7.59
LOW,LOW,1,5,3,3,4.996
HIGH,HIGH,0,8,4,3,4.284
HIGH,HIGH,1,7,1,0,4.804
HIGH,HIGH,0,8,4,3,5.816
LOW,LOW,0,3,4,3,6.410000000000001
LOW,LOW,0,2,2,1,3.962
HIGH,HIGH,0,9,2,1,5.821999999999999
HIGH,HIGH,0,9,1,0,5.312
HIGH,HIGH,0,9,0,0,6.922
LOW,LOW,1,0,4,1,1.974
HIGH,HIGH,0,7,2,0,1.806
LOW,LOW,1,1,5,2,4.672
LOW,LOW,0,1,0,0,5.008
LOW,LOW,1,1,5,1,1.266
LOW,LOW,1,0,2,0,1.98
HIGH,HIGH,1,6,2,0,3.876
HIGH,HIGH,1,8,3,1,1.7426666666666666
HIGH,HIGH,0,9,3,2,3.865333333333333
LOW,LOW,0,1,1,0,4.304
HIGH,HIGH,1,7,0,0,4.506
LOW,LOW,0,0,0,0,4.3
HIGH,HIGH,0,7,4,2,2.5560000000000005
LOW,LOW,1,5,4,2,3.428
LOW,LOW,0,3,5,3,3.858
HIGH,HIGH,1,9,2,0,4.866
LOW,LOW,0,0,1,0,1.846
LOW,LOW,1,4,0,0,3.886
LOW,LOW,0,5,2,1,3.188
HIGH,HIGH,0,6,0,0,2.688
HIGH,HIGH,1,6,4,2,1.4940000000000002
HIGH,HIGH,0,8,0,0,3.98
LOW,LOW,0,1,5,2,4.092
HIGH,HIGH,0,6,5,1,0.876
HIGH,HIGH,1,8,0,0,0.6799999999999999
LOW,LOW,0,0,5,3,3.466
HIGH,HIGH,0,8,0,0,3.344
LOW,LOW,0,2,5,3,3.824
LOW,LOW,0,1,2,1,2.76
HIGH,HIGH,0,8,2,1,3.798
HIGH,HIGH,1,9,0,0,0.072
LOW,LOW,1,4,0,0,0.932
HIGH,HIGH,1,7,4,0,0.98
LOW,LOW,1,2,5,0,1.5
HIGH,HIGH,1,6,4,0,0.936
HIGH,HIGH,1,6,0,0,0.8999999999999999
HIGH,HIGH,1,6,4,0,0.618
HIGH,HIGH,1,6,1,0,1.922
HIGH,HIGH,0,8,0,0,1.1899999999999995
HIGH,HIGH,1,8,5,1,0.646
LOW,LOW,1,1,2,1,2.056
LOW,LOW,0,2,2,1,2.5480000000000005
LOW,LOW,1,0,4,3,2.406
LOW,LOW,0,0,4,1,2.748
LOW,LOW,1,4,5,1,2.976
LOW,LOW,1,3,5,3,4.072
LOW,LOW,0,1,5,2,2.162
HIGH,HIGH,0,7,2,0,2.068
LOW,LOW,1,3,4,2,4.996
LOW,LOW,1,4,1,0,1.884
HIGH,HIGH,1,9,0,0,1.296
HIGH,HIGH,1,6,4,0,0.318
LOW,LOW,1,1,1,0,0.912
HIGH,HIGH,1,9,2,0,0.3419999999999999
HIGH,HIGH,1,6,5,1,0.672
HIGH,HIGH,1,9,3,0,0.6779999999999999
HIGH,HIGH,1,6,2,0,0.944
LOW,LOW,1,2,0,0,0.98
HIGH,HIGH,1,8,3,0,0.654
HIGH,HIGH,1,6,2,0,1.378
HIGH,HIGH,1,8,0,0,0.692
HIGH,HIGH,1,6,5,0,0.036
HIGH,HIGH,1,8,3,0,2.186
LOW,LOW,1,2,0,0,1.26
HIGH,HIGH,1,6,1,0,1.342
LOW,LOW,1,2,0,0,1.3
HIGH,HIGH,1,8,2,0,0.35
LOW,LOW,1,1,1,0,0.358
LOW,LOW,1,3,5,0,1.246
HIGH,HIGH,1,9,1,0,0.6
LOW,LOW,1,2,2,0,1.824
LOW,LOW,0,4,4,1,3.746
LOW,LOW,0,5,1,0,4.66
LOW,LOW,1,4,5,2,2.04
LOW,LOW,0,4,5,3,3.434
LOW,LOW,0,4,0,0,4.276
LOW,LOW,1,1,3,1,3.8906666666666663
LOW,LOW,1,1,5,1,3.33
HIGH,HIGH,1,9,5,2,3.254
LOW,LOW,1,3,1,0,5.158
LOW,LOW,0,1,5,2,4.103999999999999
LOW,LOW,0,1,1,0,4.19
LOW,LOW,0,1,4,2,2.236
LOW,LOW,1,4,5,1,4.94
HIGH,HIGH,0,9,5,2,2.5740000000000003
LOW,LOW,1,4,5,3,2.016
HIGH,HIGH,1,7,4,1,3.198
HIGH,HIGH,1,8,4,1,4.338
HIGH,HIGH,1,9,0,0,0.312
HIGH,HIGH,0,9,2,0,3.978
LOW,LOW,0,2,4,1,6.6240000000000006
HIGH,HIGH,0,8,1,0,4.364
LOW,LOW,0,5,2,0,2.374
LOW,LOW,0,5,2,0,1.482
LOW,LOW,0,5,1,0,4.998
HIGH,HIGH,0,7,3,2,3.461333333333333
HIGH,HIGH,0,6,1,0,1.126
HIGH,HIGH,0,9,3,1,6.696666666666666
LOW,LOW,0,4,2,1,2.834
HIGH,HIGH,1,8,1,0,5.818
LOW,LOW,1,5,4,3,2.446
LOW,LOW,0,2,0,0,4.29
LOW,LOW,1,1,0,0,2.512
LOW,LOW,1,3,2,1,1.986
HIGH,HIGH,1,9,2,1,6.198
HIGH,HIGH,0,6,3,2,5.435333333333334
LOW,LOW,0,4,1,0,3.046
HIGH,HIGH,0,7,2,1,3.204
LOW,LOW,0,4,5,3,5.758
HIGH,HIGH,1,8,2,0,6.781999999999999
LOW,LOW,1,2,1,0,3.214
HIGH,HIGH,1,7,5,2,2.996
LOW,LOW,1,4,1,0,4.5120000000000005
LOW,LOW,0,0,3,1,4.070666666666667
LOW,LOW,1,5,2,1,2.3480000000000003
LOW,LOW,0,3,0,0,5.034
LOW,LOW,1,3,4,2,0.1
LOW,LOW,1,0,5,2,3.306
HIGH,HIGH,0,9,2,1,3.81
HIGH,HIGH,1,7,1,0,2.892
HIGH,HIGH,1,6,1,0,5.72
LOW,LOW,1,1,1,0,0.918
LOW,LOW,1,4,4,2,5.183999999999999
HIGH,HIGH,1,8,5,4,3.808
HIGH,HIGH,1,8,1,0,3.91
HIGH,HIGH,0,7,5,3,2.452
HIGH,HIGH,0,7,1,0,0.914
HIGH,HIGH,0,8,3,1,4.118666666666667
LOW,LOW,1,4,2,1,2.92
LOW,LOW,1,2,2,0,4.136
HIGH,HIGH,0,7,1,0,5.244
LOW,LOW,0,1,5,2,4.464
LOW,LOW,1,0,3,1,3.602666666666667
LOW,LOW,1,3,0,0,1.7020000000000002
LOW,LOW,1,2,1,0,3.882
LOW,LOW,0,5,5,3,2.858
HIGH,HIGH,1,6,1,0,2.538
HIGH,HIGH,0,6,3,2,2.217333333333333
LOW,LOW,0,1,5,1,3.156
LOW,LOW,1,2,5,1,0.08
LOW,LOW,1,4,2,1,4.384
HIGH,HIGH,1,8,1,0,4.41
HIGH,HIGH,1,8,5,2,3.68
HIGH,HIGH,0,9,1,0,2.31
LOW,LOW,0,5,1,0,1.746
HIGH,HIGH,1,9,2,0,2.534
LOW,LOW,0,4,5,2,4.714
LOW,LOW,1,2,4,0,4.828
LOW,LOW,1,1,3,1,1.3666666666666667
HIGH,HIGH,1,8,2,1,2.62
LOW,LOW,0,1,1,0,8.226
LOW,LOW,1,2,2,1,6.513999999999999
HIGH,HIGH,1,6,5,3,6.508
LOW,LOW,0,2,2,1,5.758
HIGH,HIGH,1,7,2,1,6.234
HIGH,HIGH,0,8,5,4,3.332
HIGH,HIGH,0,7,0,0,5.054
HIGH,HIGH,0,7,1,0,8.184
HIGH,HIGH,0,6,3,2,4.507333333333333
LOW,LOW,0,4,2,2,5.28
LOW,LOW,0,3,1,0,5.29
HIGH,HIGH,0,6,5,4,7.678
LOW,LOW,0,5,5,4,4.94
HIGH,HIGH,0,6,2,2,5.456
LOW,LOW,0,3,0,0,4.796
LOW,LOW,0,5,1,0,3.9
HIGH,HIGH,0,6,5,5,7.682
LOW,LOW,0,1,1,0,3.184
LOW,LOW,0,4,5,3,3.872
LOW,LOW,0,0,5,4,4.664000000000001
HIGH,HIGH,0,7,5,3,3.454
LOW,LOW,0,4,1,0,2.628
HIGH,HIGH,1,6,1,0,2.578
HIGH,HIGH,1,8,1,0,0.926
LOW,LOW,0,1,5,2,3.5520000000000005
LOW,LOW,0,2,1,0,3.648
HIGH,HIGH,1,8,4,2,1.354
HIGH,HIGH,0,7,2,1,3.502
LOW,LOW,0,3,5,2,2.174
HIGH,HIGH,0,9,5,2,1.498
LOW,LOW,1,0,4,1,3.306
LOW,LOW,0,3,2,1,0.6459999999999999
LOW,LOW,1,2,3,1,3.9306666666666654
HIGH,HIGH,1,7,1,0,0.304
LOW,LOW,0,0,5,2,4.398
LOW,LOW,1,4,0,0,0.4459999999999999
LOW,LOW,1,3,2,0,4.8
LOW,LOW,0,5,0,0,0.4559999999999999
HIGH,HIGH,1,9,0,0,3.2
LOW,LOW,1,2,5,3,5.35
HIGH,HIGH,0,6,1,0,2.73
HIGH,HIGH,0,6,4,1,2.166
HIGH,HIGH,1,8,2,1,2.354
HIGH,HIGH,1,6,0,0,1.572
HIGH,HIGH,0,9,2,0,3.964
LOW,LOW,1,2,5,3,4.952
LOW,LOW,0,2,4,2,5.386
HIGH,HIGH,1,9,3,1,2.6086666666666667
HIGH,HIGH,1,8,1,0,1.284
HIGH,HIGH,0,9,3,2,3.4873333333333334
HIGH,HIGH,1,7,1,0,1.61
HIGH,HIGH,1,8,4,0,0.764
HIGH,HIGH,1,7,4,0,1.0699999999999998
LOW,LOW,1,0,4,0,1.238
HIGH,HIGH,1,8,2,0,0.964
LOW,LOW,1,4,0,0,0.64
LOW,LOW,1,2,1,0,1.29
LOW,LOW,0,4,4,0,0.774
LOW,LOW,1,2,0,0,0.632
HIGH,HIGH,1,7,0,0,0.972
LOW,LOW,0,2,0,0,2.8120000000000003
LOW,LOW,1,1,0,0,3.496
HIGH,HIGH,1,8,5,1,3.002
LOW,LOW,0,4,5,3,6.618
LOW,LOW,0,1,4,1,2.794
LOW,LOW,0,4,2,0,4.298
LOW,LOW,0,5,4,2,3.768
LOW,LOW,1,2,3,1,4.576666666666666
HIGH,HIGH,0,9,3,1,3.1846666666666668
HIGH,HIGH,1,7,2,1,2.886
LOW,LOW,1,4,5,3,5.228
HIGH,HIGH,0,6,1,0,2.47
HIGH,HIGH,0,9,5,2,5.674
HIGH,HIGH,1,6,2,0,3.35
HIGH,HIGH,0,9,2,1,4.406
LOW,LOW,0,1,4,1,2.772
LOW,LOW,1,3,5,2,3.634
HIGH,HIGH,1,9,3,1,2.366666666666667
HIGH,HIGH,0,9,0,0,2.12
LOW,LOW,1,0,5,3,2.826
HIGH,HIGH,1,9,3,1,4.874666666666666
LOW,LOW,0,3,5,2,6.676
HIGH,HIGH,1,6,2,1,5.159999999999999
LOW,LOW,0,5,1,0,6.254
HIGH,HIGH,0,9,4,3,7.724
LOW,LOW,0,2,3,2,4.099333333333333
LOW,LOW,0,4,3,2,7.921333333333333
LOW,LOW,0,3,2,1,7.35
LOW,LOW,0,0,4,3,5.698
LOW,LOW,0,2,2,1,6.288
LOW,LOW,0,3,1,0,3.444
LOW,LOW,1,0,0,0,1.946
HIGH,HIGH,0,6,4,1,3.47
LOW,LOW,1,0,3,1,1.3286666666666669
LOW,LOW,0,2,1,0,4.037999999999999
HIGH,HIGH,0,6,1,0,2.794
LOW,LOW,0,4,2,0,2.396
LOW,LOW,1,0,5,2,2.3000000000000003
HIGH,HIGH,0,9,1,0,3.096
LOW,LOW,0,1,0,0,3.692
LOW,LOW,0,1,3,2,0.9413333333333332
LOW,LOW,0,5,2,1,5.026
LOW,LOW,0,2,3,1,0.5666666666666667
LOW,LOW,0,2,2,1,3.4
HIGH,HIGH,1,8,1,0,0.6
HIGH,HIGH,1,8,0,0,5.066
HIGH,HIGH,0,7,4,2,4.156
LOW,LOW,0,3,0,0,2.72
LOW,LOW,1,4,4,2,1.7520000000000002
HIGH,HIGH,1,8,0,0,4.885999999999999
HIGH,HIGH,1,7,0,0,4.842
LOW,LOW,1,4,1,0,2.608
HIGH,HIGH,1,9,4,2,2.662
LOW,LOW,1,1,3,1,4.268666666666666
LOW,LOW,1,5,1,0,2.888
HIGH,HIGH,0,7,4,3,2.2219999999999995
LOW,LOW,0,5,5,3,2.822
HIGH,HIGH,1,7,3,1,3.0766666666666667
HIGH,HIGH,1,6,1,0,0.124
HIGH,HIGH,0,9,4,2,3.522
LOW,LOW,0,1,5,4,7.452
LOW,LOW,1,3,1,1,5.334
LOW,LOW,1,5,5,5,5.326
LOW,LOW,1,0,0,0,4.844
HIGH,HIGH,1,9,5,5,6.904
LOW,LOW,1,5,2,1,6.919999999999999
HIGH,HIGH,1,7,3,2,4.933333333333334
LOW,LOW,0,3,3,2,5.521333333333334
LOW,LOW,0,4,4,2,6.682
LOW,LOW,0,4,5,4,6.48
LOW,LOW,1,5,2,1,5.281999999999999
HIGH,HIGH,0,6,4,2,1.836
LOW,LOW,1,5,1,0,5.1
HIGH,HIGH,0,9,4,2,4.072
LOW,LOW,0,0,1,0,3.014
HIGH,HIGH,1,9,4,2,5.339999999999999
HIGH,HIGH,0,8,2,1,1.866
LOW,LOW,0,2,1,0,3.47
HIGH,HIGH,0,9,0,0,2.684
HIGH,HIGH,0,6,0,0,3.4200000000000004
LOW,LOW,1,2,2,1,3.932
LOW,LOW,1,0,2,1,3.914
HIGH,HIGH,1,7,1,0,1.244
LOW,LOW,0,5,2,1,2.782
LOW,LOW,1,0,2,0,3.516
LOW,LOW,0,0,0,0,2.9599999999999995
HIGH,HIGH,0,8,0,0,2.4440000000000004
LOW,LOW,0,4,3,1,6.6386666666666665
HIGH,HIGH,1,7,2,1,0.4
HIGH,HIGH,1,9,3,2,7.005333333333333
LOW,LOW,1,5,4,2,2.624
LOW,LOW,1,0,1,0,3.85
LOW,LOW,0,0,1,0,2.108
LOW,LOW,0,1,3,1,3.572666666666667
HIGH,HIGH,0,8,1,0,3.37
HIGH,HIGH,0,9,5,2,2.8640000000000003
HIGH,HIGH,0,6,1,0,2.712
LOW,LOW,1,2,2,1,2.64
LOW,LOW,1,2,5,3,2.406
HIGH,HIGH,1,8,5,4,1.93
LOW,LOW,1,0,0,0,0.092
HIGH,HIGH,1,8,4,1,1.09
HIGH,HIGH,1,6,4,1,0.3999999999999999
HIGH,HIGH,1,6,0,0,0.002
HIGH,HIGH,1,7,1,0,1.574
LOW,LOW,1,3,1,0,0.3
LOW,LOW,1,3,5,0,0.344
LOW,LOW,1,5,4,0,0.36
HIGH,HIGH,1,9,5,0,0.96
LOW,LOW,1,5,5,0,1.27
HIGH,HIGH,1,7,4,2,1.472
LOW,LOW,1,4,4,2,1.734
LOW,LOW,1,5,3,2,1.3413333333333333
LOW,LOW,1,5,1,0,1.7000000000000002
LOW,LOW,1,0,0,0,4.476
LOW,LOW,0,0,0,0,4.654000000000001
LOW,LOW,0,5,4,3,2.946
LOW,LOW,1,3,2,1,3.64
LOW,LOW,1,5,5,3,6.238
LOW,LOW,0,5,5,3,3.466
LOW,LOW,1,1,2,0,3.846
LOW,LOW,1,2,2,0,5.13
LOW,LOW,0,4,1,0,2.24
LOW,LOW,0,4,1,0,1.818
HIGH,HIGH,0,6,0,0,2.752
LOW,LOW,0,5,5,5,2.5820000000000003
HIGH,HIGH,1,8,2,1,3.37
LOW,LOW,1,0,3,1,2.1406666666666667
LOW,LOW,0,3,3,1,1.852666666666667
HIGH,HIGH,1,9,1,0,5.77
LOW,LOW,0,1,4,3,4.99
LOW,LOW,0,2,4,3,4.652000000000001
HIGH,HIGH,1,8,1,1,5.632
LOW,LOW,0,1,0,0,6.892
HIGH,HIGH,1,6,0,0,5.744
LOW,LOW,0,0,4,2,6.968
LOW,LOW,0,2,1,0,5.632
HIGH,HIGH,0,6,2,1,2.8240000000000003
LOW,LOW,0,5,1,0,5.388
LOW,LOW,0,2,3,2,5.907333333333333
HIGH,HIGH,0,8,0,0,3.922
HIGH,HIGH,0,8,3,2,4.161333333333332
LOW,LOW,0,1,3,2,3.795333333333333
HIGH,HIGH,1,8,0,0,1.2
HIGH,HIGH,1,9,4,2,3.25
HIGH,HIGH,0,9,1,0,6.238
HIGH,HIGH,0,6,4,2,3.446
LOW,LOW,0,3,1,0,0.8
LOW,LOW,0,2,4,1,4.096
LOW,LOW,0,4,3,2,4.797333333333334
HIGH,HIGH,1,6,5,2,3.644
HIGH,HIGH,0,8,0,0,5.596
LOW,LOW,1,4,2,1,3.028
HIGH,HIGH,0,6,5,3,2.5460000000000003
LOW,LOW,0,5,5,3,4.8580000000000005
LOW,LOW,0,0,3,1,4.050666666666666
LOW,LOW,1,0,1,0,4.814
HIGH,HIGH,0,9,1,0,3.68
HIGH,HIGH,0,8,4,2,2.502
HIGH,HIGH,1,9,3,0,2.036
HIGH,HIGH,0,8,3,2,4.757333333333334
HIGH,HIGH,1,8,4,2,0.45
LOW,LOW,0,1,3,1,5.0906666666666665
HIGH,HIGH,0,7,3,2,3.4533333333333336
LOW,LOW,1,0,0,0,4.558
LOW,LOW,0,4,5,3,4.426
HIGH,HIGH,1,9,0,0,3.53
LOW,LOW,1,3,3,1,4.830666666666667
HIGH,HIGH,1,7,4,2,2.992
LOW,LOW,0,2,5,3,4.716000000000001
HIGH,HIGH,0,6,5,3,5.414000000000001
LOW,LOW,0,3,1,0,5.984
LOW,LOW,0,2,2,1,5.136
LOW,LOW,0,3,4,3,7.984
HIGH,HIGH,0,7,5,4,5.756
HIGH,HIGH,0,7,5,4,7.058
LOW,LOW,0,2,4,4,8.448
LOW,LOW,0,0,5,4,6.404000000000001
LOW,LOW,0,3,1,0,6.388
LOW,LOW,0,1,5,3,5.418
HIGH,HIGH,0,9,5,2,3.498
LOW,LOW,0,3,0,0,3.986
LOW,LOW,0,3,2,0,5.656
HIGH,HIGH,1,7,3,1,0.6846666666666666
HIGH,HIGH,1,6,4,1,2.424
HIGH,HIGH,1,8,2,0,1.0199999999999998
LOW,LOW,0,0,1,0,4.644
HIGH,HIGH,1,8,1,0,1.926
LOW,LOW,1,4,5,1,1.628
LOW,LOW,0,3,3,0,2.736
HIGH,HIGH,1,8,3,0,0.004
HIGH,HIGH,1,9,3,0,0.638
HIGH,HIGH,1,7,5,0,1.0179999999999998
HIGH,HIGH,1,6,2,0,0.0
LOW,LOW,1,5,0,0,0.968
HIGH,HIGH,1,9,5,0,1.278
LOW,LOW,1,0,4,0,0.6
HIGH,HIGH,1,8,0,0,1.2
LOW,LOW,1,0,0,0,1.52
LOW,LOW,1,3,3,1,0.4546666666666666
LOW,LOW,1,5,2,1,3.248
LOW,LOW,1,2,2,1,2.274
HIGH,HIGH,1,6,3,1,5.920666666666666
LOW,LOW,1,3,2,1,2.2960000000000003
LOW,LOW,1,5,5,3,4.054
LOW,LOW,1,5,4,2,1.7020000000000002
HIGH,HIGH,1,9,3,1,2.9506666666666668
HIGH,HIGH,1,7,2,1,4.908
LOW,LOW,1,5,3,1,2.970666666666667
LOW,LOW,0,4,1,0,3.33
HIGH,HIGH,1,6,5,1,1.026
LOW,LOW,1,0,3,0,0.01
HIGH,HIGH,1,7,2,0,0.0
LOW,LOW,1,1,4,0,1.21
HIGH,HIGH,1,8,3,0,1.0679999999999998
HIGH,HIGH,1,8,0,0,0.0
HIGH,HIGH,1,6,4,0,0.638
LOW,LOW,1,1,3,0,1.264
LOW,LOW,1,3,1,0,1.006
HIGH,HIGH,1,8,1,0,0.954
LOW,LOW,1,3,0,0,1.554
HIGH,HIGH,0,8,0,0,4.66
LOW,LOW,1,5,3,1,5.156666666666666
LOW,LOW,0,2,4,3,4.854000000000001
LOW,LOW,1,1,2,0,5.524
HIGH,HIGH,1,6,0,0,2.558
LOW,LOW,0,1,1,0,3.392
HIGH,HIGH,0,9,2,1,1.0319999999999998
HIGH,HIGH,1,8,0,0,2.632
LOW,LOW,1,2,1,0,3.82
HIGH,HIGH,0,9,3,2,4.421333333333333
LOW,LOW,1,1,5,3,2.632
HIGH,HIGH,1,8,3,2,2.103333333333333
LOW,LOW,0,5,3,1,3.794666666666666
HIGH,HIGH,1,7,5,2,2.3200000000000003
HIGH,HIGH,1,6,2,1,6.158
LOW,LOW,1,1,2,1,6.834
LOW,LOW,1,2,0,0,3.566
HIGH,HIGH,1,8,0,0,4.148
LOW,LOW,1,2,0,0,6.08
HIGH,HIGH,1,8,3,1,2.5926666666666667
LOW,LOW,0,2,0,0,1.444
LOW,LOW,0,4,3,2,3.227333333333333
HIGH,HIGH,0,8,0,0,1.4959999999999998
LOW,LOW,0,5,2,1,2.5720000000000005
HIGH,HIGH,0,8,0,0,3.38
LOW,LOW,0,0,1,0,3.43
HIGH,HIGH,0,7,4,2,2.22
LOW,LOW,0,4,0,0,2.998
HIGH,HIGH,1,9,5,3,2.696
LOW,LOW,1,3,2,1,1.7360000000000002
HIGH,HIGH,1,6,1,0,2.3640000000000003
LOW,LOW,1,4,1,0,5.811999999999999
LOW,LOW,1,4,1,0,6.576
LOW,LOW,1,1,3,2,3.279333333333333
LOW,LOW,0,2,1,0,3.966
LOW,LOW,0,5,4,2,6.448
LOW,LOW,1,4,0,0,1.628
LOW,LOW,1,2,3,1,4.252666666666666
HIGH,HIGH,0,8,5,1,0.24
HIGH,HIGH,1,7,0,0,2.3480000000000003
LOW,LOW,0,4,2,1,3.64
LOW,LOW,0,4,0,0,1.69
HIGH,HIGH,0,7,0,0,2.682
LOW,LOW,0,3,1,0,1.46
LOW,LOW,1,5,0,0,3.598
HIGH,HIGH,1,7,1,0,2.564
HIGH,HIGH,0,8,2,1,2.184
LOW,LOW,1,4,3,1,2.0066666666666664
LOW,LOW,1,4,3,1,5.602666666666666
LOW,LOW,1,4,4,1,3.036
HIGH,HIGH,0,8,0,0,6.878
LOW,LOW,0,0,4,2,1.83
HIGH,HIGH,0,6,2,1,2.5460000000000003
LOW,LOW,1,5,2,1,4.882
LOW,LOW,0,4,5,2,1.222
LOW,LOW,1,3,3,1,3.126666666666667
HIGH,HIGH,0,8,0,0,3.682
LOW,LOW,1,4,4,3,5.0
LOW,LOW,1,4,2,1,2.698
LOW,LOW,0,5,2,0,0.7999999999999999
LOW,LOW,0,3,1,0,0.816
LOW,LOW,1,4,0,0,3.186
LOW,LOW,1,5,0,0,3.94
LOW,LOW,0,0,3,1,5.086666666666667
HIGH,HIGH,1,6,5,2,0.71
LOW,LOW,0,2,4,2,6.055999999999999
LOW,LOW,1,2,4,2,2.628
HIGH,HIGH,1,6,0,0,3.656
HIGH,HIGH,1,8,0,0,4.13
LOW,LOW,0,1,2,1,3.972
LOW,LOW,0,0,0,0,4.27
HIGH,HIGH,1,6,5,3,5.27
HIGH,HIGH,1,8,2,1,4.385999999999999
LOW,LOW,0,0,3,2,1.2293333333333332
HIGH,HIGH,0,6,5,2,4.348
LOW,LOW,0,3,5,2,0.908
LOW,LOW,0,5,1,0,1.15
LOW,LOW,0,3,3,2,0.6353333333333333
HIGH,HIGH,0,6,1,0,3.92
LOW,LOW,0,2,5,3,5.098
HIGH,HIGH,0,6,3,1,2.560666666666666
LOW,LOW,1,4,1,0,4.194
LOW,LOW,0,3,0,0,3.304
LOW,LOW,0,2,2,1,0.5599999999999999
LOW,LOW,1,2,5,3,3.442
HIGH,HIGH,1,7,0,0,4.632
LOW,LOW,0,3,3,2,4.063333333333333
LOW,LOW,0,3,3,1,6.020666666666666
HIGH,HIGH,1,9,5,3,4.316
LOW,LOW,0,5,5,4,3.5420000000000003
HIGH,HIGH,1,9,2,1,4.928
LOW,LOW,0,4,3,2,6.191333333333333
LOW,LOW,0,2,1,0,4.193999999999999
LOW,LOW,0,3,2,1,3.944
LOW,LOW,0,5,0,0,6.244000000000001
LOW,LOW,0,5,0,0,6.942
LOW,LOW,0,3,1,1,6.596
LOW,LOW,0,2,1,1,4.596
LOW,LOW,0,4,2,1,7.447999999999999
LOW,LOW,1,4,0,0,0.926
LOW,LOW,1,3,0,0,0.602
LOW,LOW,1,1,5,1,2.006
LOW,LOW,1,0,4,0,0.6619999999999999
LOW,LOW,1,4,3,0,0.3
HIGH,HIGH,1,6,5,0,1.102
LOW,LOW,1,5,5,0,0.3419999999999999
HIGH,HIGH,1,9,5,0,0.93
LOW,LOW,1,2,0,0,0.996
HIGH,HIGH,1,9,4,0,0.394
LOW,LOW,1,0,5,3,4.95
LOW,LOW,1,4,0,0,2.596
LOW,LOW,1,0,5,2,4.676
HIGH,HIGH,0,6,3,2,3.165333333333333
HIGH,HIGH,1,9,0,0,3.174
HIGH,HIGH,0,7,3,1,2.786666666666666
HIGH,HIGH,1,6,3,1,2.974666666666667
HIGH,HIGH,1,8,2,1,2.988
LOW,LOW,0,5,2,0,3.76
HIGH,HIGH,0,6,3,1,3.760666666666667
LOW,LOW,1,2,2,1,2.99
HIGH,HIGH,1,7,4,1,3.74
HIGH,HIGH,1,7,5,4,3.96
LOW,LOW,1,4,1,0,3.812
HIGH,HIGH,0,6,1,0,4.634
LOW,LOW,0,2,5,1,1.224
LOW,LOW,1,5,0,0,1.346
HIGH,HIGH,1,9,4,2,5.292
LOW,LOW,1,5,3,1,4.256666666666667
HIGH,HIGH,0,7,1,0,2.72
LOW,LOW,0,0,3,0,2.45
LOW,LOW,1,1,4,1,1.996
LOW,LOW,0,3,4,2,4.513999999999999
HIGH,HIGH,0,8,5,3,3.798
HIGH,HIGH,1,8,5,2,2.358
LOW,LOW,1,4,3,1,2.9526666666666666
LOW,LOW,0,3,5,1,5.984
HIGH,HIGH,0,6,1,0,1.152
LOW,LOW,0,1,1,0,3.648
LOW,LOW,0,0,3,1,2.490666666666667
HIGH,HIGH,0,6,0,0,4.21
LOW,LOW,0,4,1,0,5.574
HIGH,HIGH,1,7,3,1,1.3226666666666669
LOW,LOW,0,4,5,2,5.744
LOW,LOW,1,1,3,1,2.6646666666666667
LOW,LOW,0,0,5,1,2.702
HIGH,HIGH,1,6,1,0,1.942
LOW,LOW,1,1,1,0,2.032
HIGH,HIGH,1,7,2,0,6.744
LOW,LOW,1,0,1,0,0.7719999999999999
LOW,LOW,1,4,2,0,1.236
HIGH,HIGH,1,7,3,0,0.61
HIGH,HIGH,1,9,2,0,0.8999999999999999
HIGH,HIGH,1,9,4,0,0.0
LOW,LOW,1,1,5,0,0.0
HIGH,HIGH,1,8,3,0,2.21
LOW,LOW,1,0,3,0,0.6759999999999999
LOW,LOW,1,5,5,0,0.0
LOW,LOW,1,0,4,1,0.354
HIGH,HIGH,1,9,1,0,0.0
HIGH,HIGH,0,7,2,1,5.042
LOW,LOW,0,3,5,5,5.5200000000000005
LOW,LOW,0,5,2,1,6.829999999999999
LOW,LOW,0,1,5,3,6.822
LOW,LOW,0,2,5,3,7.158
LOW,LOW,1,5,4,3,5.3180000000000005
LOW,LOW,0,1,5,4,6.776000000000001
HIGH,HIGH,1,9,1,0,6.042
LOW,LOW,0,2,1,0,4.53
LOW,LOW,1,3,5,4,3.092
LOW,LOW,1,2,3,1,3.552666666666666
LOW,LOW,0,5,2,1,0.61
HIGH,HIGH,1,8,3,2,3.737333333333333
LOW,LOW,0,4,1,0,0.4499999999999999
HIGH,HIGH,0,9,5,1,4.782
LOW,LOW,1,4,0,0,0.72
LOW,LOW,0,2,1,0,5.026000000000001
LOW,LOW,0,3,0,0,3.372
LOW,LOW,0,3,0,0,3.36
LOW,LOW,1,3,2,1,0.816
LOW,LOW,1,3,3,0,1.602
LOW,LOW,1,1,0,0,1.272
HIGH,HIGH,1,8,0,0,0.0
LOW,LOW,1,3,0,0,0.606
LOW,LOW,1,4,1,0,1.278
HIGH,HIGH,1,6,2,0,1.276
LOW,LOW,1,3,4,0,0.65
LOW,LOW,1,2,2,0,1.016
HIGH,HIGH,1,9,5,0,1.0179999999999998
LOW,LOW,1,3,5,0,0.32
LOW,LOW,1,5,3,0,0.956
HIGH,HIGH,1,8,0,0,1.906
LOW,LOW,1,2,3,0,0.344
HIGH,HIGH,1,6,4,0,0.8999999999999999
LOW,LOW,1,0,4,0,0.638
HIGH,HIGH,1,8,0,0,0.6639999999999999
HIGH,HIGH,1,9,0,0,0.6679999999999999
LOW,LOW,1,0,3,0,1.288
LOW,LOW,1,3,5,0,1.288
LOW,LOW,1,1,5,1,0.968
LOW,LOW,1,5,4,1,3.358
HIGH,HIGH,1,9,3,1,0.7166666666666667
LOW,LOW,1,0,0,0,1.826
LOW,LOW,1,1,3,0,3.812
LOW,LOW,1,3,0,0,4.134
LOW,LOW,1,5,0,0,5.794
LOW,LOW,1,1,2,0,3.012
LOW,LOW,1,4,1,0,1.578
LOW,LOW,1,2,2,0,4.758
HIGH,HIGH,1,6,4,2,2.742
HIGH,HIGH,1,6,3,2,5.281333333333333
HIGH,HIGH,0,7,3,2,6.533333333333334
LOW,LOW,1,3,3,2,4.997333333333334
HIGH,HIGH,1,9,5,3,4.866
LOW,LOW,0,0,1,0,5.98
HIGH,HIGH,0,6,4,3,7.040000000000001
LOW,LOW,0,5,1,0,5.688
LOW,LOW,0,5,3,2,3.131333333333333
LOW,LOW,0,2,0,0,3.362
HIGH,HIGH,0,8,4,3,8.662
HIGH,HIGH,1,8,4,2,0.7839999999999999
HIGH,HIGH,0,9,1,0,1.1
LOW,LOW,1,2,5,2,3.938
LOW,LOW,0,4,5,2,3.862
LOW,LOW,0,4,0,0,3.694
HIGH,HIGH,0,8,2,1,1.292
LOW,LOW,1,3,2,1,4.246
LOW,LOW,1,2,1,0,0.93
HIGH,HIGH,1,6,2,1,0.4
HIGH,HIGH,1,6,1,0,4.156
LOW,LOW,0,0,1,0,2.486
HIGH,HIGH,1,6,0,0,1.918
LOW,LOW,0,4,0,0,0.4599999999999999
LOW,LOW,0,3,1,0,5.28
HIGH,HIGH,1,9,5,3,4.946
LOW,LOW,1,0,4,2,0.8619999999999999
LOW,LOW,0,1,1,0,2.128
LOW,LOW,1,4,4,2,2.096
HIGH,HIGH,1,6,2,0,3.67
LOW,LOW,1,3,0,0,3.164
HIGH,HIGH,0,8,5,3,4.368
LOW,LOW,0,5,1,0,5.438
LOW,LOW,0,0,3,1,4.824666666666666
HIGH,HIGH,0,6,2,2,3.958
LOW,LOW,1,1,2,1,5.541999999999999
LOW,LOW,0,3,2,1,6.087999999999999
HIGH,HIGH,0,6,5,4,7.066
LOW,LOW,1,3,4,3,4.978000000000001
LOW,LOW,1,0,3,2,6.205333333333334
LOW,LOW,1,0,4,3,5.88
LOW,LOW,1,2,2,0,1.554
HIGH,HIGH,1,7,2,0,0.028
LOW,LOW,1,1,4,0,1.006
LOW,LOW,1,1,5,1,1.65
LOW,LOW,1,2,1,0,1.602
LOW,LOW,1,4,5,0,0.0
HIGH,HIGH,1,8,1,0,1.956
LOW,LOW,1,0,3,1,0.4326666666666666
LOW,LOW,1,5,3,0,0.954
HIGH,HIGH,1,7,3,1,1.096666666666667
LOW,LOW,0,3,1,0,3.408
HIGH,HIGH,0,6,2,1,2.786
HIGH,HIGH,1,8,3,1,3.286666666666667
LOW,LOW,1,4,0,0,3.596
LOW,LOW,0,0,0,0,3.732
LOW,LOW,0,2,2,1,4.143999999999999
LOW,LOW,0,2,4,3,2.2339999999999995
HIGH,HIGH,0,7,5,2,2.198
LOW,LOW,1,3,3,0,4.5120000000000005
LOW,LOW,0,5,4,2,3.6020000000000003
LOW,LOW,1,3,3,1,3.206666666666667
LOW,LOW,0,4,0,0,5.006
LOW,LOW,1,5,0,0,3.338
LOW,LOW,1,1,4,1,2.9919999999999995
HIGH,HIGH,0,8,2,0,2.304
LOW,LOW,0,0,4,2,2.81
HIGH,HIGH,1,6,3,1,2.8946666666666667
LOW,LOW,1,0,1,0,2.572
HIGH,HIGH,0,7,3,1,1.7966666666666666
LOW,LOW,0,2,5,2,2.828
HIGH,HIGH,0,6,1,0,4.802
LOW,LOW,0,4,4,3,6.032
LOW,LOW,1,4,3,2,4.939333333333334
HIGH,HIGH,0,9,3,2,4.757333333333334
LOW,LOW,1,5,5,3,4.276
HIGH,HIGH,1,7,4,4,6.5760000000000005
LOW,LOW,1,2,4,4,7.619999999999999
HIGH,HIGH,0,9,1,0,6.174
LOW,LOW,1,2,1,1,7.205999999999999
LOW,LOW,1,1,0,0,7.401999999999999
LOW,LOW,1,0,0,0,0.6619999999999999
HIGH,HIGH,1,9,1,0,0.6759999999999999
LOW,LOW,1,0,4,0,0.6
HIGH,HIGH,1,8,4,0,0.3
LOW,LOW,1,1,2,0,1.376
LOW,LOW,1,2,5,1,1.006
HIGH,HIGH,1,8,5,1,0.378
LOW,LOW,1,3,2,0,2.024
LOW,LOW,1,0,5,0,0.8999999999999999
LOW,LOW,1,3,1,0,0.316
LOW,LOW,1,1,0,0,1.258
HIGH,HIGH,1,8,4,0,0.326
HIGH,HIGH,1,6,0,0,1.968
LOW,LOW,1,3,5,0,0.964
HIGH,HIGH,1,6,4,0,1.312
LOW,LOW,1,1,1,0,0.0
HIGH,HIGH,1,7,3,0,0.992
LOW,LOW,1,2,0,0,0.964
LOW,LOW,1,0,0,0,2.262
LOW,LOW,1,4,4,0,0.6679999999999999
HIGH,HIGH,0,9,2,0,3.63
LOW,LOW,1,4,5,3,3.026
LOW,LOW,1,0,2,1,3.274
LOW,LOW,0,5,4,1,4.342
HIGH,HIGH,1,7,5,1,2.662
HIGH,HIGH,1,6,0,0,5.744
LOW,LOW,0,5,1,0,3.976
LOW,LOW,1,0,3,0,2.214
HIGH,HIGH,0,7,2,0,3.366
LOW,LOW,0,1,0,0,1.732
LOW,LOW,0,4,1,0,4.23
LOW,LOW,0,0,3,1,4.094666666666667
HIGH,HIGH,1,7,2,0,6.398
LOW,LOW,1,2,3,2,1.3533333333333333
LOW,LOW,1,1,1,0,2.812
HIGH,HIGH,0,8,4,2,2.796
LOW,LOW,0,0,4,2,3.754
HIGH,HIGH,1,9,3,1,0.9806666666666666
LOW,LOW,0,1,0,0,2.076
LOW,LOW,1,3,5,2,4.646
HIGH,HIGH,1,7,1,0,1.758
LOW,LOW,1,0,4,0,0.0
LOW,LOW,1,5,4,0,1.0199999999999998
HIGH,HIGH,1,6,3,0,0.36
HIGH,HIGH,1,7,2,0,1.61
HIGH,HIGH,1,9,4,0,0.616
LOW,LOW,1,5,3,0,0.614
HIGH,HIGH,1,7,0,0,0.622
LOW,LOW,1,4,5,1,1.64
LOW,LOW,1,1,4,0,1.238
HIGH,HIGH,0,6,0,0,7.508
LOW,LOW,0,4,5,3,6.382000000000001
LOW,LOW,1,5,5,4,6.912
LOW,LOW,0,5,1,0,6.582000000000001
LOW,LOW,0,5,5,3,5.818
LOW,LOW,1,5,5,3,5.238
LOW,LOW,0,2,3,2,5.165333333333334
HIGH,HIGH,0,6,4,3,3.538
HIGH,HIGH,0,7,5,5,4.824000000000001
HIGH,HIGH,1,8,2,1,5.233999999999999
HIGH,HIGH,0,9,1,0,2.39
LOW,LOW,1,5,4,2,4.593999999999999
HIGH,HIGH,0,9,5,2,3.844
LOW,LOW,1,4,4,2,3.872
LOW,LOW,1,5,4,2,3.05
HIGH,HIGH,1,7,0,0,2.536
LOW,LOW,0,3,2,1,0.348
HIGH,HIGH,1,8,0,0,0.948
HIGH,HIGH,0,7,1,0,2.378
HIGH,HIGH,1,7,0,0,6.418
LOW,LOW,1,3,4,2,4.91
LOW,LOW,1,3,3,2,2.987333333333333
LOW,LOW,1,4,0,0,4.49
LOW,LOW,1,4,0,0,2.982
LOW,LOW,1,2,3,1,5.1546666666666665
HIGH,HIGH,1,6,1,0,2.894
LOW,LOW,1,3,2,0,2.264
HIGH,HIGH,0,9,2,1,4.1
LOW,LOW,1,5,4,2,3.906
HIGH,HIGH,0,9,2,1,4.712
HIGH,HIGH,0,6,5,3,3.804
LOW,LOW,0,3,2,1,3.75
HIGH,HIGH,0,6,5,2,1.782
HIGH,HIGH,0,6,3,1,1.7346666666666666
HIGH,HIGH,0,8,2,1,2.252
LOW,LOW,1,5,0,0,3.186
HIGH,HIGH,1,7,1,0,3.936
HIGH,HIGH,0,7,5,3,4.204
LOW,LOW,0,0,3,2,2.153333333333333
LOW,LOW,1,1,5,2,3.968
LOW,LOW,0,4,0,0,2.118
HIGH,HIGH,1,6,4,2,4.296
HIGH,HIGH,1,7,3,1,2.958666666666667
HIGH,HIGH,1,8,4,3,2.444
HIGH,HIGH,0,8,3,2,2.221333333333333
HIGH,HIGH,0,7,1,0,4.378
LOW,LOW,1,1,2,1,2.3440000000000003
LOW,LOW,0,5,5,4,2.932
HIGH,HIGH,1,8,2,1,7.126
LOW,LOW,0,0,2,0,5.973999999999999
HIGH,HIGH,1,6,0,0,2.346
HIGH,HIGH,1,9,5,0,0.358
LOW,LOW,1,3,5,1,0.3759999999999999
HIGH,HIGH,1,9,2,0,0.308
LOW,LOW,1,2,2,0,0.358
HIGH,HIGH,1,7,4,0,1.2
HIGH,HIGH,1,9,4,0,0.0
LOW,LOW,1,1,0,0,0.6
HIGH,HIGH,1,9,1,0,2.338
LOW,LOW,1,3,3,0,0.044
HIGH,HIGH,1,7,4,2,4.369999999999999
LOW,LOW,0,0,2,1,4.73
HIGH,HIGH,1,8,2,1,2.76
LOW,LOW,0,2,4,0,2.028
HIGH,HIGH,1,6,5,1,2.914
HIGH,HIGH,0,9,3,1,3.7346666666666666
LOW,LOW,0,1,5,3,2.85
LOW,LOW,0,3,2,1,4.178
HIGH,HIGH,0,8,3,2,3.555333333333333
HIGH,HIGH,1,9,4,2,4.733999999999999
HIGH,HIGH,1,8,3,0,1.3279999999999998
HIGH,HIGH,1,8,3,0,0.986
HIGH,HIGH,1,7,2,0,0.94
HIGH,HIGH,1,6,4,0,0.638
LOW,LOW,1,4,3,0,0.94
LOW,LOW,1,2,5,0,1.102
LOW,LOW,1,4,2,0,2.548
LOW,LOW,1,0,5,1,1.012
LOW,LOW,1,0,2,0,0.64
LOW,LOW,1,3,3,0,1.388
LOW,LOW,1,4,2,0,3.178
HIGH,HIGH,0,6,4,2,3.766
HIGH,HIGH,1,7,5,1,2.3120000000000003
HIGH,HIGH,0,9,3,2,4.733333333333334
LOW,LOW,0,4,1,0,3.362
LOW,LOW,1,3,1,0,5.733999999999999
HIGH,HIGH,1,8,4,2,3.612
HIGH,HIGH,0,9,0,0,2.634
HIGH,HIGH,0,6,3,1,4.384666666666666
LOW,LOW,1,1,3,1,4.218666666666667
HIGH,HIGH,0,9,1,0,1.082
LOW,LOW,0,5,5,3,5.694
LOW,LOW,1,3,1,0,2.714
HIGH,HIGH,0,6,5,2,4.758
HIGH,HIGH,1,8,5,2,3.34
LOW,LOW,1,5,4,3,0.792
LOW,LOW,1,2,3,2,2.767333333333333
LOW,LOW,0,1,3,2,3.741333333333333
HIGH,HIGH,0,6,4,3,5.444000000000001
LOW,LOW,1,0,1,0,2.852
HIGH,HIGH,1,6,3,1,2.9386666666666668
HIGH,HIGH,0,9,4,1,3.176
LOW,LOW,0,3,1,0,1.384
LOW,LOW,1,3,4,2,2.724
LOW,LOW,0,4,5,2,4.087999999999999
LOW,LOW,0,1,3,1,3.412666666666667
HIGH,HIGH,0,8,3,2,4.509333333333333
LOW,LOW,1,1,5,4,2.318
HIGH,HIGH,1,9,2,1,4.582
LOW,LOW,0,3,1,0,3.922
HIGH,HIGH,1,6,5,3,2.334
HIGH,HIGH,0,7,2,1,4.385999999999999
LOW,LOW,1,4,3,2,4.6273333333333335
LOW,LOW,0,0,0,0,3.052
LOW,LOW,0,4,5,2,3.074
LOW,LOW,1,3,2,1,2.4320000000000004
HIGH,HIGH,1,7,5,2,3.9
HIGH,HIGH,1,9,3,1,4.592666666666666
LOW,LOW,1,2,0,0,0.412
LOW,LOW,1,2,0,0,3.31
HIGH,HIGH,1,6,0,0,4.006
HIGH,HIGH,1,8,4,2,3.3520000000000003
LOW,LOW,1,5,5,4,2.632
LOW,LOW,1,2,0,0,1.866
HIGH,HIGH,1,9,5,3,4.622
LOW,LOW,0,3,4,2,1.552
HIGH,HIGH,1,9,4,2,1.6940000000000002
LOW,LOW,1,4,3,0,5.704
LOW,LOW,1,5,0,0,1.7080000000000002
LOW,LOW,1,5,5,4,2.216
LOW,LOW,1,2,4,1,2.938
LOW,LOW,1,1,1,0,3.002
HIGH,HIGH,0,9,3,2,3.799333333333333
LOW,LOW,0,3,3,1,3.0066666666666664
LOW,LOW,1,2,2,1,2.642
HIGH,HIGH,0,8,2,2,2.9960000000000004
HIGH,HIGH,1,9,3,1,2.256666666666667
HIGH,HIGH,0,6,2,1,4.443999999999999
LOW,LOW,1,0,0,0,1.862
HIGH,HIGH,1,8,2,1,3.912
LOW,LOW,1,3,2,1,2.728
LOW,LOW,0,1,1,0,3.006
HIGH,HIGH,0,7,5,3,5.666
LOW,LOW,1,1,1,0,3.556
LOW,LOW,1,3,3,1,2.6526666666666667
HIGH,HIGH,0,8,4,2,1.498
LOW,LOW,1,4,2,1,3.298
HIGH,HIGH,0,8,4,1,5.356
LOW,LOW,0,0,1,0,4.974
LOW,LOW,0,0,3,1,4.692666666666667
HIGH,HIGH,0,9,4,3,5.16
HIGH,HIGH,0,9,5,4,5.148000000000001
HIGH,HIGH,1,9,0,0,3.846
LOW,LOW,0,5,0,0,5.0280000000000005
HIGH,HIGH,0,9,0,0,5.797999999999999
LOW,LOW,0,1,3,2,9.209333333333332
HIGH,HIGH,0,9,2,1,5.122
HIGH,HIGH,1,6,4,3,4.664000000000001
LOW,LOW,0,1,0,0,6.258000000000001
HIGH,HIGH,0,8,1,1,6.722
LOW,LOW,1,4,1,0,2.864
LOW,LOW,0,5,1,0,0.178
LOW,LOW,1,5,0,0,0.0
LOW,LOW,0,4,3,1,2.482666666666667
LOW,LOW,1,2,1,0,3.814
LOW,LOW,1,0,1,0,3.19
HIGH,HIGH,1,8,5,1,4.34
HIGH,HIGH,0,8,5,1,4.708
LOW,LOW,1,1,5,1,2.634
HIGH,HIGH,1,9,2,1,2.3680000000000003
LOW,LOW,1,5,5,2,5.55
HIGH,HIGH,0,6,2,1,2.828
LOW,LOW,1,3,5,2,3.29
LOW,LOW,1,5,2,1,2.69
LOW,LOW,1,3,4,2,2.39
HIGH,HIGH,0,6,5,4,2.286
HIGH,HIGH,1,8,5,2,4.198
LOW,LOW,1,4,4,2,2.696
LOW,LOW,1,3,2,1,3.046
HIGH,HIGH,0,8,1,0,7.571999999999999
HIGH,HIGH,1,9,0,0,4.798
LOW,LOW,1,1,4,3,6.522
HIGH,HIGH,1,6,2,1,5.833999999999999
HIGH,HIGH,0,6,2,1,6.093999999999999
LOW,LOW,0,4,2,1,7.263999999999999
HIGH,HIGH,1,6,2,1,3.988
HIGH,HIGH,0,9,4,1,5.322
HIGH,HIGH,0,8,2,1,6.322
LOW,LOW,0,5,2,1,5.04
HIGH,HIGH,0,6,0,0,7.598
HIGH,HIGH,1,9,5,0,1.222
LOW,LOW,1,4,5,2,0.38
LOW,LOW,1,0,2,0,1.862
HIGH,HIGH,1,8,1,0,0.99
HIGH,HIGH,1,7,0,0,0.6579999999999999
LOW,LOW,1,3,1,0,1.872
LOW,LOW,1,1,1,0,1.254
LOW,LOW,1,4,2,0,1.226
HIGH,HIGH,1,9,3,0,0.378
LOW,LOW,1,3,2,0,0.388
LOW,LOW,1,2,2,1,3.59
LOW,LOW,1,3,3,2,3.949333333333333
HIGH,HIGH,1,9,1,0,3.186
HIGH,HIGH,0,6,2,0,2.386
HIGH,HIGH,1,6,3,2,3.357333333333333
LOW,LOW,0,3,3,1,2.490666666666667
LOW,LOW,0,4,3,1,1.4646666666666666
LOW,LOW,0,2,1,0,1.812
LOW,LOW,1,3,1,0,3.278
HIGH,HIGH,1,6,4,2,3.74
LOW,LOW,1,5,5,3,2.668
LOW,LOW,1,4,3,1,2.8946666666666667
HIGH,HIGH,0,9,3,1,4.460666666666666
HIGH,HIGH,0,7,5,3,3.49
LOW,LOW,0,5,1,0,3.638
LOW,LOW,1,4,5,4,0.46
LOW,LOW,1,2,4,2,3.318
HIGH,HIGH,0,8,3,1,3.1466666666666665
LOW,LOW,1,4,0,0,2.846
LOW,LOW,0,1,3,1,4.726666666666667
LOW,LOW,1,1,4,2,2.72
LOW,LOW,1,0,4,1,1.41
HIGH,HIGH,0,6,2,1,6.061999999999999
LOW,LOW,1,0,0,0,5.468
LOW,LOW,1,4,1,0,0.7
HIGH,HIGH,1,9,2,1,4.028
LOW,LOW,0,3,3,1,3.550666666666667
HIGH,HIGH,0,9,1,0,3.612
LOW,LOW,1,4,1,0,2.852
HIGH,HIGH,1,9,3,2,4.699333333333334
HIGH,HIGH,0,9,2,1,4.552
HIGH,HIGH,1,6,1,0,4.464
LOW,LOW,0,0,2,1,6.348
HIGH,HIGH,0,8,2,1,6.481999999999999
LOW,LOW,0,4,5,4,6.654000000000001
HIGH,HIGH,0,9,5,4,8.748
HIGH,HIGH,0,9,0,0,5.174
LOW,LOW,0,1,3,2,2.703333333333333
HIGH,HIGH,0,9,5,4,6.134
HIGH,HIGH,0,8,3,3,6.454000000000001
HIGH,HIGH,1,6,4,1,4.194
LOW,LOW,1,3,4,2,5.238
HIGH,HIGH,1,6,0,0,2.3040000000000003
HIGH,HIGH,1,6,5,2,1.6800000000000002
HIGH,HIGH,1,7,2,0,5.233999999999999
LOW,LOW,1,0,4,2,1.974
LOW,LOW,1,3,1,0,5.052
LOW,LOW,0,0,1,0,2.094
LOW,LOW,1,0,1,0,1.26
HIGH,HIGH,1,6,3,1,3.308666666666667
LOW,LOW,1,3,1,0,1.714
LOW,LOW,1,1,0,0,4.786
LOW,LOW,0,2,5,4,4.17
HIGH,HIGH,1,9,2,1,2.682
LOW,LOW,1,2,2,1,2.68
LOW,LOW,0,3,3,1,4.722666666666667
LOW,LOW,1,2,2,1,3.626
LOW,LOW,1,1,1,0,4.864
LOW,LOW,0,1,3,2,2.8873333333333333
HIGH,HIGH,0,7,2,1,2.132
LOW,LOW,0,1,4,2,3.188
LOW,LOW,0,2,0,0,3.4320000000000004
LOW,LOW,0,1,2,0,2.03
LOW,LOW,1,4,0,0,3.958
HIGH,HIGH,0,6,2,1,3.466
HIGH,HIGH,0,7,0,0,2.708
HIGH,HIGH,1,9,1,0,3.794
HIGH,HIGH,1,8,3,2,3.649333333333333
LOW,LOW,1,3,2,0,4.158
HIGH,HIGH,1,9,4,1,2.182
HIGH,HIGH,1,7,2,0,0.3
LOW,LOW,1,0,3,0,0.976
LOW,LOW,1,0,5,1,0.362
LOW,LOW,1,0,0,0,0.408
HIGH,HIGH,1,8,3,0,0.3
LOW,LOW,1,0,0,0,0.322
HIGH,HIGH,1,8,2,0,0.302
LOW,LOW,1,5,3,0,1.914
LOW,LOW,1,2,0,0,0.976
LOW,LOW,1,3,5,0,1.554
LOW,LOW,1,1,0,0,0.954
LOW,LOW,1,1,3,0,0.416
HIGH,HIGH,1,7,4,0,0.6759999999999999
LOW,LOW,1,4,4,0,0.6619999999999999
LOW,LOW,1,2,5,0,0.944
LOW,LOW,1,2,1,0,0.3
HIGH,HIGH,1,8,4,1,0.654
HIGH,HIGH,1,7,2,0,1.02
LOW,LOW,1,4,5,0,0.6659999999999999
LOW,LOW,1,5,5,0,0.932
LOW,LOW,1,3,5,5,7.895999999999999
HIGH,HIGH,0,6,5,4,5.448
LOW,LOW,1,1,5,4,6.31
LOW,LOW,0,4,5,5,7.378
HIGH,HIGH,0,9,2,1,4.662
LOW,LOW,0,5,3,3,4.433999999999999
LOW,LOW,0,1,0,0,6.272
LOW,LOW,1,3,1,0,6.384
HIGH,HIGH,0,7,1,0,5.932
HIGH,HIGH,0,6,3,2,5.211333333333333
LOW,LOW,0,1,0,0,2.9879999999999995
HIGH,HIGH,1,9,2,1,1.818
LOW,LOW,1,5,4,1,2.292
HIGH,HIGH,0,7,1,0,4.138
LOW,LOW,0,5,1,0,3.728
HIGH,HIGH,1,9,0,0,1.574
HIGH,HIGH,0,9,5,2,4.126
HIGH,HIGH,1,7,1,0,0.904
LOW,LOW,1,0,5,2,1.924
HIGH,HIGH,1,8,5,0,2.3600000000000003
LOW,LOW,1,1,2,1,3.934
LOW,LOW,0,4,3,1,6.956666666666667
HIGH,HIGH,1,9,2,1,6.513999999999999
LOW,LOW,1,0,2,2,6.238
LOW,LOW,0,3,5,3,7.431999999999999
LOW,LOW,1,0,3,2,5.517333333333333
HIGH,HIGH,0,9,0,0,5.28
LOW,LOW,0,2,3,2,3.4593333333333334
HIGH,HIGH,1,7,2,1,6.228
LOW,LOW,1,3,4,3,6.546
LOW,LOW,0,4,2,1,2.824
LOW,LOW,1,3,4,2,2.974
LOW,LOW,1,3,2,1,0.73
HIGH,HIGH,1,6,3,1,3.266666666666667
HIGH,HIGH,1,8,3,2,2.4513333333333334
LOW,LOW,0,0,1,0,2.03
LOW,LOW,1,1,2,1,3.29
HIGH,HIGH,0,7,2,0,3.684
HIGH,HIGH,0,9,1,0,3.7
LOW,LOW,0,0,0,0,3.986
HIGH,HIGH,0,7,1,0,2.408
HIGH,HIGH,0,9,0,0,1.122
HIGH,HIGH,0,8,4,2,2.806
LOW,LOW,0,5,1,0,1.42
LOW,LOW,1,4,0,0,3.14
LOW,LOW,1,2,0,0,0.626
LOW,LOW,1,5,0,0,0.3419999999999999
HIGH,HIGH,0,7,4,1,2.468
LOW,LOW,1,3,4,2,3.724
LOW,LOW,1,3,5,2,0.394
LOW,LOW,1,3,1,0,0.3359999999999999
HIGH,HIGH,1,8,2,0,0.966
LOW,LOW,1,0,0,0,0.364
HIGH,HIGH,1,9,3,0,1.598
LOW,LOW,1,1,2,0,1.218
LOW,LOW,1,4,5,1,1.0
LOW,LOW,1,1,4,1,0.35
LOW,LOW,1,0,4,0,1.87
HIGH,HIGH,1,6,2,0,1.944
HIGH,HIGH,1,9,0,0,0.036
HIGH,HIGH,0,8,3,1,3.0986666666666665
LOW,LOW,0,4,4,1,0.8680000000000001
HIGH,HIGH,1,8,3,2,2.551333333333333
HIGH,HIGH,0,8,0,0,4.061999999999999
HIGH,HIGH,0,7,4,3,4.7620000000000005
LOW,LOW,0,1,2,1,4.427999999999999
HIGH,HIGH,0,9,4,2,2.472
LOW,LOW,0,2,0,0,3.04
LOW,LOW,1,2,1,0,1.318
HIGH,HIGH,1,7,2,1,3.35
HIGH,HIGH,0,8,3,1,4.096666666666667
LOW,LOW,0,5,5,2,3.09
LOW,LOW,0,3,1,0,3.27
HIGH,HIGH,1,7,2,1,1.668
HIGH,HIGH,0,6,1,0,3.368
LOW,LOW,1,3,3,1,0.9666666666666666
HIGH,HIGH,0,9,2,1,4.066
LOW,LOW,1,2,3,1,3.566666666666667
HIGH,HIGH,1,9,4,2,3.376
HIGH,HIGH,1,6,1,0,1.248
LOW,LOW,0,5,1,1,5.76
LOW,LOW,0,4,0,0,6.518000000000001
LOW,LOW,0,3,4,3,5.75
HIGH,HIGH,1,9,2,1,6.792
LOW,LOW,0,5,4,2,3.75
LOW,LOW,0,4,2,1,4.112
LOW,LOW,1,0,3,1,7.078666666666666
LOW,LOW,0,1,1,0,8.488
HIGH,HIGH,1,8,3,2,5.239333333333334
LOW,LOW,0,0,3,2,6.433333333333335
HIGH,HIGH,1,6,2,0,0.744
LOW,LOW,1,5,0,0,0.906
LOW,LOW,1,2,2,0,0.936
LOW,LOW,1,0,2,0,0.6679999999999999
HIGH,HIGH,1,9,3,1,0.6666666666666666
LOW,LOW,1,1,4,0,1.004
HIGH,HIGH,1,6,4,0,0.32
HIGH,HIGH,1,8,1,0,1.95
HIGH,HIGH,1,6,4,0,0.348
HIGH,HIGH,1,7,2,0,0.6859999999999999
HIGH,HIGH,1,6,3,0,0.48
LOW,LOW,1,5,2,0,0.3
LOW,LOW,1,3,1,0,1.642
HIGH,HIGH,1,7,0,0,1.0659999999999998
HIGH,HIGH,1,8,2,0,1.598
HIGH,HIGH,1,6,5,0,0.8999999999999999
LOW,LOW,1,2,0,0,0.344
LOW,LOW,1,4,2,0,0.712
LOW,LOW,1,4,5,1,0.058
LOW,LOW,1,1,1,0,0.0
LOW,LOW,0,0,5,4,4.970000000000001
LOW,LOW,0,2,0,0,6.9
HIGH,HIGH,0,7,0,0,4.08
LOW,LOW,0,4,3,3,7.142
HIGH,HIGH,0,9,4,2,5.723999999999999
LOW,LOW,0,1,0,0,6.368
LOW,LOW,0,3,2,2,6.432
LOW,LOW,0,5,2,1,4.263999999999999
LOW,LOW,0,2,5,3,7.68
HIGH,HIGH,0,6,1,0,6.252000000000001
HIGH,HIGH,1,9,0,0,6.997999999999999
LOW,LOW,1,1,0,0,5.05
LOW,LOW,0,4,5,5,5.454000000000001
HIGH,HIGH,0,6,4,4,6.680000000000001
LOW,LOW,0,0,5,5,5.342
LOW,LOW,0,0,4,3,5.412000000000001
HIGH,HIGH,0,6,1,0,4.626
LOW,LOW,1,0,4,3,5.306
LOW,LOW,0,0,0,0,7.577999999999999
HIGH,HIGH,0,6,2,1,5.515999999999999
LOW,LOW,0,3,4,3,6.0360000000000005
HIGH,HIGH,0,7,0,0,6.888
LOW,LOW,0,5,3,3,4.612
LOW,LOW,0,1,1,0,4.706
HIGH,HIGH,0,8,4,3,4.588000000000001
HIGH,HIGH,0,6,2,1,5.747999999999999
LOW,LOW,0,1,3,2,7.099333333333333
HIGH,HIGH,0,6,2,1,4.818
LOW,LOW,0,0,4,3,6.084
LOW,LOW,0,4,2,1,4.485999999999999
LOW,LOW,0,1,0,0,6.878
LOW,LOW,0,1,5,4,5.68
LOW,LOW,1,1,0,0,6.72
LOW,LOW,0,2,4,3,4.898000000000001
LOW,LOW,0,5,1,0,5.824
HIGH,HIGH,1,9,5,4,7.215999999999999
LOW,LOW,1,1,5,5,4.82
HIGH,HIGH,0,9,5,3,6.876
LOW,LOW,0,4,0,0,6.061999999999999
HIGH,HIGH,1,9,5,4,4.698
HIGH,HIGH,1,9,0,0,3.514
HIGH,HIGH,0,8,2,1,2.5980000000000003
HIGH,HIGH,1,8,5,2,3.574
HIGH,HIGH,1,9,5,1,2.92
LOW,LOW,0,2,5,1,4.367999999999999
LOW,LOW,0,4,2,1,2.88
LOW,LOW,1,3,0,0,2.634
LOW,LOW,1,2,0,0,3.276
LOW,LOW,1,3,2,0,4.768
LOW,LOW,1,0,5,2,2.722
HIGH,HIGH,1,9,5,2,1.2479999999999998
HIGH,HIGH,1,6,1,0,1.898
HIGH,HIGH,1,6,3,1,1.6826666666666663
LOW,LOW,0,4,5,1,3.07
HIGH,HIGH,1,7,2,1,3.722
HIGH,HIGH,1,8,4,0,3.904
LOW,LOW,0,4,5,1,4.128
LOW,LOW,1,5,1,0,3.808
LOW,LOW,1,4,5,3,2.014
LOW,LOW,1,3,2,1,2.758
HIGH,HIGH,1,7,5,0,0.636
LOW,LOW,1,2,2,0,0.024
LOW,LOW,1,3,0,0,0.346
LOW,LOW,1,3,3,0,1.3
HIGH,HIGH,1,6,2,0,0.638
LOW,LOW,1,5,4,0,1.284
HIGH,HIGH,1,6,1,0,0.04
LOW,LOW,1,0,5,0,0.308
LOW,LOW,1,5,4,0,0.028
LOW,LOW,1,3,5,0,0.3
LOW,LOW,0,3,5,4,5.718
LOW,LOW,1,3,0,0,5.786
HIGH,HIGH,0,6,1,0,7.904
HIGH,HIGH,0,7,0,0,6.284000000000001
LOW,LOW,0,1,0,0,7.829999999999999
HIGH,HIGH,0,9,5,4,4.25
LOW,LOW,0,3,1,0,6.88
LOW,LOW,0,4,4,3,7.73
LOW,LOW,1,0,1,0,4.472
LOW,LOW,0,2,1,0,5.07
HIGH,HIGH,0,9,0,0,3.314
LOW,LOW,1,2,3,1,6.148666666666666
LOW,LOW,1,3,4,1,4.242
LOW,LOW,1,1,5,2,3.528
LOW,LOW,0,0,2,0,3.064
HIGH,HIGH,1,6,0,0,1.6940000000000002
LOW,LOW,0,2,4,2,2.11
LOW,LOW,1,4,1,0,1.614
LOW,LOW,0,0,3,1,3.0426666666666664
HIGH,HIGH,0,9,4,1,1.426
LOW,LOW,1,4,0,0,3.902
LOW,LOW,1,4,1,0,2.21
HIGH,HIGH,0,9,0,0,2.364
HIGH,HIGH,1,9,4,1,2.97
HIGH,HIGH,1,9,5,2,3.914
HIGH,HIGH,1,7,4,1,1.75
LOW,LOW,1,1,3,0,1.326
HIGH,HIGH,1,7,3,1,4.312666666666667
HIGH,HIGH,1,9,1,0,2.182
HIGH,HIGH,1,6,1,0,2.208
LOW,LOW,0,1,1,0,4.028
LOW,LOW,1,1,2,1,3.562
LOW,LOW,0,5,4,3,4.398000000000001
HIGH,HIGH,0,8,4,1,0.354
LOW,LOW,1,4,2,1,3.704
LOW,LOW,0,1,0,0,0.778
HIGH,HIGH,1,6,3,2,2.703333333333333
HIGH,HIGH,1,8,3,2,3.705333333333333
HIGH,HIGH,0,6,5,3,4.764
HIGH,HIGH,0,6,3,2,3.799333333333333
HIGH,HIGH,0,6,1,0,1.852
HIGH,HIGH,1,7,1,0,6.512
LOW,LOW,0,2,5,3,5.758
HIGH,HIGH,0,8,0,0,1.754
LOW,LOW,0,0,0,0,3.308
LOW,LOW,0,0,1,0,0.896
LOW,LOW,0,5,0,0,3.752
LOW,LOW,0,0,3,2,0.9593333333333331
HIGH,HIGH,1,8,1,0,1.528
LOW,LOW,0,3,4,2,0.962
HIGH,HIGH,1,7,0,0,3.792
LOW,LOW,0,0,1,0,2.076
HIGH,HIGH,0,8,2,1,3.464
LOW,LOW,1,1,4,3,3.058
HIGH,HIGH,0,7,2,1,4.198
HIGH,HIGH,1,9,4,1,2.664
LOW,LOW,0,1,1,0,3.016
HIGH,HIGH,1,7,3,1,2.6566666666666667
HIGH,HIGH,1,7,5,2,2.4320000000000004
LOW,LOW,1,3,3,1,2.320666666666667
HIGH,HIGH,1,8,5,2,2.668
LOW,LOW,1,4,1,0,3.81
HIGH,HIGH,0,9,2,1,2.464
LOW,LOW,0,3,3,1,2.494666666666667
LOW,LOW,1,4,1,0,1.928
HIGH,HIGH,0,6,2,0,1.49
LOW,LOW,0,5,4,2,3.828
LOW,LOW,1,1,1,0,2.704
LOW,LOW,1,1,4,1,3.286
HIGH,HIGH,0,7,3,0,3.36
HIGH,HIGH,0,9,5,3,2.788
HIGH,HIGH,0,8,2,1,3.556
LOW,LOW,0,3,2,1,5.654
LOW,LOW,0,1,0,0,3.356
LOW,LOW,0,5,0,0,4.936
HIGH,HIGH,0,7,2,1,0.592
HIGH,HIGH,0,7,5,2,4.386
HIGH,HIGH,0,6,2,1,3.16
HIGH,HIGH,0,6,4,1,2.764
LOW,LOW,0,0,0,0,3.324
HIGH,HIGH,1,7,4,2,4.938
LOW,LOW,0,0,0,0,2.678
HIGH,HIGH,0,7,1,0,4.974
LOW,LOW,1,1,1,0,3.192
LOW,LOW,0,0,5,3,4.442
HIGH,HIGH,1,8,0,0,4.518000000000001
LOW,LOW,1,5,0,0,2.072
LOW,LOW,1,5,1,0,4.17
HIGH,HIGH,0,9,0,0,4.988
LOW,LOW,1,5,3,1,1.7326666666666666
HIGH,HIGH,1,7,4,2,3.688
LOW,LOW,1,4,2,1,1.404
HIGH,HIGH,1,7,4,2,3.016
LOW,LOW,1,2,4,1,2.918
HIGH,HIGH,1,8,5,3,3.3960000000000004
HIGH,HIGH,0,6,5,2,2.5080000000000005
HIGH,HIGH,0,9,4,1,2.72
LOW,LOW,0,2,0,0,4.302
LOW,LOW,1,1,0,0,1.992
LOW,LOW,1,2,0,0,2.892
HIGH,HIGH,1,8,2,0,3.318
LOW,LOW,1,5,2,1,4.292
LOW,LOW,0,4,4,1,2.208
HIGH,HIGH,0,6,1,0,1.0799999999999998
LOW,LOW,1,0,5,2,4.5280000000000005
LOW,LOW,0,2,4,1,0.8780000000000001
LOW,LOW,1,2,1,0,2.224
HIGH,HIGH,1,7,0,0,4.09
LOW,LOW,1,2,1,0,3.764
LOW,LOW,0,5,0,0,3.804
LOW,LOW,0,4,2,1,5.493999999999999
HIGH,HIGH,0,9,1,0,8.282
HIGH,HIGH,0,9,1,1,7.508
HIGH,HIGH,1,7,0,0,4.152
HIGH,HIGH,0,9,1,0,7.048
LOW,LOW,0,5,1,0,5.773999999999999
LOW,LOW,0,1,2,2,6.554
LOW,LOW,0,3,2,2,7.22
HIGH,HIGH,1,7,1,0,4.796
HIGH,HIGH,0,7,4,3,5.874
LOW,LOW,1,5,5,0,0.8999999999999999
LOW,LOW,1,5,2,0,1.836
LOW,LOW,1,2,4,0,0.71
LOW,LOW,1,4,4,0,1.582
HIGH,HIGH,1,6,2,0,0.976
LOW,LOW,1,5,2,0,1.898
HIGH,HIGH,1,7,4,1,0.746
HIGH,HIGH,1,9,2,0,1.282
HIGH,HIGH,1,7,5,0,0.622
LOW,LOW,1,0,3,0,0.368
LOW,LOW,1,0,2,1,1.0639999999999998
HIGH,HIGH,1,6,2,1,3.262
LOW,LOW,1,2,5,3,1.6760000000000002
HIGH,HIGH,1,8,1,0,3.868
HIGH,HIGH,1,9,5,2,1.982
HIGH,HIGH,0,8,1,0,3.32
HIGH,HIGH,1,6,0,0,1.854
LOW,LOW,0,4,3,1,3.1306666666666665
HIGH,HIGH,1,9,2,0,2.996
LOW,LOW,0,0,5,2,4.052
LOW,LOW,1,0,5,2,3.3400000000000003
LOW,LOW,1,1,0,0,1.294
LOW,LOW,1,2,4,1,3.046
HIGH,HIGH,1,9,4,1,5.142
LOW,LOW,1,1,3,1,2.9046666666666665
LOW,LOW,1,1,5,1,2.3640000000000003
HIGH,HIGH,1,6,1,0,2.572
HIGH,HIGH,1,9,1,0,3.514
LOW,LOW,1,2,2,1,5.267999999999999
LOW,LOW,0,4,0,0,1.426
LOW,LOW,1,3,5,2,2.926
LOW,LOW,1,0,3,1,3.278666666666667
LOW,LOW,1,5,3,1,3.228666666666667
LOW,LOW,0,2,5,3,2.208
HIGH,HIGH,0,6,4,2,1.82
HIGH,HIGH,1,6,5,3,5.973999999999999
LOW,LOW,0,0,3,1,3.1326666666666667
LOW,LOW,1,5,2,1,3.236
HIGH,HIGH,1,9,3,2,3.051333333333333
LOW,LOW,0,4,2,1,2.522
LOW,LOW,1,2,5,3,1.466
LOW,LOW,0,0,4,2,3.078
HIGH,HIGH,1,8,4,3,2.768
LOW,LOW,1,5,5,2,1.476
LOW,LOW,0,4,4,2,2.822
HIGH,HIGH,0,8,5,2,2.494
HIGH,HIGH,0,8,2,0,2.756
HIGH,HIGH,0,7,4,2,2.944
HIGH,HIGH,1,9,1,0,5.1
LOW,LOW,0,2,5,4,1.292
LOW,LOW,1,4,2,0,2.792
HIGH,HIGH,0,8,2,0,4.642
HIGH,HIGH,1,7,2,0,4.498
HIGH,HIGH,1,9,5,3,4.62
HIGH,HIGH,1,6,3,1,2.610666666666667
HIGH,HIGH,0,6,0,0,2.858
LOW,LOW,0,1,4,2,2.5880000000000005
HIGH,HIGH,1,6,3,1,4.276666666666667
LOW,LOW,1,4,5,3,2.4080000000000004
LOW,LOW,0,5,3,1,2.0806666666666667
HIGH,HIGH,0,8,2,0,2.426
LOW,LOW,1,3,1,0,2.734
HIGH,HIGH,1,8,1,0,2.704
LOW,LOW,0,4,5,1,5.714
HIGH,HIGH,1,7,1,0,1.374
LOW,LOW,0,5,5,2,4.462
LOW,LOW,0,4,4,1,2.432
LOW,LOW,0,4,3,2,1.5193333333333332
LOW,LOW,1,2,3,1,3.8706666666666663
HIGH,HIGH,0,9,2,0,2.084
HIGH,HIGH,0,7,1,0,1.414
LOW,LOW,0,2,5,2,3.392
LOW,LOW,0,4,4,1,5.374
LOW,LOW,1,5,2,1,4.908
HIGH,HIGH,0,7,2,1,3.158
HIGH,HIGH,1,7,3,1,2.746666666666667
LOW,LOW,1,2,0,0,1.884
LOW,LOW,0,5,2,1,6.065999999999999
LOW,LOW,0,3,0,0,3.328
HIGH,HIGH,1,6,3,1,4.854666666666667
HIGH,HIGH,0,6,3,1,3.130666666666667
LOW,LOW,0,4,0,0,1.154
LOW,LOW,1,5,1,0,0.726
LOW,LOW,1,4,0,0,4.867999999999999
HIGH,HIGH,1,7,4,1,0.712
LOW,LOW,0,5,2,1,4.706
LOW,LOW,1,0,4,1,3.404
LOW,LOW,1,5,4,2,4.843999999999999
LOW,LOW,0,4,5,2,0.6340000000000001
LOW,LOW,1,4,5,3,2.4640000000000004
HIGH,HIGH,0,7,5,2,3.81
HIGH,HIGH,0,6,1,0,2.16
HIGH,HIGH,0,7,2,1,0.938
HIGH,HIGH,0,7,4,2,5.715999999999999
HIGH,HIGH,1,8,5,2,4.674
LOW,LOW,0,2,3,2,2.239333333333333
LOW,LOW,1,5,3,1,2.9426666666666668
LOW,LOW,1,3,0,0,5.154
LOW,LOW,0,2,4,2,4.062
LOW,LOW,0,5,1,0,0.79
LOW,LOW,0,3,4,3,7.746
HIGH,HIGH,0,6,5,4,4.678000000000001
HIGH,HIGH,0,8,0,0,6.238
LOW,LOW,0,3,0,0,4.385999999999999
LOW,LOW,1,0,5,4,5.302
LOW,LOW,1,3,3,2,4.679333333333334
HIGH,HIGH,0,8,4,3,8.122
LOW,LOW,0,4,5,3,4.069999999999999
LOW,LOW,0,4,1,1,8.078
LOW,LOW,0,3,4,4,8.454
LOW,LOW,0,0,4,3,6.876
LOW,LOW,0,3,2,1,6.384
HIGH,HIGH,0,7,5,4,6.444000000000001
LOW,LOW,0,5,0,0,6.508
HIGH,HIGH,1,7,1,0,6.07
LOW,LOW,0,3,3,2,6.0713333333333335
HIGH,HIGH,0,9,1,0,9.298000000000002
HIGH,HIGH,0,7,3,2,5.109333333333334
LOW,LOW,1,1,3,2,4.3613333333333335
LOW,LOW,0,2,2,2,6.438000000000001
LOW,LOW,1,4,1,0,2.868
HIGH,HIGH,0,6,0,0,3.688
HIGH,HIGH,1,7,5,2,2.4280000000000004
HIGH,HIGH,0,9,3,2,4.497333333333334
HIGH,HIGH,0,7,0,0,3.994
LOW,LOW,0,3,5,2,4.702000000000001
LOW,LOW,0,1,4,3,3.456
LOW,LOW,1,5,4,2,4.656
LOW,LOW,1,3,2,1,3.238
LOW,LOW,0,3,5,2,1.746
HIGH,HIGH,0,7,3,1,5.3966666666666665
LOW,LOW,1,5,5,4,2.3680000000000003
LOW,LOW,0,3,1,0,1.14
HIGH,HIGH,0,7,4,2,4.044
HIGH,HIGH,0,8,4,2,1.5
HIGH,HIGH,1,8,4,2,4.23
LOW,LOW,0,3,5,3,1.2279999999999998
LOW,LOW,1,4,4,1,0.668
LOW,LOW,0,5,2,1,4.738
LOW,LOW,1,0,4,3,4.396000000000001
LOW,LOW,1,1,0,0,3.87
LOW,LOW,0,5,0,0,3.674
HIGH,HIGH,1,7,0,0,1.6860000000000002
LOW,LOW,0,0,1,0,3.932
HIGH,HIGH,0,6,3,1,0.2666666666666666
LOW,LOW,0,3,3,1,4.994666666666666
LOW,LOW,1,5,5,3,4.644
LOW,LOW,0,1,1,0,1.44
HIGH,HIGH,0,8,2,1,3.766
HIGH,HIGH,0,6,2,0,3.348
LOW,LOW,0,0,4,1,3.424
HIGH,HIGH,1,9,1,0,3.428
LOW,LOW,1,5,3,2,3.393333333333333
HIGH,HIGH,1,6,3,1,4.634666666666666
HIGH,HIGH,0,8,2,1,3.106
LOW,LOW,0,3,3,1,1.8266666666666669
LOW,LOW,1,5,0,0,2.662
LOW,LOW,1,1,4,2,6.448
HIGH,HIGH,0,6,4,3,3.5380000000000003
LOW,LOW,0,3,2,1,2.192
LOW,LOW,0,3,1,0,3.098
LOW,LOW,0,3,4,2,1.234
HIGH,HIGH,1,7,1,0,0.648
HIGH,HIGH,1,6,4,2,2.426
LOW,LOW,1,2,5,1,2.97
LOW,LOW,1,3,3,1,2.9606666666666666
LOW,LOW,1,4,0,0,4.776
LOW,LOW,1,5,1,0,3.854
LOW,LOW,0,3,4,2,3.994
HIGH,HIGH,1,8,5,2,3.59
LOW,LOW,1,5,1,0,5.144
LOW,LOW,0,2,3,2,1.5953333333333333
HIGH,HIGH,0,9,5,3,4.748
LOW,LOW,1,5,4,2,0.214
LOW,LOW,1,5,5,2,6.152
LOW,LOW,0,0,3,2,2.5133333333333336
LOW,LOW,1,2,2,1,6.109999999999999
HIGH,HIGH,1,9,0,0,2.236
LOW,LOW,0,5,3,1,3.3626666666666667
HIGH,HIGH,1,7,1,0,2.364
HIGH,HIGH,1,9,1,0,2.18
HIGH,HIGH,1,8,4,2,4.628
HIGH,HIGH,1,7,5,3,3.2960000000000003
LOW,LOW,0,4,1,0,1.114
LOW,LOW,1,1,5,0,1.56
HIGH,HIGH,1,7,5,0,1.584
HIGH,HIGH,1,8,1,0,3.502
LOW,LOW,0,5,4,2,3.734
LOW,LOW,1,0,0,0,4.272
LOW,LOW,1,3,3,1,2.252666666666667
LOW,LOW,1,5,0,0,3.626
LOW,LOW,1,1,2,1,3.948
HIGH,HIGH,0,7,2,0,3.968
HIGH,HIGH,1,7,3,1,3.276666666666667
LOW,LOW,1,3,1,0,4.09
LOW,LOW,1,2,1,0,2.494
LOW,LOW,1,3,5,1,2.614
HIGH,HIGH,1,9,4,2,4.038
HIGH,HIGH,0,8,5,2,5.668
LOW,LOW,0,3,4,3,3.466
HIGH,HIGH,0,7,5,3,5.458
LOW,LOW,0,5,0,0,7.832
HIGH,HIGH,0,8,3,2,3.363333333333333
HIGH,HIGH,1,7,3,2,6.285333333333334
HIGH,HIGH,0,7,2,1,4.204
HIGH,HIGH,0,9,1,0,6.558
HIGH,HIGH,0,7,5,5,8.504
HIGH,HIGH,1,7,5,3,6.834
LOW,LOW,1,3,3,3,4.393999999999999
HIGH,HIGH,0,8,2,1,5.483999999999999
LOW,LOW,1,5,0,0,1.66
LOW,LOW,1,1,3,2,0.4333333333333333
LOW,LOW,1,2,5,3,0.506
HIGH,HIGH,1,7,0,0,4.49
LOW,LOW,0,4,5,3,2.844
LOW,LOW,0,3,0,0,4.295999999999999
LOW,LOW,1,2,5,3,4.294
LOW,LOW,1,5,4,2,5.365999999999999
LOW,LOW,1,5,3,1,4.3566666666666665
LOW,LOW,1,2,2,0,0.6
HIGH,HIGH,0,8,4,2,4.464
LOW,LOW,0,3,0,0,3.676
LOW,LOW,0,1,3,2,6.083333333333334
HIGH,HIGH,1,8,5,2,0.51
LOW,LOW,1,4,2,1,0.718
LOW,LOW,0,2,1,0,2.474
LOW,LOW,1,1,4,2,5.262
HIGH,HIGH,1,6,2,1,5.294
HIGH,HIGH,1,9,1,0,7.427999999999999
LOW,LOW,0,5,3,1,0.5666666666666667
HIGH,HIGH,0,6,1,0,1.7639999999999998
LOW,LOW,1,1,2,1,0.7719999999999999
HIGH,HIGH,1,6,2,1,1.7320000000000002
LOW,LOW,0,0,2,1,4.119999999999999
LOW,LOW,1,3,4,3,4.888
LOW,LOW,0,2,5,2,2.164
HIGH,HIGH,1,8,3,1,3.328666666666667
HIGH,HIGH,1,8,0,0,4.202
HIGH,HIGH,0,8,1,0,3.048
HIGH,HIGH,0,8,2,1,5.352
LOW,LOW,1,3,1,0,0.022
HIGH,HIGH,1,8,0,0,0.958
HIGH,HIGH,1,9,1,0,0.648
LOW,LOW,1,5,0,0,0.3
LOW,LOW,1,1,3,0,0.0
LOW,LOW,1,5,1,0,0.0
LOW,LOW,1,0,4,0,2.212
LOW,LOW,1,5,3,0,0.026
LOW,LOW,1,5,0,0,1.0419999999999998
LOW,LOW,1,2,5,0,0.938
LOW,LOW,1,1,1,0,3.946
LOW,LOW,1,5,5,2,2.41
LOW,LOW,1,1,3,1,1.092666666666667
HIGH,HIGH,0,9,4,1,3.4319999999999995
LOW,LOW,1,0,3,1,2.728666666666667
HIGH,HIGH,1,8,5,2,1.73
LOW,LOW,1,0,3,0,1.892
LOW,LOW,1,5,5,1,4.652
HIGH,HIGH,1,6,1,0,3.242
LOW,LOW,1,2,5,1,2.556
LOW,LOW,0,1,5,4,8.716
LOW,LOW,1,5,4,3,6.039999999999999
LOW,LOW,0,2,4,3,5.11
LOW,LOW,0,0,3,1,5.746666666666666
LOW,LOW,0,5,3,2,5.225333333333333
HIGH,HIGH,1,9,1,0,7.701999999999999
LOW,LOW,0,5,3,2,2.215333333333333
HIGH,HIGH,0,6,4,2,5.529999999999999
LOW,LOW,1,1,5,4,4.606
LOW,LOW,0,4,0,0,6.388
LOW,LOW,0,2,4,0,1.688
LOW,LOW,1,4,0,0,2.562
LOW,LOW,0,3,2,0,3.076
HIGH,HIGH,0,6,1,0,2.716
HIGH,HIGH,1,6,3,1,1.7106666666666668
LOW,LOW,0,5,3,1,2.768666666666667
HIGH,HIGH,1,9,0,0,2.4080000000000004
HIGH,HIGH,1,8,5,4,6.308
HIGH,HIGH,1,6,5,2,3.676
HIGH,HIGH,0,7,4,1,3.686
LOW,LOW,0,3,5,3,3.452
HIGH,HIGH,1,9,0,0,1.304
LOW,LOW,1,4,0,0,4.502000000000001
HIGH,HIGH,0,6,0,0,3.408
LOW,LOW,0,2,2,0,3.996
HIGH,HIGH,0,9,3,2,5.095333333333334
LOW,LOW,0,4,5,3,3.192
LOW,LOW,0,4,1,0,2.102
HIGH,HIGH,1,6,3,2,1.7693333333333334
LOW,LOW,0,2,2,1,1.468
HIGH,HIGH,1,7,1,0,0.03
LOW,LOW,1,2,0,0,0.0
HIGH,HIGH,1,9,4,0,1.296
LOW,LOW,1,5,1,0,0.608
LOW,LOW,1,5,2,0,1.584
HIGH,HIGH,1,8,0,0,1.0459999999999998
LOW,LOW,1,1,4,1,1.634
LOW,LOW,1,0,4,0,0.308
LOW,LOW,1,2,4,0,0.6659999999999999
HIGH,HIGH,1,8,5,0,0.918
HIGH,HIGH,1,9,5,2,3.184
LOW,LOW,1,3,5,2,3.672
LOW,LOW,1,2,4,1,4.832
LOW,LOW,0,4,0,0,2.372
HIGH,HIGH,0,7,4,2,4.896
LOW,LOW,1,1,3,1,3.8606666666666665
LOW,LOW,0,3,0,0,2.114
HIGH,HIGH,0,6,4,2,3.862
LOW,LOW,1,0,2,1,3.78
LOW,LOW,0,5,1,0,1.794
LOW,LOW,1,2,3,1,2.712666666666667
LOW,LOW,1,1,0,0,3.632
LOW,LOW,0,1,3,1,4.084666666666666
LOW,LOW,0,1,2,1,3.4240000000000004
LOW,LOW,0,3,1,0,3.012
HIGH,HIGH,0,6,1,0,3.992
HIGH,HIGH,1,9,0,0,2.704
LOW,LOW,0,1,0,0,4.628
LOW,LOW,1,1,4,1,2.584
LOW,LOW,1,2,5,2,3.45
LOW,LOW,1,4,5,0,0.048
LOW,LOW,1,1,5,0,0.606
LOW,LOW,1,1,5,1,1.656
LOW,LOW,1,1,5,0,0.94
LOW,LOW,1,3,1,0,0.3
HIGH,HIGH,1,6,4,0,0.924
HIGH,HIGH,1,6,3,0,1.634
LOW,LOW,1,0,2,0,0.6599999999999999
HIGH,HIGH,1,8,0,0,0.0
HIGH,HIGH,1,8,4,0,0.6659999999999999
HIGH,HIGH,0,7,4,2,4.411999999999999
LOW,LOW,1,5,0,0,4.77
LOW,LOW,0,4,5,3,2.806
HIGH,HIGH,1,8,5,3,1.4499999999999995
LOW,LOW,0,2,4,3,2.1779999999999995
LOW,LOW,0,4,2,1,1.218
HIGH,HIGH,1,6,4,1,0.3979999999999999
LOW,LOW,1,2,1,0,0.3
LOW,LOW,1,3,5,1,0.852
LOW,LOW,1,0,4,2,4.662
LOW,LOW,1,4,4,2,6.52
LOW,LOW,0,5,4,1,4.087999999999999
HIGH,HIGH,0,6,2,1,2.87
HIGH,HIGH,0,8,4,2,6.37
LOW,LOW,1,3,0,0,4.836
HIGH,HIGH,0,7,3,2,1.7893333333333332
HIGH,HIGH,1,6,1,0,2.21
HIGH,HIGH,0,9,5,1,4.346
LOW,LOW,0,3,4,2,2.828
LOW,LOW,0,4,0,0,2.308
LOW,LOW,0,2,1,0,5.2620000000000005
LOW,LOW,0,2,1,1,6.586
HIGH,HIGH,0,8,0,0,5.638
LOW,LOW,0,2,4,3,5.542
HIGH,HIGH,1,9,4,2,3.922
HIGH,HIGH,0,7,0,0,7.544
LOW,LOW,1,5,5,4,4.348
HIGH,HIGH,0,7,0,0,6.572
LOW,LOW,0,4,4,3,5.28
LOW,LOW,0,4,5,3,3.612
HIGH,HIGH,1,8,2,0,3.23
LOW,LOW,1,3,2,0,4.470000000000001
LOW,LOW,1,2,3,1,1.9786666666666664
LOW,LOW,1,3,3,1,2.368666666666667
HIGH,HIGH,1,7,4,2,1.2199999999999998
LOW,LOW,1,5,0,0,4.17
HIGH,HIGH,1,6,0,0,3.504
LOW,LOW,1,4,3,1,6.124666666666666
HIGH,HIGH,0,6,0,0,4.01
HIGH,HIGH,0,7,3,1,3.8386666666666662
HIGH,HIGH,0,7,0,0,4.932
LOW,LOW,0,4,2,0,4.5840000000000005
LOW,LOW,1,2,2,1,4.658
HIGH,HIGH,0,9,0,0,4.034
LOW,LOW,1,3,0,0,3.2920000000000003
LOW,LOW,1,4,4,3,2.112
HIGH,HIGH,1,7,5,3,3.752
HIGH,HIGH,1,9,2,0,3.812
HIGH,HIGH,0,8,0,0,4.077999999999999
HIGH,HIGH,1,8,2,0,0.0
HIGH,HIGH,0,8,4,2,3.838
LOW,LOW,1,0,4,0,3.246
HIGH,HIGH,1,9,0,0,4.28
LOW,LOW,1,1,4,2,3.906
LOW,LOW,1,1,1,0,3.154
HIGH,HIGH,1,6,5,2,3.008
LOW,LOW,1,1,3,1,3.386666666666667
LOW,LOW,0,3,5,2,4.462
LOW,LOW,0,5,1,0,2.708
HIGH,HIGH,0,6,4,2,2.226
LOW,LOW,1,2,3,0,0.322
LOW,LOW,1,1,0,0,0.046
LOW,LOW,1,3,3,1,0.4106666666666666
LOW,LOW,1,2,3,0,1.566
HIGH,HIGH,1,7,3,0,0.306
LOW,LOW,1,4,0,0,0.942
HIGH,HIGH,1,8,3,0,0.702
LOW,LOW,1,3,1,0,0.0
LOW,LOW,1,2,5,1,0.432
LOW,LOW,1,3,5,0,0.602
LOW,LOW,0,0,2,2,7.302
LOW,LOW,0,5,3,2,5.263333333333334
HIGH,HIGH,0,6,5,4,6.09
LOW,LOW,0,2,5,2,5.7
HIGH,HIGH,0,9,4,3,6.048
HIGH,HIGH,0,9,1,0,2.814
LOW,LOW,1,4,5,2,6.138
LOW,LOW,0,0,3,3,8.424000000000001
LOW,LOW,0,2,1,0,6.656
LOW,LOW,0,5,3,2,6.507333333333333
LOW,LOW,1,2,1,0,0.0
LOW,LOW,1,4,0,0,0.018
LOW,LOW,1,2,0,0,0.902
LOW,LOW,1,1,0,0,0.612
LOW,LOW,1,3,0,0,0.366
LOW,LOW,1,3,0,0,0.934
HIGH,HIGH,1,6,3,0,0.308
LOW,LOW,1,1,3,0,0.3
HIGH,HIGH,1,8,2,0,0.6
LOW,LOW,1,3,5,0,0.358
LOW,LOW,0,3,2,0,3.966
LOW,LOW,0,4,4,2,1.592
LOW,LOW,1,4,3,2,2.3713333333333333
LOW,LOW,1,5,0,0,2.69
HIGH,HIGH,1,7,3,1,2.9306666666666668
HIGH,HIGH,1,7,1,0,3.906
LOW,LOW,1,3,1,0,3.578
HIGH,HIGH,0,6,2,1,4.04
LOW,LOW,1,3,4,3,2.758
HIGH,HIGH,1,6,2,1,1.402
HIGH,HIGH,1,6,5,0,0.0
LOW,LOW,1,3,3,0,0.648
HIGH,HIGH,1,7,4,0,0.0
LOW,LOW,1,4,5,0,0.95
LOW,LOW,1,2,2,0,0.02
HIGH,HIGH,1,7,1,0,0.988
LOW,LOW,1,0,2,0,1.934
HIGH,HIGH,1,6,0,0,1.632
HIGH,HIGH,1,9,5,0,0.6699999999999999
LOW,LOW,1,2,2,0,0.95
LOW,LOW,1,3,0,0,3.756
LOW,LOW,0,4,3,2,6.873333333333334
LOW,LOW,0,0,4,2,5.787999999999999
LOW,LOW,0,5,1,0,3.008
HIGH,HIGH,0,7,2,1,8.278
LOW,LOW,0,2,3,1,5.1626666666666665
LOW,LOW,0,5,3,3,5.456
HIGH,HIGH,0,6,4,3,6.09
LOW,LOW,0,1,0,0,5.04
LOW,LOW,1,1,1,0,5.146
LOW,LOW,0,0,5,3,3.978
LOW,LOW,1,4,1,0,7.109999999999999
LOW,LOW,1,4,3,2,4.407333333333334
LOW,LOW,1,1,0,0,2.012
LOW,LOW,1,1,0,0,6.078
LOW,LOW,0,2,1,0,6.894
LOW,LOW,1,1,5,4,4.688000000000001
HIGH,HIGH,1,9,2,1,6.866
HIGH,HIGH,0,8,1,0,7.883999999999999
LOW,LOW,0,3,0,0,7.172
LOW,LOW,1,0,1,0,4.752
HIGH,HIGH,0,6,4,2,6.292
HIGH,HIGH,0,7,3,2,5.179333333333334
HIGH,HIGH,1,6,0,0,7.321999999999999
HIGH,HIGH,1,9,2,1,6.186
LOW,LOW,0,5,2,2,7.362
LOW,LOW,1,4,3,2,5.931333333333333
LOW,LOW,0,2,5,4,6.692
LOW,LOW,1,4,3,2,4.999333333333333
HIGH,HIGH,0,7,0,0,6.210000000000001
HIGH,HIGH,0,7,5,3,6.662000000000001
LOW,LOW,0,2,1,0,6.716
LOW,LOW,0,5,4,3,6.01
LOW,LOW,0,5,5,3,5.054
HIGH,HIGH,0,8,1,0,2.73
LOW,LOW,0,4,3,2,6.803333333333334
LOW,LOW,0,1,4,4,5.878
LOW,LOW,0,4,0,0,4.712000000000001
LOW,LOW,0,1,5,4,4.952
LOW,LOW,1,2,0,0,4.832
HIGH,HIGH,0,8,4,1,2.138
LOW,LOW,0,5,5,3,3.116
HIGH,HIGH,1,9,5,2,3.6
LOW,LOW,1,1,2,1,4.35
LOW,LOW,0,0,3,2,2.4953333333333334
HIGH,HIGH,0,8,4,2,3.5200000000000005
LOW,LOW,1,1,0,0,5.741999999999999
HIGH,HIGH,1,7,1,0,1.912
LOW,LOW,1,4,3,2,4.127333333333333
HIGH,HIGH,0,8,1,0,3.358
LOW,LOW,0,4,1,0,3.694
LOW,LOW,1,5,4,2,2.436
HIGH,HIGH,0,6,0,0,5.238
LOW,LOW,1,1,1,0,6.162
LOW,LOW,1,4,2,0,1.942
HIGH,HIGH,1,8,5,3,5.612
LOW,LOW,0,3,5,2,2.5520000000000005
HIGH,HIGH,0,7,5,2,2.426
HIGH,HIGH,1,8,0,0,1.308
HIGH,HIGH,0,7,4,2,3.82
HIGH,HIGH,0,8,2,1,3.794
HIGH,HIGH,1,6,5,3,1.8760000000000003
LOW,LOW,0,0,1,0,5.566
HIGH,HIGH,1,7,1,0,2.912
LOW,LOW,1,3,2,1,1.8280000000000003
LOW,LOW,1,4,3,1,5.1626666666666665
LOW,LOW,0,3,3,2,3.4753333333333334
HIGH,HIGH,1,7,2,1,2.636
LOW,LOW,0,0,4,1,5.932
HIGH,HIGH,0,7,3,1,3.7686666666666655
LOW,LOW,0,4,2,1,5.43
HIGH,HIGH,0,7,1,1,4.8020000000000005
LOW,LOW,1,4,4,3,5.854
LOW,LOW,1,2,5,3,7.138
LOW,LOW,1,2,1,0,5.446
HIGH,HIGH,0,6,5,4,6.134
LOW,LOW,0,1,0,0,5.292
LOW,LOW,1,4,4,3,6.93
HIGH,HIGH,0,9,3,2,6.409333333333334
LOW,LOW,1,3,0,0,3.204
LOW,LOW,1,2,4,0,0.622
LOW,LOW,1,1,4,0,0.0
HIGH,HIGH,1,7,3,0,1.276
HIGH,HIGH,1,6,1,0,1.3
LOW,LOW,1,3,0,0,1.292
LOW,LOW,1,0,1,0,0.942
LOW,LOW,1,0,3,0,1.224
LOW,LOW,1,0,2,0,1.268
HIGH,HIGH,1,6,4,0,0.3359999999999999
LOW,LOW,1,5,2,0,0.018
LOW,LOW,1,4,2,2,5.0
HIGH,HIGH,1,6,4,3,6.808
LOW,LOW,0,1,2,1,6.012
LOW,LOW,1,4,1,0,7.382
HIGH,HIGH,0,8,2,1,6.129999999999999
HIGH,HIGH,0,9,5,2,7.042
LOW,LOW,0,2,1,0,5.62
LOW,LOW,0,2,5,4,5.878
LOW,LOW,0,1,0,0,4.696000000000001
LOW,LOW,0,5,2,1,4.986
LOW,LOW,1,2,1,0,0.6719999999999999
LOW,LOW,1,5,3,2,4.057333333333333
LOW,LOW,1,1,3,1,0.7666666666666666
LOW,LOW,0,1,4,2,3.184
LOW,LOW,1,1,3,1,4.636666666666667
HIGH,HIGH,1,9,2,1,4.685999999999999
LOW,LOW,0,2,1,0,3.338
HIGH,HIGH,0,8,1,0,2.132
HIGH,HIGH,1,8,2,0,4.216
HIGH,HIGH,0,9,3,1,4.712666666666667
HIGH,HIGH,1,8,0,0,0.0
HIGH,HIGH,1,7,3,0,0.636
LOW,LOW,1,1,0,0,1.254
LOW,LOW,1,4,1,0,1.22
HIGH,HIGH,1,8,4,0,0.354
LOW,LOW,1,3,4,0,1.006
LOW,LOW,1,2,4,0,0.742
HIGH,HIGH,1,7,2,0,0.0
LOW,LOW,1,3,2,0,0.942
LOW,LOW,1,4,4,1,1.926
HIGH,HIGH,1,8,5,2,1.37
LOW,LOW,1,0,5,2,2.956
HIGH,HIGH,1,8,2,0,2.544
LOW,LOW,0,5,5,3,2.528
HIGH,HIGH,0,6,5,3,3.874
HIGH,HIGH,0,7,5,3,1.908
LOW,LOW,1,4,1,0,1.304
LOW,LOW,1,5,0,0,2.524
LOW,LOW,0,1,0,0,4.622000000000001
LOW,LOW,0,0,5,3,2.5380000000000003
HIGH,HIGH,1,7,2,1,3.002
HIGH,HIGH,1,6,2,1,4.058
LOW,LOW,0,0,1,0,4.029999999999999
HIGH,HIGH,1,8,2,0,2.478
LOW,LOW,0,5,1,0,2.114
LOW,LOW,1,3,2,1,2.646
LOW,LOW,0,3,4,2,2.4960000000000004
HIGH,HIGH,0,7,3,1,3.440666666666667
HIGH,HIGH,1,7,4,1,3.57
LOW,LOW,0,3,4,2,2.518
LOW,LOW,1,5,0,0,6.04
HIGH,HIGH,0,8,0,0,7.564
LOW,LOW,0,1,1,0,5.944
HIGH,HIGH,0,7,5,4,6.748
HIGH,HIGH,0,6,0,0,5.082
LOW,LOW,0,1,4,3,4.29
HIGH,HIGH,0,6,3,2,5.977333333333333
HIGH,HIGH,0,9,0,0,6.692
LOW,LOW,0,1,2,1,7.366
LOW,LOW,0,0,2,1,4.18
HIGH,HIGH,0,8,1,0,4.358
LOW,LOW,0,3,0,0,4.034
HIGH,HIGH,1,8,3,1,2.746666666666667
LOW,LOW,1,4,5,4,4.986
HIGH,HIGH,0,7,5,3,4.752000000000001
LOW,LOW,0,0,0,0,3.088
HIGH,HIGH,0,6,5,3,3.802
HIGH,HIGH,0,7,3,2,5.063333333333334
HIGH,HIGH,1,6,4,3,5.914
HIGH,HIGH,1,6,5,1,2.724
LOW,LOW,0,2,1,0,8.288
HIGH,HIGH,1,9,1,1,7.21
LOW,LOW,0,3,5,5,3.678
HIGH,HIGH,1,6,4,3,4.031999999999999
LOW,LOW,0,5,4,3,4.882000000000001
LOW,LOW,0,0,5,4,6.5600000000000005
LOW,LOW,1,0,4,3,5.624
HIGH,HIGH,1,7,5,2,4.906
LOW,LOW,1,0,4,3,3.006
LOW,LOW,0,3,3,2,7.449333333333334
HIGH,HIGH,0,6,2,0,4.02
LOW,LOW,1,0,1,0,3.306
LOW,LOW,0,4,2,0,0.7999999999999999
HIGH,HIGH,0,7,1,0,0.7999999999999999
HIGH,HIGH,0,9,2,1,4.766
HIGH,HIGH,0,9,2,1,3.21
LOW,LOW,0,4,4,2,1.826
HIGH,HIGH,1,8,1,0,4.306
LOW,LOW,1,5,2,1,3.262
LOW,LOW,1,4,4,2,3.068
LOW,LOW,1,2,5,3,1.812
LOW,LOW,1,5,1,0,2.228
LOW,LOW,0,2,3,1,3.772666666666667
HIGH,HIGH,0,6,3,1,3.1146666666666665
LOW,LOW,0,2,1,0,1.434
LOW,LOW,1,3,2,1,2.98
LOW,LOW,1,2,0,0,4.2620000000000005
HIGH,HIGH,1,6,1,0,5.194
HIGH,HIGH,0,6,3,2,2.583333333333333
LOW,LOW,0,0,5,3,2.87
LOW,LOW,0,1,1,0,3.9979999999999993
LOW,LOW,0,2,0,0,4.029999999999999
HIGH,HIGH,0,7,4,1,2.098
LOW,LOW,1,0,0,0,3.29
LOW,LOW,1,4,4,1,3.624
LOW,LOW,1,5,2,1,5.849999999999999
LOW,LOW,0,1,4,1,2.166
LOW,LOW,0,5,3,1,1.8306666666666669
LOW,LOW,0,1,4,2,1.518
LOW,LOW,0,3,3,1,2.770666666666667
HIGH,HIGH,1,9,3,0,0.6
HIGH,HIGH,1,8,4,0,1.928
LOW,LOW,1,1,1,0,1.234
HIGH,HIGH,1,8,5,1,0.664
HIGH,HIGH,1,6,5,0,0.0
LOW,LOW,1,5,2,0,1.896
LOW,LOW,1,2,3,0,0.934
LOW,LOW,1,3,3,0,0.644
LOW,LOW,1,4,3,0,1.89
LOW,LOW,1,0,3,0,1.282
LOW,LOW,0,4,2,1,3.32
LOW,LOW,0,4,1,0,1.782
LOW,LOW,0,4,4,3,3.822
LOW,LOW,0,1,3,1,3.884666666666667
LOW,LOW,0,1,2,0,2.722
HIGH,HIGH,1,6,2,1,5.807999999999999
LOW,LOW,1,5,3,1,4.3566666666666665
LOW,LOW,1,3,0,0,1.338
LOW,LOW,0,1,5,2,2.72
LOW,LOW,0,2,4,3,3.788
LOW,LOW,1,0,1,0,3.206
LOW,LOW,0,3,4,1,4.732
LOW,LOW,1,2,0,0,4.168
LOW,LOW,1,2,0,0,4.842
LOW,LOW,0,5,0,0,2.3
HIGH,HIGH,0,6,0,0,4.6160000000000005
HIGH,HIGH,0,7,3,1,6.684666666666667
LOW,LOW,1,1,5,2,2.7
LOW,LOW,1,3,2,0,2.55
LOW,LOW,1,4,1,0,2.236
LOW,LOW,0,2,5,3,6.380000000000001
HIGH,HIGH,0,9,5,3,6.390000000000001
HIGH,HIGH,1,6,1,0,2.566
HIGH,HIGH,1,9,1,0,3.858
LOW,LOW,1,0,4,2,4.342
LOW,LOW,0,5,0,0,3.654
HIGH,HIGH,0,9,2,1,5.33
LOW,LOW,0,1,5,1,3.156
HIGH,HIGH,0,8,5,3,2.178
HIGH,HIGH,0,8,5,2,4.398
HIGH,HIGH,1,9,5,2,3.57
HIGH,HIGH,0,7,5,3,3.83
LOW,LOW,1,5,3,2,5.259333333333333
HIGH,HIGH,0,8,3,1,3.392666666666667
LOW,LOW,1,3,5,2,2.004
HIGH,HIGH,1,6,3,1,0.6666666666666666
HIGH,HIGH,1,6,0,0,3.27
HIGH,HIGH,0,9,0,0,3.634
LOW,LOW,1,5,4,1,3.29
LOW,LOW,1,4,3,1,1.7126666666666668
LOW,LOW,1,1,4,1,0.75
HIGH,HIGH,0,9,2,0,2.4480000000000004
LOW,LOW,1,3,4,0,0.98
HIGH,HIGH,0,9,0,0,2.048
LOW,LOW,1,2,4,3,3.934
HIGH,HIGH,0,9,2,1,0.86
LOW,LOW,1,0,0,0,5.773999999999999
LOW,LOW,1,3,5,3,5.656
HIGH,HIGH,0,6,2,1,4.127999999999999
LOW,LOW,0,2,2,1,4.433999999999999
HIGH,HIGH,1,8,5,1,0.3399999999999999
LOW,LOW,1,2,4,1,0.966
LOW,LOW,1,3,3,0,0.326
LOW,LOW,1,1,3,0,0.8999999999999999
HIGH,HIGH,1,7,5,0,0.0
LOW,LOW,1,2,0,0,1.924
HIGH,HIGH,1,6,2,0,0.3
LOW,LOW,1,5,2,0,1.21
LOW,LOW,1,2,2,0,0.31
LOW,LOW,1,5,5,0,0.358
HIGH,HIGH,1,9,2,0,1.27
LOW,LOW,1,2,2,0,0.394
LOW,LOW,1,0,3,0,1.0439999999999998
LOW,LOW,1,3,4,0,0.308
HIGH,HIGH,1,9,2,0,1.63
LOW,LOW,1,2,1,0,1.892
HIGH,HIGH,0,7,2,0,0.862
LOW,LOW,1,3,3,0,1.676
LOW,LOW,1,1,3,0,0.972
HIGH,HIGH,1,9,2,0,0.0
HIGH,HIGH,1,9,2,0,2.97
LOW,LOW,0,3,2,1,3.244
LOW,LOW,1,4,4,2,3.3080000000000003
HIGH,HIGH,0,9,5,2,1.52
HIGH,HIGH,1,7,0,0,2.274
LOW,LOW,0,0,4,2,3.076
HIGH,HIGH,1,6,1,0,2.634
LOW,LOW,0,4,5,1,3.336
HIGH,HIGH,1,6,0,0,1.584
HIGH,HIGH,0,8,4,2,1.15
LOW,LOW,0,2,1,0,3.104
LOW,LOW,1,3,5,2,1.662
HIGH,HIGH,1,7,5,3,2.038
HIGH,HIGH,0,7,1,0,2.4080000000000004
HIGH,HIGH,1,7,4,2,3.912
HIGH,HIGH,0,7,5,2,2.482
HIGH,HIGH,1,8,3,1,3.8746666666666663
LOW,LOW,1,1,0,0,4.516
LOW,LOW,1,3,4,2,3.684
HIGH,HIGH,0,6,5,3,4.512
LOW,LOW,1,3,4,0,3.48
LOW,LOW,1,4,1,0,4.108
HIGH,HIGH,1,8,1,0,2.0
HIGH,HIGH,0,6,0,0,2.664
HIGH,HIGH,1,8,1,0,1.59
HIGH,HIGH,0,7,4,2,2.126
HIGH,HIGH,1,8,4,2,4.308
LOW,LOW,0,1,1,0,4.398
HIGH,HIGH,1,8,1,0,3.224
LOW,LOW,1,5,0,0,1.348
HIGH,HIGH,0,7,4,2,2.802
HIGH,HIGH,1,7,4,2,5.212
LOW,LOW,1,1,2,1,3.736
HIGH,HIGH,0,7,3,1,4.078666666666667
LOW,LOW,1,1,3,0,6.786
LOW,LOW,1,0,3,2,4.1033333333333335
HIGH,HIGH,0,9,1,0,0.798
LOW,LOW,0,5,2,0,2.716
LOW,LOW,0,0,3,1,0.2666666666666666
LOW,LOW,0,3,5,4,2.5820000000000003
HIGH,HIGH,1,9,5,2,6.122
LOW,LOW,0,1,5,4,7.664
LOW,LOW,0,3,4,3,3.848
LOW,LOW,0,3,4,2,5.473999999999999
HIGH,HIGH,0,8,3,1,6.072666666666666
LOW,LOW,0,3,1,0,5.928
HIGH,HIGH,0,9,5,4,7.992
HIGH,HIGH,1,7,2,1,5.897999999999999
HIGH,HIGH,0,8,0,0,6.117999999999999
LOW,LOW,0,1,4,2,6.3500000000000005
LOW,LOW,0,2,5,4,4.49
HIGH,HIGH,1,6,2,1,5.499999999999999
LOW,LOW,1,2,5,3,3.688
LOW,LOW,0,4,0,0,3.766
LOW,LOW,0,4,0,0,4.684
HIGH,HIGH,0,8,5,4,8.654
HIGH,HIGH,0,7,1,0,2.398
LOW,LOW,1,4,0,0,7.036
HIGH,HIGH,0,7,4,3,6.662000000000001
HIGH,HIGH,0,9,4,3,7.0920000000000005
LOW,LOW,1,4,0,0,0.0
HIGH,HIGH,1,7,2,0,0.948
HIGH,HIGH,1,7,3,1,0.6826666666666666
HIGH,HIGH,1,9,5,1,0.068
HIGH,HIGH,1,7,0,0,0.6579999999999999
LOW,LOW,1,2,3,0,0.3
HIGH,HIGH,1,7,0,0,1.608
LOW,LOW,1,2,3,0,0.024
LOW,LOW,1,2,5,0,1.2
LOW,LOW,1,5,2,0,1.294
HIGH,HIGH,0,6,5,2,1.812
LOW,LOW,1,0,0,0,2.886
LOW,LOW,0,5,4,1,3.352
HIGH,HIGH,0,7,2,1,3.4840000000000004
LOW,LOW,0,1,5,2,2.5460000000000003
LOW,LOW,0,1,2,0,2.43
LOW,LOW,0,0,4,3,5.708
LOW,LOW,1,2,1,0,4.108
LOW,LOW,0,3,1,0,4.892
LOW,LOW,1,0,0,0,2.598
LOW,LOW,0,0,1,1,4.066
LOW,LOW,1,0,5,5,4.658
LOW,LOW,0,2,5,3,5.3740000000000006
HIGH,HIGH,0,6,0,0,6.876
HIGH,HIGH,1,6,1,0,5.693999999999999
LOW,LOW,0,5,5,4,4.604
LOW,LOW,0,0,3,2,5.071333333333334
LOW,LOW,0,3,3,2,4.729333333333335
LOW,LOW,0,1,0,0,5.606
LOW,LOW,0,0,1,1,6.394000000000001
HIGH,HIGH,0,9,2,1,4.542
HIGH,HIGH,0,9,5,3,5.73
LOW,LOW,0,0,2,1,5.877999999999999
LOW,LOW,0,4,3,3,7.398
HIGH,HIGH,1,6,3,2,5.281333333333333
HIGH,HIGH,0,7,3,1,6.156666666666665
HIGH,HIGH,1,7,4,2,5.603999999999999
HIGH,HIGH,0,8,4,3,5.174
HIGH,HIGH,0,6,2,1,7.089999999999999
HIGH,HIGH,1,7,5,4,5.606
LOW,LOW,1,4,2,1,2.96
LOW,LOW,0,5,1,0,1.99
LOW,LOW,0,1,4,3,3.1619999999999995
HIGH,HIGH,1,9,5,2,2.3800000000000003
HIGH,HIGH,1,6,1,0,4.204
HIGH,HIGH,0,9,5,2,4.720000000000001
HIGH,HIGH,0,7,2,1,2.5
HIGH,HIGH,0,6,2,1,0.916
HIGH,HIGH,1,7,2,1,2.318
LOW,LOW,1,0,2,1,4.983999999999999
LOW,LOW,0,4,2,1,4.166
LOW,LOW,1,2,2,0,4.818
LOW,LOW,1,3,4,1,3.628
LOW,LOW,1,5,3,1,3.298666666666667
LOW,LOW,1,1,5,1,3.66
HIGH,HIGH,1,9,3,1,2.658666666666667
HIGH,HIGH,1,8,2,0,1.938
HIGH,HIGH,1,7,4,2,5.037999999999999
LOW,LOW,1,3,3,1,3.658666666666667
LOW,LOW,1,0,3,1,2.736666666666667
LOW,LOW,0,5,2,0,4.072
LOW,LOW,0,1,4,2,3.11
HIGH,HIGH,0,6,5,3,5.44
LOW,LOW,1,3,5,4,5.258
LOW,LOW,0,5,5,2,0.8660000000000001
HIGH,HIGH,1,8,4,3,2.508
LOW,LOW,0,5,2,1,4.04
HIGH,HIGH,0,8,5,3,1.2959999999999998
HIGH,HIGH,0,9,1,0,3.66
HIGH,HIGH,1,8,1,0,0.31
LOW,LOW,1,4,1,0,3.916
HIGH,HIGH,1,9,4,2,3.31
LOW,LOW,1,4,5,1,3.226
HIGH,HIGH,1,8,3,1,2.6606666666666667
HIGH,HIGH,1,6,5,2,2.942
LOW,LOW,0,0,3,2,4.165333333333333
LOW,LOW,1,0,4,1,3.916
LOW,LOW,1,3,0,0,1.678
HIGH,HIGH,1,6,1,0,4.27
LOW,LOW,1,1,3,2,3.977333333333333
LOW,LOW,1,4,4,3,6.036
HIGH,HIGH,1,9,2,2,6.024
LOW,LOW,0,2,3,2,6.209333333333333
LOW,LOW,0,5,5,4,8.033999999999999
LOW,LOW,0,3,0,0,5.082
HIGH,HIGH,0,8,2,2,8.084
LOW,LOW,1,1,5,4,5.837999999999999
HIGH,HIGH,0,9,3,2,6.331333333333334
LOW,LOW,0,3,4,4,6.884
LOW,LOW,0,5,1,0,4.9
HIGH,HIGH,1,7,0,0,3.512
LOW,LOW,1,3,1,0,2.006
HIGH,HIGH,1,6,3,1,2.606666666666667
HIGH,HIGH,1,7,3,0,2.248
HIGH,HIGH,0,9,2,1,4.409999999999999
HIGH,HIGH,1,6,0,0,1.746
LOW,LOW,1,5,3,2,4.8693333333333335
LOW,LOW,0,4,2,0,3.692
LOW,LOW,0,4,3,2,3.465333333333333
HIGH,HIGH,1,7,3,1,3.6606666666666663
LOW,LOW,1,4,4,0,0.3
LOW,LOW,1,3,4,0,0.958
LOW,LOW,1,2,0,0,0.914
LOW,LOW,1,2,4,0,0.966
LOW,LOW,0,5,5,0,0.752
HIGH,HIGH,1,6,1,0,1.836
HIGH,HIGH,1,8,5,0,1.588
LOW,LOW,1,5,1,0,0.048
HIGH,HIGH,1,6,5,0,0.606
LOW,LOW,1,5,3,0,0.778
HIGH,HIGH,1,8,4,3,2.416
HIGH,HIGH,0,9,2,0,2.718
HIGH,HIGH,1,8,2,1,2.666
LOW,LOW,1,3,5,3,3.2960000000000003
HIGH,HIGH,0,6,3,2,1.905333333333333
LOW,LOW,0,3,2,1,6.986
HIGH,HIGH,0,6,3,1,4.054666666666666
LOW,LOW,1,1,0,0,1.654
HIGH,HIGH,0,7,1,0,3.3880000000000003
LOW,LOW,1,0,5,3,1.854
LOW,LOW,0,2,2,1,5.122
HIGH,HIGH,1,7,0,0,2.842
HIGH,HIGH,1,7,1,0,1.252
LOW,LOW,1,1,3,1,7.166666666666666
HIGH,HIGH,1,6,2,1,2.026
LOW,LOW,1,1,0,0,2.572
LOW,LOW,0,5,2,1,2.81
LOW,LOW,1,0,4,3,3.464
LOW,LOW,0,3,4,2,2.164
LOW,LOW,0,0,1,0,2.736
LOW,LOW,1,3,3,0,0.322
HIGH,HIGH,1,8,2,0,0.986
HIGH,HIGH,1,8,0,0,0.304
HIGH,HIGH,1,8,3,0,1.642
LOW,LOW,1,1,0,0,0.946
LOW,LOW,1,0,2,0,2.21
HIGH,HIGH,1,9,2,0,1.29
LOW,LOW,1,3,5,0,0.978
LOW,LOW,1,4,1,0,0.01
LOW,LOW,1,1,5,1,0.062
LOW,LOW,1,3,5,4,7.16
HIGH,HIGH,1,6,1,0,8.31
LOW,LOW,0,1,5,4,6.874
LOW,LOW,1,2,0,0,6.772
LOW,LOW,0,0,5,4,5.246
LOW,LOW,1,3,3,3,6.952
LOW,LOW,0,1,1,0,7.278
HIGH,HIGH,0,9,2,1,5.196
LOW,LOW,0,1,1,0,5.112
LOW,LOW,0,5,3,2,6.403333333333334
LOW,LOW,0,2,0,0,2.9519999999999995
HIGH,HIGH,1,6,1,0,3.482
HIGH,HIGH,1,8,5,2,2.652
HIGH,HIGH,0,7,2,1,3.486
LOW,LOW,1,0,4,1,2.632
LOW,LOW,1,2,0,0,2.55
LOW,LOW,0,5,1,0,3.082
HIGH,HIGH,1,7,0,0,2.942
LOW,LOW,1,1,1,0,2.612
LOW,LOW,1,1,5,3,2.984
LOW,LOW,0,4,0,0,5.085999999999999
HIGH,HIGH,0,9,4,3,7.986
HIGH,HIGH,0,8,2,1,6.036
HIGH,HIGH,1,6,2,1,4.593999999999999
HIGH,HIGH,0,7,5,4,3.294
LOW,LOW,0,2,1,0,6.073999999999999
LOW,LOW,0,2,2,2,5.82
HIGH,HIGH,0,8,2,2,6.500000000000001
HIGH,HIGH,1,7,4,2,6.872
LOW,LOW,1,3,3,2,3.633333333333333
HIGH,HIGH,0,6,4,3,6.718000000000001
LOW,LOW,0,5,5,5,7.0600000000000005
HIGH,HIGH,0,6,3,2,4.661333333333334
LOW,LOW,0,3,4,2,5.501999999999999
LOW,LOW,0,4,2,1,7.226
LOW,LOW,1,4,0,0,3.196
HIGH,HIGH,0,9,5,4,6.152
LOW,LOW,1,5,5,5,8.989999999999998
HIGH,HIGH,1,6,3,2,5.281333333333333
HIGH,HIGH,0,7,2,1,6.181999999999999
HIGH,HIGH,1,9,3,0,0.0
LOW,LOW,1,0,3,0,1.274
LOW,LOW,1,1,2,0,0.6779999999999999
HIGH,HIGH,1,9,3,0,0.0
HIGH,HIGH,1,9,1,0,0.0
LOW,LOW,1,4,5,1,0.424
HIGH,HIGH,1,9,0,0,0.324
LOW,LOW,1,5,5,0,1.292
LOW,LOW,1,0,1,0,0.324
LOW,LOW,1,2,2,0,0.618
HIGH,HIGH,0,7,3,0,3.428
LOW,LOW,0,3,2,1,4.716
LOW,LOW,1,3,2,1,2.95
LOW,LOW,0,0,5,2,3.4800000000000004
LOW,LOW,1,3,1,0,1.7200000000000002
LOW,LOW,0,1,4,2,0.956
HIGH,HIGH,0,6,2,1,4.462
LOW,LOW,0,0,4,1,4.369999999999999
LOW,LOW,0,0,5,2,6.093999999999999
HIGH,HIGH,0,6,0,0,1.4659999999999995
LOW,LOW,0,4,3,0,3.664
LOW,LOW,1,0,0,0,3.314
LOW,LOW,1,4,2,1,3.97
HIGH,HIGH,1,6,0,0,5.148
LOW,LOW,1,5,0,0,2.666
LOW,LOW,1,1,2,1,4.334
LOW,LOW,1,2,4,2,1.7360000000000002
LOW,LOW,0,5,5,1,3.686
HIGH,HIGH,1,6,0,0,2.214
LOW,LOW,0,0,0,0,4.282
LOW,LOW,1,4,2,1,3.398
HIGH,HIGH,1,7,4,1,3.542
LOW,LOW,1,5,4,2,3.238
LOW,LOW,0,1,1,0,3.726
HIGH,HIGH,0,9,5,4,3.894
HIGH,HIGH,1,7,0,0,2.066
LOW,LOW,1,4,5,2,4.49
LOW,LOW,0,0,0,0,2.436
LOW,LOW,1,1,4,1,2.616
LOW,LOW,0,3,2,1,5.426
LOW,LOW,1,4,1,0,4.901999999999999
LOW,LOW,1,5,3,2,2.857333333333333
LOW,LOW,0,3,4,1,4.39
LOW,LOW,1,4,5,3,4.257999999999999
LOW,LOW,0,4,2,1,2.252
LOW,LOW,0,4,2,1,4.462
HIGH,HIGH,1,8,4,1,4.53
HIGH,HIGH,1,9,3,1,4.200666666666667
LOW,LOW,1,4,1,0,4.072
LOW,LOW,1,0,3,1,3.6126666666666662
LOW,LOW,1,2,0,0,4.564
HIGH,HIGH,0,7,0,0,3.668
LOW,LOW,1,4,5,2,3.574
HIGH,HIGH,0,7,3,1,4.108666666666666
LOW,LOW,0,3,5,2,3.076
LOW,LOW,0,0,5,5,5.134
LOW,LOW,0,3,1,0,3.38
HIGH,HIGH,1,6,0,0,2.976
HIGH,HIGH,0,6,0,0,3.962
HIGH,HIGH,1,8,5,2,3.906
LOW,LOW,1,1,5,2,5.481999999999999
LOW,LOW,1,1,4,2,4.914
LOW,LOW,0,1,0,0,2.056
LOW,LOW,0,0,5,2,3.182
LOW,LOW,0,0,4,2,2.006
LOW,LOW,0,3,3,1,3.8046666666666655
HIGH,HIGH,1,9,4,3,2.396
HIGH,HIGH,1,6,3,0,0.3379999999999999
LOW,LOW,0,4,0,0,0.8
HIGH,HIGH,1,9,3,2,0.8053333333333332
LOW,LOW,1,1,5,2,2.406
HIGH,HIGH,0,9,3,2,4.151333333333333
LOW,LOW,0,3,5,2,4.061999999999999
LOW,LOW,0,2,3,2,0.6333333333333333
LOW,LOW,0,5,0,0,5.342
LOW,LOW,0,1,4,1,1.922
HIGH,HIGH,0,6,4,2,4.401999999999999
LOW,LOW,1,3,2,1,5.265999999999999
LOW,LOW,1,5,1,0,1.0419999999999998
HIGH,HIGH,1,7,4,3,3.662
HIGH,HIGH,0,8,3,2,7.1593333333333335
HIGH,HIGH,0,8,1,1,4.556
HIGH,HIGH,0,6,3,2,7.001333333333334
HIGH,HIGH,1,8,5,4,6.546
HIGH,HIGH,0,6,3,2,6.209333333333333
LOW,LOW,0,0,3,3,6.424
HIGH,HIGH,1,9,0,0,3.896
LOW,LOW,0,4,4,3,6.418000000000001
LOW,LOW,0,0,0,0,6.902
LOW,LOW,0,3,5,3,6.177999999999999
LOW,LOW,0,2,3,2,7.507333333333333
LOW,LOW,0,3,0,0,6.808
LOW,LOW,0,2,5,4,6.158
HIGH,HIGH,1,6,5,5,5.26
LOW,LOW,0,2,5,3,5.71
HIGH,HIGH,0,6,4,3,6.258
HIGH,HIGH,0,8,2,1,5.52
LOW,LOW,0,4,5,3,5.882
HIGH,HIGH,0,7,5,4,6.136
HIGH,HIGH,0,9,2,1,6.722
LOW,LOW,0,3,3,2,2.305333333333333
LOW,LOW,1,4,4,2,1.4560000000000002
LOW,LOW,0,4,2,1,3.78
LOW,LOW,0,3,3,1,3.400666666666667
HIGH,HIGH,0,7,0,0,2.766
LOW,LOW,0,0,4,2,0.946
LOW,LOW,0,2,3,2,5.135333333333334
LOW,LOW,0,5,3,1,4.070666666666666
HIGH,HIGH,1,7,2,1,3.266
LOW,LOW,0,2,4,2,4.451999999999999
LOW,LOW,1,4,0,0,3.232
HIGH,HIGH,1,7,4,2,0.7
HIGH,HIGH,1,7,0,0,0.3
LOW,LOW,1,1,4,2,5.587999999999999
HIGH,HIGH,1,9,5,2,4.548
LOW,LOW,0,5,3,1,6.714666666666667
LOW,LOW,1,5,4,2,2.752
LOW,LOW,1,1,1,0,1.966
HIGH,HIGH,1,8,0,0,3.502
HIGH,HIGH,1,9,2,1,2.51
LOW,LOW,0,2,3,2,5.093333333333334
LOW,LOW,0,5,0,0,7.295999999999999
LOW,LOW,0,4,1,0,4.736
HIGH,HIGH,0,7,0,0,3.18
LOW,LOW,0,4,5,4,7.34
LOW,LOW,0,3,3,2,5.505333333333334
HIGH,HIGH,0,9,0,0,4.984
LOW,LOW,0,5,5,4,5.75
LOW,LOW,0,4,5,5,4.577999999999999
HIGH,HIGH,0,7,1,0,6.949999999999999
LOW,LOW,1,1,5,0,0.6
LOW,LOW,1,5,2,0,0.628
HIGH,HIGH,1,6,5,0,0.0
HIGH,HIGH,1,6,1,0,0.0
LOW,LOW,1,4,5,0,1.306
LOW,LOW,1,4,5,0,1.574
HIGH,HIGH,1,7,5,1,1.638
LOW,LOW,1,2,4,0,0.3
HIGH,HIGH,1,6,5,0,0.006
LOW,LOW,1,3,0,0,1.256
LOW,LOW,1,0,5,2,0.728
HIGH,HIGH,1,7,4,1,2.09
LOW,LOW,0,5,5,2,2.472
HIGH,HIGH,1,8,4,1,2.274
HIGH,HIGH,1,9,4,1,0.724
LOW,LOW,1,4,2,1,2.3080000000000003
LOW,LOW,1,0,1,0,5.821999999999999
LOW,LOW,1,2,1,0,5.449999999999999
HIGH,HIGH,0,8,4,2,4.424
HIGH,HIGH,1,9,2,1,3.294
LOW,LOW,0,2,1,0,3.714
LOW,LOW,1,3,4,1,2.95
LOW,LOW,1,4,5,1,2.606
LOW,LOW,1,4,4,0,2.026
LOW,LOW,1,0,1,0,4.2
LOW,LOW,1,4,3,2,4.287333333333333
LOW,LOW,1,5,1,0,3.204
HIGH,HIGH,1,6,0,0,0.0999999999999999
HIGH,HIGH,1,6,2,1,0.854
HIGH,HIGH,1,6,5,2,4.84
LOW,LOW,1,4,4,2,3.724
LOW,LOW,0,5,4,1,2.866
HIGH,HIGH,0,6,5,3,3.114
LOW,LOW,1,3,0,0,5.084
HIGH,HIGH,0,7,2,1,1.308
HIGH,HIGH,1,7,4,2,6.142
LOW,LOW,1,1,3,2,0.4333333333333333
HIGH,HIGH,0,8,0,0,4.334
LOW,LOW,0,2,3,1,6.870666666666667
LOW,LOW,0,4,4,1,1.5339999999999998
HIGH,HIGH,0,7,0,0,6.414
HIGH,HIGH,1,9,0,0,6.776
HIGH,HIGH,1,7,2,0,6.744
LOW,LOW,1,2,5,4,5.26
LOW,LOW,0,2,1,0,6.012
HIGH,HIGH,1,9,5,3,4.546
LOW,LOW,0,2,3,2,6.757333333333334
LOW,LOW,0,1,1,0,4.337999999999999
HIGH,HIGH,0,9,5,2,6.582000000000001
HIGH,HIGH,0,8,0,0,5.534
HIGH,HIGH,1,9,1,0,2.3400000000000003
HIGH,HIGH,1,9,1,0,4.826
LOW,LOW,1,4,0,0,0.032
LOW,LOW,1,1,3,1,3.262666666666667
HIGH,HIGH,1,8,0,0,5.784
HIGH,HIGH,1,6,2,0,3.15
LOW,LOW,1,3,0,0,4.158
LOW,LOW,0,2,0,0,2.9799999999999995
HIGH,HIGH,1,8,1,0,3.52
LOW,LOW,0,4,2,0,3.708
LOW,LOW,0,4,3,2,0.6793333333333333
LOW,LOW,1,0,5,3,2.038
HIGH,HIGH,0,8,2,1,5.815999999999999
HIGH,HIGH,1,8,5,3,3.4400000000000004
LOW,LOW,1,1,1,0,3.73
LOW,LOW,0,3,2,1,4.142
LOW,LOW,0,5,5,4,3.5
HIGH,HIGH,1,7,2,1,5.001999999999999
HIGH,HIGH,0,8,0,0,4.652000000000001
LOW,LOW,1,2,2,1,2.016
LOW,LOW,0,2,1,0,5.805999999999999
HIGH,HIGH,0,7,0,0,4.05
LOW,LOW,0,2,2,1,5.088
HIGH,HIGH,0,8,5,4,6.7940000000000005
HIGH,HIGH,0,8,4,3,8.107999999999999
HIGH,HIGH,0,9,1,0,6.5760000000000005
LOW,LOW,0,1,1,0,5.709999999999999
HIGH,HIGH,0,7,3,1,5.748666666666666
HIGH,HIGH,0,9,3,2,5.731333333333334
LOW,LOW,0,4,1,0,6.234000000000001
LOW,LOW,1,0,2,1,3.3600000000000003
HIGH,HIGH,0,7,2,0,2.076
LOW,LOW,0,2,5,2,3.452
LOW,LOW,1,4,1,0,2.872
LOW,LOW,0,5,3,1,4.086666666666667
LOW,LOW,0,0,3,1,4.1306666666666665
LOW,LOW,1,5,5,2,4.908
HIGH,HIGH,0,8,3,1,3.4026666666666667
LOW,LOW,0,4,4,1,1.194
LOW,LOW,1,2,2,0,3.282
LOW,LOW,0,4,3,1,4.332666666666666
LOW,LOW,1,3,2,1,2.33
LOW,LOW,1,0,5,2,4.868
LOW,LOW,1,1,3,1,3.248666666666667
LOW,LOW,1,2,2,0,3.302
HIGH,HIGH,0,6,3,1,0.9446666666666664
LOW,LOW,1,5,3,1,3.290666666666667
LOW,LOW,0,3,5,3,2.51
LOW,LOW,0,5,2,1,2.436
HIGH,HIGH,1,8,1,0,1.644
LOW,LOW,0,1,0,0,2.08
LOW,LOW,0,2,0,0,1.45
LOW,LOW,1,2,1,0,2.89
LOW,LOW,0,4,3,1,3.492666666666667
LOW,LOW,1,1,4,3,2.36
LOW,LOW,0,0,0,0,0.562
LOW,LOW,1,5,4,2,4.212
HIGH,HIGH,1,8,2,0,4.164
HIGH,HIGH,1,9,0,0,1.39
HIGH,HIGH,0,7,4,2,2.43
HIGH,HIGH,0,6,4,2,2.512
LOW,LOW,0,5,5,2,1.798
HIGH,HIGH,1,9,0,0,3.928
HIGH,HIGH,1,6,5,2,3.26
LOW,LOW,0,0,0,0,4.586
LOW,LOW,0,2,3,0,2.742
LOW,LOW,1,1,5,1,3.586
LOW,LOW,0,3,3,1,2.462666666666667
HIGH,HIGH,1,9,0,0,2.612
HIGH,HIGH,0,8,0,0,4.054
HIGH,HIGH,1,9,1,0,2.946
LOW,LOW,0,3,5,3,3.154
HIGH,HIGH,0,6,1,0,4.327999999999999
LOW,LOW,1,1,1,0,2.262
HIGH,HIGH,1,6,4,1,2.264
HIGH,HIGH,0,9,1,0,2.756
HIGH,HIGH,1,8,2,1,5.446
LOW,LOW,1,3,2,1,3.028
LOW,LOW,1,2,3,2,3.591333333333333
LOW,LOW,1,3,2,1,3.912
HIGH,HIGH,1,9,3,2,3.663333333333333
HIGH,HIGH,0,6,1,0,4.308
LOW,LOW,1,3,3,2,2.989333333333333
LOW,LOW,1,0,5,4,3.718
HIGH,HIGH,1,8,4,2,4.688
LOW,LOW,0,2,3,2,1.9433333333333331
HIGH,HIGH,1,7,1,0,3.796
LOW,LOW,0,2,1,0,3.024
LOW,LOW,0,4,4,3,2.298
HIGH,HIGH,1,7,2,0,7.374
HIGH,HIGH,0,9,0,0,1.802
LOW,LOW,1,4,2,0,3.504
LOW,LOW,0,1,3,2,4.095333333333333
LOW,LOW,0,1,2,1,2.16
LOW,LOW,0,0,4,2,4.052
HIGH,HIGH,0,8,1,0,3.678
HIGH,HIGH,1,7,5,2,2.948
LOW,LOW,0,4,3,1,4.080666666666667
HIGH,HIGH,0,7,2,0,2.11
LOW,LOW,1,5,5,4,5.592
LOW,LOW,0,3,3,3,4.192
LOW,LOW,0,0,4,2,6.89
HIGH,HIGH,0,6,4,3,5.208
LOW,LOW,0,2,5,5,3.88
LOW,LOW,0,3,0,0,5.348
LOW,LOW,0,3,5,2,6.646
LOW,LOW,0,4,4,4,8.432
LOW,LOW,1,4,3,2,3.619333333333333
HIGH,HIGH,1,6,1,0,4.456
LOW,LOW,0,3,5,5,6.92
LOW,LOW,1,5,5,0,0.3
LOW,LOW,1,1,3,0,0.984
HIGH,HIGH,1,7,0,0,1.02
HIGH,HIGH,1,8,4,0,0.644
HIGH,HIGH,1,6,3,0,0.966
LOW,LOW,1,3,3,0,1.214
LOW,LOW,1,0,0,0,1.594
LOW,LOW,1,2,0,0,0.6619999999999999
HIGH,HIGH,1,6,1,0,0.392
LOW,LOW,1,0,3,0,0.6
LOW,LOW,0,4,5,4,4.462
LOW,LOW,0,5,2,1,2.2419999999999995
HIGH,HIGH,1,9,1,0,5.485999999999999
HIGH,HIGH,0,6,0,0,1.118
HIGH,HIGH,1,6,1,0,2.918
LOW,LOW,1,2,1,0,1.554
HIGH,HIGH,0,7,0,0,3.286
LOW,LOW,1,0,1,0,2.858
HIGH,HIGH,1,7,1,0,2.874
LOW,LOW,0,1,5,2,3.478
HIGH,HIGH,1,7,4,2,3.28
LOW,LOW,0,0,5,2,4.746
LOW,LOW,1,5,1,0,3.964
HIGH,HIGH,1,8,1,0,2.574
HIGH,HIGH,1,9,1,0,4.434
LOW,LOW,0,3,5,2,5.090000000000001
LOW,LOW,1,2,2,1,3.57
HIGH,HIGH,0,7,4,1,2.762
LOW,LOW,1,5,3,1,5.2026666666666666
LOW,LOW,1,4,3,1,4.566666666666666
HIGH,HIGH,0,9,3,2,2.537333333333333
HIGH,HIGH,1,8,5,2,4.144
LOW,LOW,0,1,3,2,0.9693333333333332
HIGH,HIGH,1,9,4,1,4.236
HIGH,HIGH,1,7,1,1,1.212
HIGH,HIGH,0,9,2,1,1.22
HIGH,HIGH,1,6,0,0,1.554
HIGH,HIGH,1,7,0,0,0.998
HIGH,HIGH,0,6,1,0,1.504
LOW,LOW,0,3,4,2,3.114
HIGH,HIGH,1,8,1,0,0.8999999999999999
LOW,LOW,1,4,0,0,2.216
HIGH,HIGH,1,6,2,0,1.876
HIGH,HIGH,1,8,3,0,0.3
LOW,LOW,1,0,4,0,1.008
HIGH,HIGH,1,8,3,0,1.754
LOW,LOW,1,2,4,0,0.6739999999999999
LOW,LOW,1,1,1,0,0.0
LOW,LOW,1,3,2,0,0.604
HIGH,HIGH,1,9,4,0,0.6739999999999999
HIGH,HIGH,0,7,4,2,4.156
LOW,LOW,1,4,1,0,4.516
HIGH,HIGH,1,8,4,2,3.078
HIGH,HIGH,0,7,1,0,3.606
LOW,LOW,0,1,5,3,5.0760000000000005
HIGH,HIGH,0,9,0,0,6.54
HIGH,HIGH,1,6,1,0,0.3
HIGH,HIGH,0,8,0,0,2.69
LOW,LOW,0,4,5,2,1.254
HIGH,HIGH,1,6,4,1,4.558
HIGH,HIGH,0,7,2,2,9.057999999999998
HIGH,HIGH,1,7,2,1,9.377999999999998
HIGH,HIGH,1,9,3,2,6.239333333333334
HIGH,HIGH,0,8,3,2,7.897333333333333
HIGH,HIGH,1,8,4,3,6.53
HIGH,HIGH,1,9,4,3,5.24
LOW,LOW,0,3,1,0,5.707999999999999
LOW,LOW,1,4,1,0,6.478
HIGH,HIGH,1,8,0,0,4.83
HIGH,HIGH,1,9,2,1,6.486
LOW,LOW,1,0,2,0,0.6719999999999999
HIGH,HIGH,1,8,3,0,0.0
LOW,LOW,1,3,5,0,0.024
HIGH,HIGH,1,8,2,0,0.028
LOW,LOW,1,3,0,0,0.602
LOW,LOW,1,2,2,1,0.1
LOW,LOW,1,0,1,0,0.914
LOW,LOW,1,2,3,0,0.93
HIGH,HIGH,1,9,4,1,1.4540000000000002
LOW,LOW,1,1,5,1,1.008
HIGH,HIGH,1,7,2,0,0.64
HIGH,HIGH,1,6,3,0,0.924
LOW,LOW,1,5,0,0,1.252
HIGH,HIGH,1,9,1,0,0.978
LOW,LOW,1,5,1,0,1.224
LOW,LOW,1,4,4,0,0.3
LOW,LOW,1,3,1,0,1.308
LOW,LOW,1,5,2,0,0.1699999999999999
LOW,LOW,1,3,4,0,1.298
HIGH,HIGH,1,9,0,0,1.846
LOW,LOW,0,5,0,0,2.714
LOW,LOW,1,0,1,0,0.628
LOW,LOW,1,2,1,0,2.038
LOW,LOW,1,4,3,1,4.874666666666666
LOW,LOW,1,0,4,0,4.476
LOW,LOW,1,5,1,0,3.59
HIGH,HIGH,1,7,0,0,3.184
HIGH,HIGH,1,7,5,1,2.346
HIGH,HIGH,0,8,2,0,4.288
LOW,LOW,1,3,1,0,2.868
LOW,LOW,1,2,2,0,0.6659999999999999
HIGH,HIGH,1,9,5,0,0.056
LOW,LOW,1,1,3,0,0.3
HIGH,HIGH,1,6,0,0,1.63
HIGH,HIGH,1,6,1,0,0.3
HIGH,HIGH,1,7,0,0,0.906
LOW,LOW,1,3,5,0,0.0
HIGH,HIGH,1,8,2,0,1.3159999999999998
HIGH,HIGH,1,6,5,0,1.614
HIGH,HIGH,0,8,1,0,1.0699999999999998
LOW,LOW,1,0,4,1,3.816
HIGH,HIGH,1,8,5,1,2.42
HIGH,HIGH,0,9,1,0,4.670000000000001
LOW,LOW,1,0,4,1,2.99
LOW,LOW,0,4,1,0,3.348
LOW,LOW,1,3,5,3,1.114
HIGH,HIGH,0,9,1,0,3.338
LOW,LOW,1,4,4,2,2.02
HIGH,HIGH,1,6,3,1,3.9766666666666666
HIGH,HIGH,0,8,4,2,2.528
LOW,LOW,1,5,4,2,4.369999999999999
HIGH,HIGH,1,9,1,0,3.802
LOW,LOW,1,2,0,0,1.648
LOW,LOW,1,1,1,0,2.556
HIGH,HIGH,1,7,3,1,2.1106666666666665
LOW,LOW,1,1,0,0,0.944
LOW,LOW,1,3,5,1,1.98
LOW,LOW,0,0,3,1,1.5486666666666666
LOW,LOW,1,1,3,1,3.312666666666667
LOW,LOW,0,3,4,1,2.378
LOW,LOW,1,1,0,0,4.154
LOW,LOW,1,2,1,0,2.224
HIGH,HIGH,1,9,2,0,2.896
LOW,LOW,1,0,4,2,2.582
LOW,LOW,1,5,2,0,3.614
LOW,LOW,0,3,0,0,3.404
HIGH,HIGH,1,6,0,0,2.478
LOW,LOW,0,3,3,1,4.706666666666667
LOW,LOW,0,1,2,0,1.154
LOW,LOW,1,1,1,0,2.592
LOW,LOW,1,0,4,0,1.254
LOW,LOW,1,4,2,0,0.992
LOW,LOW,1,3,2,0,0.648
LOW,LOW,1,0,3,0,0.3319999999999999
LOW,LOW,1,3,4,0,1.906
HIGH,HIGH,1,6,3,0,0.3
LOW,LOW,1,1,0,0,0.01
LOW,LOW,1,5,2,0,0.944
HIGH,HIGH,1,6,1,0,0.024
HIGH,HIGH,1,9,0,0,1.908
HIGH,HIGH,1,7,3,2,2.6653333333333333
LOW,LOW,1,4,4,3,3.256
LOW,LOW,0,2,1,0,3.048
LOW,LOW,0,3,1,0,4.61
LOW,LOW,0,2,3,1,3.492666666666667
LOW,LOW,0,4,0,0,3.028
LOW,LOW,1,5,0,0,2.234
HIGH,HIGH,1,8,5,3,2.43
LOW,LOW,1,2,0,0,2.516
HIGH,HIGH,1,7,4,2,2.106
HIGH,HIGH,1,7,0,0,3.87
LOW,LOW,0,4,1,0,3.654
HIGH,HIGH,1,7,0,0,4.48
LOW,LOW,1,0,3,2,2.789333333333333
LOW,LOW,0,4,2,0,4.676
LOW,LOW,1,1,3,2,3.263333333333333
LOW,LOW,1,5,2,1,1.0579999999999998
HIGH,HIGH,1,7,0,0,4.178
LOW,LOW,1,3,2,1,1.356
LOW,LOW,0,2,1,0,3.018
LOW,LOW,0,3,2,1,2.51
LOW,LOW,1,1,5,3,4.0
HIGH,HIGH,0,7,3,1,2.546666666666667
LOW,LOW,0,5,0,0,4.652000000000001
HIGH,HIGH,0,7,0,0,1.424
LOW,LOW,0,5,4,1,4.359999999999999
LOW,LOW,1,4,1,0,2.02
LOW,LOW,1,3,2,0,2.214
LOW,LOW,1,5,1,0,4.54
HIGH,HIGH,1,9,5,2,3.876
LOW,LOW,1,2,4,0,5.128
LOW,LOW,1,0,0,0,0.6679999999999999
HIGH,HIGH,0,8,3,1,5.040666666666667
LOW,LOW,1,5,0,0,3.59
LOW,LOW,0,0,4,2,4.78
LOW,LOW,0,3,3,2,3.875333333333333
LOW,LOW,1,2,4,2,1.0559999999999998
LOW,LOW,1,0,4,2,2.016
HIGH,HIGH,0,6,0,0,5.0440000000000005
LOW,LOW,1,0,2,1,2.93
LOW,LOW,1,3,2,0,0.002
HIGH,HIGH,1,6,2,0,0.932
HIGH,HIGH,1,9,5,1,1.684
LOW,LOW,1,3,2,0,0.688
HIGH,HIGH,1,8,3,0,0.94
LOW,LOW,1,1,1,0,1.0259999999999998
LOW,LOW,1,3,4,0,0.708
HIGH,HIGH,1,9,1,0,0.3
HIGH,HIGH,1,7,2,0,1.56
LOW,LOW,1,0,5,0,0.356
HIGH,HIGH,1,8,5,3,2.996
LOW,LOW,0,0,2,0,3.804
LOW,LOW,1,0,2,1,3.022
HIGH,HIGH,0,6,4,2,3.444
LOW,LOW,1,0,1,0,2.614
HIGH,HIGH,1,6,2,0,1.974
HIGH,HIGH,0,9,4,1,4.031999999999999
LOW,LOW,1,4,2,0,2.57
LOW,LOW,1,5,0,0,3.816
LOW,LOW,0,2,5,1,1.196
LOW,LOW,0,3,4,1,2.816
LOW,LOW,0,4,5,2,3.804
HIGH,HIGH,1,8,4,2,4.94
LOW,LOW,1,4,4,2,4.34
LOW,LOW,1,2,1,0,2.3520000000000003
LOW,LOW,1,4,5,4,0.18
HIGH,HIGH,0,9,4,1,3.45
LOW,LOW,0,5,2,0,2.99
HIGH,HIGH,0,6,3,2,3.5153333333333334
HIGH,HIGH,0,9,1,0,6.214
LOW,LOW,1,3,4,0,0.636
LOW,LOW,1,3,3,0,0.3399999999999999
HIGH,HIGH,1,9,2,0,0.6
LOW,LOW,1,4,2,0,0.95
HIGH,HIGH,1,6,1,0,0.0999999999999999
LOW,LOW,1,1,4,0,0.968
HIGH,HIGH,1,6,3,0,0.946
HIGH,HIGH,1,6,5,0,1.97
LOW,LOW,1,5,5,0,0.6
LOW,LOW,1,3,0,0,0.974
LOW,LOW,1,2,3,2,8.883333333333333
LOW,LOW,0,1,2,1,6.06
HIGH,HIGH,1,7,5,4,7.528
LOW,LOW,0,1,3,1,6.362666666666667
LOW,LOW,0,5,0,0,6.774
HIGH,HIGH,0,6,3,1,5.070666666666667
HIGH,HIGH,0,6,0,0,5.51
LOW,LOW,0,5,3,1,3.484666666666667
LOW,LOW,0,1,5,3,4.734000000000001
LOW,LOW,1,1,2,1,6.152
LOW,LOW,1,2,0,0,4.238
LOW,LOW,1,0,3,1,3.970666666666667
HIGH,HIGH,1,7,3,1,4.926666666666666
LOW,LOW,0,3,2,1,2.936
LOW,LOW,0,5,1,0,4.272
LOW,LOW,1,5,5,2,0.506
HIGH,HIGH,0,7,0,0,1.146
LOW,LOW,1,0,5,2,2.658
LOW,LOW,0,3,1,0,2.32
LOW,LOW,1,4,3,2,5.657333333333333
LOW,LOW,0,0,5,3,1.5559999999999998
LOW,LOW,0,4,4,1,5.991999999999999
LOW,LOW,1,0,4,1,2.3
LOW,LOW,0,3,1,0,4.674
LOW,LOW,1,3,0,0,2.21
HIGH,HIGH,0,7,1,0,6.238
LOW,LOW,1,5,1,0,1.988
HIGH,HIGH,0,9,5,2,4.424
LOW,LOW,0,0,1,0,4.282
HIGH,HIGH,0,7,0,0,2.702
LOW,LOW,0,4,4,2,2.744
HIGH,HIGH,1,7,2,1,3.64
HIGH,HIGH,0,8,0,0,2.674
HIGH,HIGH,1,8,2,1,0.15
HIGH,HIGH,0,8,4,1,2.412
HIGH,HIGH,1,9,3,1,0.7406666666666666
LOW,LOW,1,3,2,0,2.52
HIGH,HIGH,0,6,0,0,4.392
HIGH,HIGH,1,8,3,1,3.8966666666666665
LOW,LOW,1,1,4,1,2.256
HIGH,HIGH,1,8,5,3,1.8140000000000005
LOW,LOW,1,0,5,4,3.052
LOW,LOW,0,0,2,0,4.367999999999999
LOW,LOW,0,2,2,0,3.686
HIGH,HIGH,0,8,0,0,2.108
HIGH,HIGH,0,6,2,1,5.116
HIGH,HIGH,0,8,3,2,3.117333333333333
HIGH,HIGH,1,6,3,0,4.524
LOW,LOW,0,0,2,1,4.021999999999999
HIGH,HIGH,1,9,5,2,3.3280000000000003
LOW,LOW,0,5,1,0,3.67
HIGH,HIGH,1,7,2,0,3.194
HIGH,HIGH,1,9,1,0,0.3999999999999999
HIGH,HIGH,0,8,5,2,4.446
HIGH,HIGH,1,7,0,0,0.0
HIGH,HIGH,0,8,2,0,2.76
LOW,LOW,1,3,0,0,2.678
HIGH,HIGH,1,6,2,0,2.012
LOW,LOW,1,4,2,1,2.268
LOW,LOW,1,2,3,1,1.338666666666667
HIGH,HIGH,1,6,3,1,3.8886666666666665
HIGH,HIGH,0,6,5,3,2.624
LOW,LOW,0,5,0,0,1.778
HIGH,HIGH,1,6,3,2,2.707333333333333
LOW,LOW,0,0,3,2,3.259333333333333
HIGH,HIGH,0,8,1,0,4.434
HIGH,HIGH,0,9,1,0,5.288
HIGH,HIGH,0,7,3,1,4.038666666666667
LOW,LOW,0,4,4,1,4.988
LOW,LOW,0,3,5,3,4.106
LOW,LOW,0,3,2,1,3.162
HIGH,HIGH,1,9,3,1,1.3306666666666669
LOW,LOW,0,2,4,2,4.392
LOW,LOW,1,3,2,0,3.338
LOW,LOW,1,4,0,0,4.5
LOW,LOW,1,1,1,0,2.274
LOW,LOW,0,2,0,0,0.776
HIGH,HIGH,1,9,2,1,1.7020000000000002
LOW,LOW,1,1,2,1,1.818
LOW,LOW,0,5,0,0,4.0
LOW,LOW,0,3,2,0,3.402
LOW,LOW,1,5,5,2,1.612
LOW,LOW,1,4,2,0,2.818
LOW,LOW,1,3,2,1,4.348
HIGH,HIGH,1,9,3,2,2.979333333333333
LOW,LOW,1,4,5,2,5.154
HIGH,HIGH,0,8,5,3,5.416
LOW,LOW,1,1,1,0,1.302
LOW,LOW,0,5,3,1,2.1606666666666667
HIGH,HIGH,0,7,3,1,1.2006666666666663
LOW,LOW,1,5,0,0,1.308
HIGH,HIGH,1,9,3,2,1.4353333333333331
LOW,LOW,1,2,1,0,3.78
LOW,LOW,1,4,0,0,2.024
LOW,LOW,1,4,2,0,2.598
HIGH,HIGH,1,8,4,3,3.012
LOW,LOW,0,5,1,0,1.428
HIGH,HIGH,0,6,3,2,1.2333333333333332
LOW,LOW,1,0,4,1,5.339999999999999
HIGH,HIGH,1,8,5,3,2.3440000000000003
HIGH,HIGH,1,9,2,1,5.829999999999999
LOW,LOW,0,5,5,3,5.526
LOW,LOW,0,1,1,0,5.093999999999999
LOW,LOW,0,2,2,1,3.9
LOW,LOW,0,5,3,2,5.417333333333334
HIGH,HIGH,0,7,5,2,6.648000000000001
LOW,LOW,1,5,1,0,6.098
LOW,LOW,0,3,2,2,6.878
LOW,LOW,1,5,4,2,6.802
LOW,LOW,1,0,2,1,5.865999999999999
LOW,LOW,0,3,0,0,2.996
LOW,LOW,0,5,3,1,3.388666666666667
HIGH,HIGH,1,7,1,0,4.56
HIGH,HIGH,1,7,5,3,0.876
LOW,LOW,0,4,5,2,1.182
LOW,LOW,0,3,4,1,3.412
HIGH,HIGH,0,9,4,2,4.061999999999999
HIGH,HIGH,1,9,0,0,3.262
LOW,LOW,1,3,2,0,1.986
LOW,LOW,0,2,2,1,4.127999999999999
HIGH,HIGH,1,6,5,1,3.238
HIGH,HIGH,0,6,2,0,5.949999999999999
LOW,LOW,0,0,5,1,3.052
LOW,LOW,1,1,3,1,1.5266666666666668
LOW,LOW,0,2,5,1,1.542
LOW,LOW,1,1,3,0,2.3360000000000003
LOW,LOW,0,4,5,2,3.4560000000000004
HIGH,HIGH,1,6,4,1,2.9679999999999995
HIGH,HIGH,0,7,3,1,4.442666666666666
LOW,LOW,0,5,3,1,2.472666666666667
LOW,LOW,1,1,0,0,2.182
LOW,LOW,1,5,3,1,4.814666666666667
LOW,LOW,1,1,4,2,2.716
LOW,LOW,0,5,0,0,1.986
LOW,LOW,0,1,0,0,1.844
LOW,LOW,1,5,0,0,2.562
HIGH,HIGH,0,6,0,0,1.73
HIGH,HIGH,0,7,0,0,4.614000000000001
LOW,LOW,1,2,5,2,3.66
HIGH,HIGH,0,9,1,0,2.384
LOW,LOW,1,2,5,3,4.305999999999999
LOW,LOW,0,2,5,3,1.6319999999999997
LOW,LOW,1,0,0,0,5.501999999999999
LOW,LOW,1,2,5,1,5.174
HIGH,HIGH,0,6,1,0,2.128
LOW,LOW,1,2,5,2,3.26
HIGH,HIGH,1,7,5,2,4.594
LOW,LOW,1,3,5,3,3.294
HIGH,HIGH,0,9,2,1,2.874
HIGH,HIGH,0,9,2,0,2.398
HIGH,HIGH,1,9,4,1,3.31
HIGH,HIGH,1,6,0,0,2.936
LOW,LOW,1,2,3,0,1.626
LOW,LOW,0,4,5,2,3.192
HIGH,HIGH,0,8,0,0,3.048
LOW,LOW,1,1,3,1,4.9286666666666665
HIGH,HIGH,1,7,5,2,2.026
LOW,LOW,1,0,3,1,2.0386666666666664
LOW,LOW,1,2,5,1,3.298
LOW,LOW,0,3,1,0,3.632
HIGH,HIGH,1,9,3,1,4.8406666666666665
HIGH,HIGH,1,6,2,1,3.612
HIGH,HIGH,1,8,4,1,2.624
LOW,LOW,1,5,5,1,3.556
HIGH,HIGH,1,7,3,1,4.1866666666666665
LOW,LOW,1,1,4,2,2.086
LOW,LOW,1,5,5,1,2.184
HIGH,HIGH,0,9,1,0,3.988
LOW,LOW,1,5,2,1,3.532
LOW,LOW,1,1,3,1,2.982666666666667
HIGH,HIGH,0,6,0,0,4.604000000000001
LOW,LOW,1,2,5,1,1.252
LOW,LOW,1,2,2,1,3.076
LOW,LOW,1,3,2,0,4.224
HIGH,HIGH,0,9,3,1,2.740666666666667
LOW,LOW,1,5,5,2,4.004
HIGH,HIGH,0,6,5,1,3.8
HIGH,HIGH,1,9,1,0,2.224
LOW,LOW,1,2,4,1,4.026
LOW,LOW,1,5,0,0,4.49
HIGH,HIGH,1,6,0,0,2.59
LOW,LOW,1,1,3,2,2.373333333333333
LOW,LOW,1,5,3,2,3.791333333333333
HIGH,HIGH,1,9,0,0,1.59
LOW,LOW,0,4,4,1,5.318
HIGH,HIGH,0,7,3,1,3.750666666666667
LOW,LOW,1,0,4,2,5.505999999999999
LOW,LOW,0,2,4,2,4.215999999999999
LOW,LOW,0,3,3,2,4.437333333333333
LOW,LOW,1,3,1,0,5.2
LOW,LOW,1,5,1,0,0.4299999999999999
HIGH,HIGH,1,8,2,1,5.805999999999999
LOW,LOW,1,0,3,1,1.6786666666666668
LOW,LOW,0,3,4,2,5.076
LOW,LOW,1,5,5,4,2.984
LOW,LOW,1,3,5,3,3.322
LOW,LOW,1,0,1,0,4.274
LOW,LOW,1,4,5,1,3.91
LOW,LOW,1,3,3,1,4.762666666666666
HIGH,HIGH,0,6,5,3,0.92
LOW,LOW,1,5,5,2,0.08
HIGH,HIGH,0,9,1,0,2.024
HIGH,HIGH,1,8,5,3,5.19
HIGH,HIGH,0,6,1,0,7.608
LOW,LOW,1,0,3,2,1.6853333333333331
LOW,LOW,1,4,1,0,2.268
HIGH,HIGH,0,8,4,2,3.846
HIGH,HIGH,1,7,3,2,5.581333333333333
HIGH,HIGH,0,7,4,1,3.462
HIGH,HIGH,0,6,0,0,3.386
LOW,LOW,1,0,4,3,3.342
HIGH,HIGH,0,7,2,0,0.4499999999999999
LOW,LOW,0,3,5,2,1.194
LOW,LOW,0,4,3,1,6.424666666666666
HIGH,HIGH,0,7,3,1,3.416666666666667
HIGH,HIGH,1,7,4,2,2.02
HIGH,HIGH,0,8,5,3,3.432
HIGH,HIGH,1,9,2,1,0.5
HIGH,HIGH,1,7,3,1,0.6666666666666666
HIGH,HIGH,0,6,4,2,5.5
LOW,LOW,0,3,2,1,3.234
LOW,LOW,1,0,3,1,4.506666666666667
LOW,LOW,0,2,2,1,1.17
HIGH,HIGH,1,6,3,1,4.252666666666666
LOW,LOW,1,0,0,0,2.572
LOW,LOW,0,1,3,2,3.4073333333333333
HIGH,HIGH,0,8,2,0,1.424
HIGH,HIGH,1,7,0,0,2.204
HIGH,HIGH,0,7,1,0,5.988
HIGH,HIGH,0,9,1,0,3.4160000000000004
HIGH,HIGH,1,9,3,0,1.598
LOW,LOW,1,3,2,0,0.314
LOW,LOW,1,1,1,0,0.656
LOW,LOW,1,5,5,2,1.354
LOW,LOW,1,1,3,0,0.694
LOW,LOW,1,0,5,0,0.3339999999999999
LOW,LOW,1,0,2,0,1.59
HIGH,HIGH,1,6,3,0,0.944
HIGH,HIGH,1,6,1,0,0.6659999999999999
LOW,LOW,1,2,2,0,1.56
LOW,LOW,1,4,1,0,4.2620000000000005
LOW,LOW,0,1,4,3,4.872000000000001
HIGH,HIGH,0,6,0,0,4.38
LOW,LOW,0,3,4,3,5.744000000000001
LOW,LOW,1,4,0,0,4.102
LOW,LOW,1,0,0,0,2.386
LOW,LOW,0,1,0,0,4.672000000000001
LOW,LOW,0,0,4,1,3.138
HIGH,HIGH,0,9,1,0,0.4559999999999999
HIGH,HIGH,1,8,2,1,0.4
HIGH,HIGH,1,9,4,0,0.942
HIGH,HIGH,1,7,4,0,1.296
LOW,LOW,1,4,3,0,1.614
LOW,LOW,1,5,3,0,0.6
LOW,LOW,1,4,0,0,0.002
LOW,LOW,1,1,0,0,0.3
HIGH,HIGH,1,8,0,0,0.0
LOW,LOW,1,2,5,0,0.6679999999999999
LOW,LOW,1,4,2,0,0.0
LOW,LOW,1,2,5,0,0.6839999999999999
LOW,LOW,0,1,2,1,3.554
LOW,LOW,0,3,2,1,6.113999999999999
HIGH,HIGH,0,6,4,2,3.144
LOW,LOW,1,3,0,0,0.6839999999999999
HIGH,HIGH,0,9,5,3,0.57
LOW,LOW,1,1,0,0,4.798
LOW,LOW,1,2,4,4,4.362
LOW,LOW,0,4,1,0,2.3840000000000003
LOW,LOW,1,5,4,2,4.348
LOW,LOW,0,3,1,0,0.49
HIGH,HIGH,0,6,0,0,4.744000000000001
LOW,LOW,0,5,4,2,4.146
LOW,LOW,1,0,2,0,2.528
LOW,LOW,0,4,2,1,2.842
LOW,LOW,1,1,1,0,2.55
LOW,LOW,0,0,3,1,1.8286666666666669
LOW,LOW,1,4,3,1,2.546666666666667
HIGH,HIGH,0,8,1,0,0.8079999999999999
HIGH,HIGH,0,8,5,3,5.634
HIGH,HIGH,1,9,2,1,1.328
HIGH,HIGH,1,7,2,0,1.248
LOW,LOW,1,3,4,0,1.25
LOW,LOW,1,5,0,0,0.932
HIGH,HIGH,1,6,4,0,0.6779999999999999
LOW,LOW,1,5,2,0,0.3379999999999999
HIGH,HIGH,1,7,3,0,2.194
LOW,LOW,1,5,4,1,0.7040000000000001
HIGH,HIGH,1,9,4,0,0.912
LOW,LOW,1,0,2,0,0.026
LOW,LOW,1,3,0,0,1.3199999999999998
LOW,LOW,1,3,1,0,0.916
LOW,LOW,1,4,2,0,0.0
HIGH,HIGH,1,8,4,1,0.686
LOW,LOW,1,5,5,0,1.292
LOW,LOW,1,3,4,0,0.948
LOW,LOW,1,4,0,0,0.928
LOW,LOW,1,4,0,0,0.378
LOW,LOW,1,3,0,0,0.3
HIGH,HIGH,1,8,1,0,0.6
HIGH,HIGH,0,6,3,0,0.802
HIGH,HIGH,0,9,3,1,0.2666666666666666
LOW,LOW,1,3,0,0,3.564
LOW,LOW,1,5,0,0,0.3
LOW,LOW,1,4,2,0,2.584
LOW,LOW,1,1,1,0,3.3440000000000003
LOW,LOW,1,3,3,1,0.3746666666666666
HIGH,HIGH,1,6,4,1,2.256
LOW,LOW,1,2,2,1,2.692
HIGH,HIGH,1,6,2,1,5.339999999999999
HIGH,HIGH,0,9,0,0,3.754
HIGH,HIGH,1,8,0,0,5.128
HIGH,HIGH,1,7,4,2,3.992
LOW,LOW,0,0,1,0,3.726
LOW,LOW,1,3,4,2,2.334
LOW,LOW,0,4,1,0,2.714
LOW,LOW,1,5,0,0,5.494
LOW,LOW,0,2,1,0,2.998
LOW,LOW,0,2,2,0,3.666
HIGH,HIGH,1,8,1,0,2.552
HIGH,HIGH,1,8,0,0,2.254
HIGH,HIGH,0,6,1,0,3.178
LOW,LOW,0,2,0,0,2.108
LOW,LOW,1,0,3,1,1.606666666666667
HIGH,HIGH,1,6,0,0,1.74
LOW,LOW,1,2,3,2,2.0853333333333333
LOW,LOW,1,5,3,1,2.760666666666667
HIGH,HIGH,1,7,4,2,4.901999999999999
HIGH,HIGH,1,9,0,0,2.488
HIGH,HIGH,1,9,5,2,5.198
HIGH,HIGH,1,9,2,0,2.33
LOW,LOW,0,5,4,2,2.186
LOW,LOW,1,0,0,0,4.234
LOW,LOW,1,2,3,2,2.1373333333333333
HIGH,HIGH,1,8,1,0,3.524
HIGH,HIGH,0,9,0,0,2.396
LOW,LOW,1,5,2,1,4.948
LOW,LOW,0,4,5,3,2.276
HIGH,HIGH,1,6,2,1,2.4480000000000004
HIGH,HIGH,0,7,3,1,2.462666666666667
LOW,LOW,1,4,5,4,2.81
LOW,LOW,0,1,4,3,7.402
HIGH,HIGH,0,8,3,2,6.701333333333334
LOW,LOW,0,2,5,4,5.492
LOW,LOW,0,1,4,3,7.082000000000001
LOW,LOW,0,0,2,1,5.512
LOW,LOW,1,0,2,2,6.626
LOW,LOW,0,2,4,3,6.424
HIGH,HIGH,1,6,1,0,6.468
LOW,LOW,0,2,2,2,3.882
HIGH,HIGH,0,8,3,3,7.744
HIGH,HIGH,1,7,0,0,4.156
LOW,LOW,0,5,5,5,6.948
LOW,LOW,1,1,4,4,4.984
LOW,LOW,0,0,2,1,6.492
LOW,LOW,1,1,2,1,5.585999999999999
HIGH,HIGH,0,9,5,5,8.046
LOW,LOW,0,1,3,2,7.069333333333334
LOW,LOW,0,5,4,3,5.432
HIGH,HIGH,1,6,2,2,4.612
HIGH,HIGH,1,6,1,0,5.457999999999999
LOW,LOW,1,5,1,1,4.640000000000001
LOW,LOW,1,1,5,5,6.534
HIGH,HIGH,0,9,5,3,4.279999999999999
LOW,LOW,0,1,2,1,6.151999999999999
LOW,LOW,0,5,3,2,6.525333333333334
LOW,LOW,1,0,2,1,7.741999999999999
LOW,LOW,0,4,2,1,5.887999999999999
LOW,LOW,0,0,0,0,4.42
LOW,LOW,1,0,0,0,7.613999999999999
LOW,LOW,0,5,2,1,6.996
LOW,LOW,1,2,2,0,7.036
LOW,LOW,0,4,2,1,6.346
LOW,LOW,1,2,5,2,4.5520000000000005
HIGH,HIGH,0,7,2,1,0.924
HIGH,HIGH,0,8,5,2,3.886
HIGH,HIGH,0,9,2,0,2.718
LOW,LOW,0,4,3,1,2.7586666666666666
HIGH,HIGH,1,7,2,1,1.0339999999999998
LOW,LOW,0,2,5,2,2.81
LOW,LOW,1,4,5,3,1.43
LOW,LOW,0,5,2,1,4.708
HIGH,HIGH,0,6,5,2,3.5
HIGH,HIGH,1,7,1,0,2.518
LOW,LOW,0,3,2,1,6.033999999999999
HIGH,HIGH,0,9,5,2,4.48
LOW,LOW,1,0,5,3,4.890000000000001
LOW,LOW,1,3,1,0,4.78
LOW,LOW,0,0,4,1,4.033999999999999
LOW,LOW,1,3,3,1,0.6666666666666666
LOW,LOW,1,1,5,2,3.9
LOW,LOW,1,3,0,0,3.502
HIGH,HIGH,1,9,2,1,3.124
HIGH,HIGH,0,7,2,0,3.688
HIGH,HIGH,0,6,1,0,5.2620000000000005
HIGH,HIGH,1,6,4,1,3.506
LOW,LOW,0,0,1,0,1.884
LOW,LOW,0,1,1,0,4.072
LOW,LOW,1,5,3,1,2.690666666666667
LOW,LOW,0,2,3,1,2.1786666666666665
LOW,LOW,0,1,4,1,3.134
LOW,LOW,1,4,2,1,2.646
LOW,LOW,0,1,5,4,4.812
LOW,LOW,0,4,1,0,3.944
HIGH,HIGH,0,7,5,2,1.87
LOW,LOW,1,0,2,1,2.652
LOW,LOW,1,1,3,2,4.681333333333334
HIGH,HIGH,0,7,4,1,2.82
LOW,LOW,1,5,0,0,2.268
LOW,LOW,1,0,3,2,1.1313333333333333
LOW,LOW,0,3,5,2,3.442
HIGH,HIGH,0,6,1,0,2.704
LOW,LOW,1,3,0,0,3.53
LOW,LOW,1,2,3,1,3.5646666666666667
LOW,LOW,1,0,5,2,3.3680000000000003
HIGH,HIGH,1,8,0,0,2.26
HIGH,HIGH,0,9,2,0,3.9819999999999993
HIGH,HIGH,1,7,1,0,3.478
HIGH,HIGH,1,7,3,1,2.6046666666666667
HIGH,HIGH,0,6,3,1,3.440666666666667
HIGH,HIGH,0,9,2,0,2.726
HIGH,HIGH,1,8,4,1,1.418
LOW,LOW,1,0,1,0,2.302
HIGH,HIGH,1,8,1,0,0.646
HIGH,HIGH,0,9,5,1,2.428
HIGH,HIGH,1,9,3,1,2.9486666666666665
LOW,LOW,1,5,0,0,3.178
LOW,LOW,0,4,1,0,2.402
HIGH,HIGH,1,6,0,0,3.444
LOW,LOW,1,0,2,0,1.944
LOW,LOW,1,1,0,0,1.29
LOW,LOW,0,3,4,2,3.098
LOW,LOW,1,5,0,0,4.134
HIGH,HIGH,0,6,4,1,2.18
LOW,LOW,0,0,5,3,6.966
HIGH,HIGH,1,6,5,3,3.05
LOW,LOW,0,4,2,1,4.061999999999999
LOW,LOW,1,2,3,1,2.278666666666667
HIGH,HIGH,1,6,4,2,0.436
LOW,LOW,1,1,0,0,4.566
LOW,LOW,0,1,5,3,2.91
HIGH,HIGH,0,9,1,0,2.4440000000000004
LOW,LOW,1,2,0,0,4.202
LOW,LOW,1,1,0,0,5.092
HIGH,HIGH,1,9,1,0,2.856
LOW,LOW,1,5,4,2,3.736
LOW,LOW,0,3,4,2,5.072
LOW,LOW,1,0,5,2,3.3400000000000003
LOW,LOW,1,5,1,0,3.198
LOW,LOW,0,1,1,0,3.128
LOW,LOW,1,3,5,2,1.974
HIGH,HIGH,1,8,3,0,1.658
HIGH,HIGH,1,6,3,0,1.888
HIGH,HIGH,1,7,1,0,0.6579999999999999
HIGH,HIGH,1,8,1,0,0.628
HIGH,HIGH,1,7,1,0,1.234
LOW,LOW,1,2,5,0,0.3
LOW,LOW,1,1,2,0,0.374
HIGH,HIGH,1,6,2,0,1.268
LOW,LOW,1,5,5,0,0.0
LOW,LOW,1,3,5,0,0.324
LOW,LOW,0,2,5,3,4.7780000000000005
LOW,LOW,1,2,0,0,2.536
HIGH,HIGH,0,8,1,0,3.734
LOW,LOW,1,1,1,0,2.012
LOW,LOW,0,2,5,1,5.572
HIGH,HIGH,0,9,5,2,4.042
LOW,LOW,0,2,3,1,3.538666666666667
HIGH,HIGH,0,9,4,2,2.5580000000000003
LOW,LOW,1,5,1,0,1.562
LOW,LOW,1,1,2,1,3.966
HIGH,HIGH,1,6,2,0,0.922
HIGH,HIGH,1,7,2,0,1.908
HIGH,HIGH,1,6,0,0,1.264
HIGH,HIGH,1,9,1,0,2.56
LOW,LOW,1,4,0,0,0.0
LOW,LOW,1,2,1,0,0.936
LOW,LOW,1,2,1,0,1.106
LOW,LOW,1,1,3,0,1.31
LOW,LOW,1,1,4,0,0.008
HIGH,HIGH,1,8,1,0,0.3
HIGH,HIGH,1,9,3,1,1.356666666666667
LOW,LOW,1,1,0,0,0.0
LOW,LOW,1,0,4,0,1.612
LOW,LOW,1,4,5,1,1.328
LOW,LOW,1,5,3,0,0.982
HIGH,HIGH,1,7,0,0,1.016
LOW,LOW,1,1,3,0,1.292
LOW,LOW,1,0,4,0,1.0219999999999998
LOW,LOW,1,4,1,0,0.314
LOW,LOW,1,1,1,0,1.856
LOW,LOW,1,3,3,1,2.1246666666666667
HIGH,HIGH,1,6,5,2,2.314
HIGH,HIGH,1,9,5,3,3.354
HIGH,HIGH,1,7,4,3,2.044
LOW,LOW,0,2,4,2,1.842
HIGH,HIGH,1,6,2,1,1.7540000000000002
LOW,LOW,1,3,4,2,2.668
LOW,LOW,1,5,4,2,4.42
LOW,LOW,1,5,3,1,2.622666666666667
LOW,LOW,1,0,1,0,2.922
HIGH,HIGH,0,7,2,1,5.691999999999999
LOW,LOW,1,2,5,4,4.626
HIGH,HIGH,0,9,3,3,5.174
LOW,LOW,1,2,4,3,4.916
LOW,LOW,0,3,4,4,9.079999999999998
LOW,LOW,0,3,2,1,6.077999999999999
HIGH,HIGH,1,6,4,3,6.142
LOW,LOW,1,5,0,0,7.092
HIGH,HIGH,0,6,3,2,7.369333333333333
LOW,LOW,0,4,0,0,5.2940000000000005
HIGH,HIGH,0,9,5,5,7.126
LOW,LOW,0,4,1,0,4.013999999999999
HIGH,HIGH,0,7,0,0,4.23
LOW,LOW,1,2,3,2,8.763333333333332
LOW,LOW,1,2,3,2,4.931333333333334
LOW,LOW,1,5,3,3,7.648
LOW,LOW,0,1,0,0,5.685999999999999
LOW,LOW,0,5,4,4,7.402
LOW,LOW,1,0,5,5,6.2860000000000005
LOW,LOW,0,3,2,1,3.862
LOW,LOW,1,4,5,2,4.516
HIGH,HIGH,1,9,3,1,5.020666666666666
LOW,LOW,1,5,3,0,2.626
HIGH,HIGH,1,6,0,0,1.878
LOW,LOW,1,0,0,0,2.054
HIGH,HIGH,1,8,1,0,1.666
HIGH,HIGH,0,7,0,0,5.84
LOW,LOW,1,3,2,0,3.448
LOW,LOW,0,4,1,0,2.054
HIGH,HIGH,1,6,2,1,3.702
HIGH,HIGH,1,9,0,0,0.61
LOW,LOW,1,4,4,0,1.616
HIGH,HIGH,1,6,0,0,0.8999999999999999
HIGH,HIGH,1,9,3,0,1.264
LOW,LOW,1,2,2,0,2.25
LOW,LOW,1,0,2,0,0.322
HIGH,HIGH,1,7,2,0,1.964
LOW,LOW,1,1,3,1,0.7006666666666667
LOW,LOW,1,1,1,0,1.5
LOW,LOW,1,5,0,0,0.03
HIGH,HIGH,1,8,2,0,6.448
HIGH,HIGH,0,8,5,4,1.624
LOW,LOW,0,5,2,1,0.85
HIGH,HIGH,1,7,1,0,4.556
LOW,LOW,1,0,3,1,0.4986666666666666
HIGH,HIGH,1,7,0,0,4.224
HIGH,HIGH,0,8,0,0,0.5
HIGH,HIGH,1,6,1,0,3.774
HIGH,HIGH,1,8,5,3,2.994
HIGH,HIGH,0,7,4,2,2.276
LOW,LOW,0,3,5,3,6.968
HIGH,HIGH,0,8,5,4,6.3740000000000006
LOW,LOW,0,4,1,0,4.384
HIGH,HIGH,0,9,2,1,6.149999999999999
LOW,LOW,1,2,4,3,7.561999999999999
LOW,LOW,0,0,3,3,5.93
LOW,LOW,0,2,2,2,4.496
HIGH,HIGH,0,8,4,2,6.137999999999999
LOW,LOW,1,2,2,1,7.153999999999999
LOW,LOW,0,3,1,0,6.314
LOW,LOW,0,2,0,0,4.718
LOW,LOW,0,0,3,2,6.8773333333333335
HIGH,HIGH,0,8,4,3,6.5
LOW,LOW,0,4,0,0,6.226000000000001
LOW,LOW,0,1,2,1,6.32
LOW,LOW,0,4,0,0,5.33
LOW,LOW,1,4,1,0,3.548
LOW,LOW,0,1,1,0,6.372
HIGH,HIGH,0,9,4,3,6.698
LOW,LOW,0,3,1,0,6.308
LOW,LOW,0,1,4,3,4.524
LOW,LOW,0,1,3,2,6.461333333333334
HIGH,HIGH,1,9,2,1,4.268
LOW,LOW,0,1,2,1,3.438
HIGH,HIGH,0,7,4,2,6.68
HIGH,HIGH,0,7,3,2,6.101333333333334
HIGH,HIGH,0,6,2,1,6.103999999999999
LOW,LOW,0,4,1,0,4.6080000000000005
LOW,LOW,0,4,5,4,6.426
LOW,LOW,0,3,0,0,5.733999999999999
HIGH,HIGH,1,7,5,0,1.982
LOW,LOW,1,5,2,0,0.8999999999999999
HIGH,HIGH,0,9,2,0,0.514
HIGH,HIGH,1,7,4,0,1.24
HIGH,HIGH,1,6,2,0,0.972
LOW,LOW,1,3,1,0,0.6799999999999999
LOW,LOW,1,2,1,0,0.004
LOW,LOW,1,3,1,0,0.32
LOW,LOW,1,3,4,0,0.622
HIGH,HIGH,1,8,2,0,0.014
LOW,LOW,1,0,2,1,4.276
HIGH,HIGH,0,8,0,0,6.170000000000001
LOW,LOW,1,5,2,1,2.028
LOW,LOW,0,3,4,2,4.496
HIGH,HIGH,1,6,4,0,2.812
HIGH,HIGH,1,6,4,1,5.177999999999999
HIGH,HIGH,0,6,3,1,3.8586666666666662
LOW,LOW,0,1,5,2,3.11
LOW,LOW,0,5,0,0,2.382
HIGH,HIGH,0,8,5,4,3.85
HIGH,HIGH,0,9,5,2,4.652000000000001
LOW,LOW,0,1,2,1,3.432
HIGH,HIGH,0,7,3,2,3.5253333333333337
LOW,LOW,1,2,1,0,3.2840000000000003
LOW,LOW,0,1,0,0,4.972
LOW,LOW,1,0,5,5,2.4040000000000004
LOW,LOW,1,0,0,0,4.484
LOW,LOW,0,0,3,2,0.9213333333333332
LOW,LOW,0,3,4,1,0.916
LOW,LOW,0,1,0,0,4.392
LOW,LOW,1,0,4,1,1.036
LOW,LOW,1,0,4,0,1.63
HIGH,HIGH,1,7,1,0,1.7060000000000002
HIGH,HIGH,1,6,4,1,0.05
LOW,LOW,1,4,4,0,0.0
LOW,LOW,1,1,2,0,0.4399999999999999
HIGH,HIGH,1,7,1,0,1.0139999999999998
HIGH,HIGH,0,8,0,0,1.366
HIGH,HIGH,1,8,1,0,0.35
LOW,LOW,1,3,3,0,0.6719999999999999
HIGH,HIGH,0,9,3,2,4.503333333333334
LOW,LOW,1,3,0,0,1.982
HIGH,HIGH,0,6,5,2,4.058
LOW,LOW,1,4,0,0,4.826
LOW,LOW,0,0,3,1,5.094666666666667
LOW,LOW,0,2,1,0,3.674
LOW,LOW,1,3,3,2,2.6733333333333333
LOW,LOW,1,3,0,0,3.874
LOW,LOW,0,3,0,0,4.9
HIGH,HIGH,0,7,2,0,0.8939999999999999
HIGH,HIGH,1,6,1,0,1.36
LOW,LOW,1,2,3,0,0.348
HIGH,HIGH,1,8,2,0,1.0159999999999998
LOW,LOW,1,5,5,0,0.942
HIGH,HIGH,1,6,4,1,0.378
LOW,LOW,1,2,4,0,1.6
LOW,LOW,1,1,3,1,0.3666666666666666
LOW,LOW,1,2,1,0,0.8999999999999999
HIGH,HIGH,1,6,2,0,0.928
HIGH,HIGH,1,9,2,0,0.312
HIGH,HIGH,1,8,3,1,0.7526666666666666
LOW,LOW,1,1,1,0,5.093999999999999
LOW,LOW,1,5,1,0,2.034
HIGH,HIGH,1,6,0,0,2.55
LOW,LOW,1,4,1,0,2.574
HIGH,HIGH,0,8,0,0,4.327999999999999
LOW,LOW,1,4,4,2,1.6900000000000002
HIGH,HIGH,1,7,5,1,2.524
HIGH,HIGH,0,7,4,0,3.618
HIGH,HIGH,1,9,2,0,3.226
HIGH,HIGH,0,7,5,3,2.276
LOW,LOW,0,5,2,0,5.2700000000000005
LOW,LOW,1,4,3,1,3.312666666666667
LOW,LOW,0,1,1,0,1.524
LOW,LOW,1,5,3,1,1.9886666666666664
LOW,LOW,1,3,4,1,1.996
LOW,LOW,1,2,1,0,1.0399999999999998
HIGH,HIGH,0,9,2,1,3.126
LOW,LOW,1,4,1,0,2.346
HIGH,HIGH,1,6,2,0,4.6
HIGH,HIGH,0,6,3,2,2.541333333333333
LOW,LOW,0,5,4,2,3.606
HIGH,HIGH,0,8,5,3,3.442
HIGH,HIGH,0,8,0,0,4.978000000000001
HIGH,HIGH,0,8,0,0,0.15
LOW,LOW,1,5,5,2,3.586
LOW,LOW,1,3,4,3,0.78
HIGH,HIGH,0,9,3,2,1.2273333333333332
LOW,LOW,1,0,2,1,4.036
HIGH,HIGH,1,7,3,1,4.228666666666667
LOW,LOW,0,1,1,0,5.36
HIGH,HIGH,0,6,4,3,5.474
LOW,LOW,0,4,5,3,5.408
HIGH,HIGH,0,6,5,4,4.766000000000001
LOW,LOW,0,0,5,4,5.742
LOW,LOW,1,2,4,3,6.734
HIGH,HIGH,0,7,3,2,6.535333333333334
LOW,LOW,0,0,0,0,4.742
LOW,LOW,0,5,1,0,4.401999999999999
HIGH,HIGH,1,6,2,1,7.193999999999999
HIGH,HIGH,0,9,3,2,3.359333333333333
HIGH,HIGH,1,7,1,0,6.394
LOW,LOW,0,0,0,0,5.972
HIGH,HIGH,1,7,0,0,8.394
LOW,LOW,0,4,2,1,6.731999999999999
HIGH,HIGH,0,8,5,5,4.556
LOW,LOW,0,4,1,1,5.284
LOW,LOW,0,4,4,3,6.784000000000001
LOW,LOW,0,1,1,0,7.292
LOW,LOW,0,5,1,0,7.975999999999999
LOW,LOW,0,2,0,0,4.31
LOW,LOW,1,2,0,0,3.5
LOW,LOW,1,4,0,0,4.616
LOW,LOW,1,0,4,3,4.83
LOW,LOW,0,2,0,0,3.752
LOW,LOW,1,0,1,0,0.608
HIGH,HIGH,0,7,3,2,6.457333333333335
LOW,LOW,0,4,3,1,1.2146666666666666
LOW,LOW,1,2,3,1,3.6726666666666663
LOW,LOW,0,0,3,1,5.394666666666667
HIGH,HIGH,0,8,3,2,6.781333333333333
HIGH,HIGH,0,9,4,3,5.006
HIGH,HIGH,0,6,0,0,4.286
HIGH,HIGH,0,9,0,0,8.613999999999999
LOW,LOW,0,1,5,2,6.682
LOW,LOW,0,5,0,0,3.526
LOW,LOW,0,2,2,2,9.621999999999998
LOW,LOW,1,1,4,2,4.834
LOW,LOW,0,4,3,2,5.825333333333334
LOW,LOW,0,5,2,1,6.714
LOW,LOW,0,4,3,1,2.2206666666666663
HIGH,HIGH,0,8,3,1,3.7586666666666666
LOW,LOW,1,1,0,0,4.43
LOW,LOW,1,0,2,0,5.098
HIGH,HIGH,1,7,2,0,1.654
LOW,LOW,0,0,5,2,1.256
LOW,LOW,1,0,3,1,2.6006666666666667
LOW,LOW,1,4,2,0,1.99
LOW,LOW,1,3,0,0,3.782
HIGH,HIGH,1,6,4,2,2.986
LOW,LOW,0,0,2,0,6.2
HIGH,HIGH,0,7,3,0,4.013999999999999
LOW,LOW,0,3,3,1,4.030666666666667
LOW,LOW,1,4,2,0,1.904
LOW,LOW,1,1,0,0,3.602
LOW,LOW,1,3,5,2,2.902
LOW,LOW,0,3,3,1,6.642666666666667
LOW,LOW,0,4,4,2,2.882
HIGH,HIGH,1,9,4,1,3.606
HIGH,HIGH,1,6,2,0,1.57
LOW,LOW,0,3,4,3,4.092
HIGH,HIGH,0,6,3,1,4.378666666666666
LOW,LOW,0,1,0,0,4.662000000000001
LOW,LOW,0,2,2,0,1.43
LOW,LOW,0,0,4,1,2.418
LOW,LOW,1,1,4,2,6.222
LOW,LOW,1,2,5,3,4.0
HIGH,HIGH,1,9,5,1,3.254
LOW,LOW,1,2,0,0,0.722
LOW,LOW,1,3,2,1,3.3000000000000003
LOW,LOW,1,0,5,3,3.074
LOW,LOW,0,3,5,3,3.116
HIGH,HIGH,1,9,0,0,1.918
LOW,LOW,1,2,1,0,3.484
HIGH,HIGH,0,6,1,0,3.242
LOW,LOW,1,5,5,1,3.54
LOW,LOW,1,0,5,0,4.8
HIGH,HIGH,1,7,3,1,4.688666666666666
HIGH,HIGH,1,8,5,3,5.18
LOW,LOW,1,0,0,0,1.394
HIGH,HIGH,1,8,5,0,0.978
HIGH,HIGH,1,9,1,0,0.0
HIGH,HIGH,1,9,2,0,0.3
HIGH,HIGH,1,6,5,0,0.914
LOW,LOW,1,4,3,0,1.28
HIGH,HIGH,1,9,1,0,0.004
LOW,LOW,1,2,1,0,1.34
LOW,LOW,1,3,4,0,1.926
LOW,LOW,1,5,2,0,0.956
HIGH,HIGH,1,6,5,0,0.968
LOW,LOW,1,0,0,0,4.82
LOW,LOW,0,1,2,1,6.446
LOW,LOW,0,2,3,2,6.361333333333334
LOW,LOW,0,0,5,3,5.188
HIGH,HIGH,1,8,2,1,7.465999999999999
LOW,LOW,0,1,4,3,8.328000000000001
HIGH,HIGH,1,9,5,4,3.638
LOW,LOW,0,1,0,0,4.058
HIGH,HIGH,0,7,2,1,8.971999999999998
LOW,LOW,1,1,0,0,5.738
LOW,LOW,1,5,4,2,0.144
HIGH,HIGH,0,9,4,1,4.074
LOW,LOW,0,1,0,0,3.676
LOW,LOW,1,2,3,1,1.9946666666666664
LOW,LOW,0,2,3,1,4.378666666666666
LOW,LOW,0,5,0,0,3.68
HIGH,HIGH,0,8,5,3,3.766
LOW,LOW,1,5,2,1,1.408
LOW,LOW,0,5,2,0,3.648
HIGH,HIGH,1,7,1,0,1.236
HIGH,HIGH,1,7,5,1,0.734
LOW,LOW,1,0,1,0,0.038
LOW,LOW,1,0,2,0,1.6920000000000002
HIGH,HIGH,1,6,2,0,0.1119999999999999
LOW,LOW,1,0,0,0,1.29
LOW,LOW,1,3,0,0,1.654
HIGH,HIGH,1,8,2,0,1.598
HIGH,HIGH,1,8,2,0,1.618
LOW,LOW,1,1,0,0,0.95
HIGH,HIGH,1,9,4,0,0.3319999999999999
LOW,LOW,1,1,1,0,0.642
HIGH,HIGH,1,8,3,1,1.340666666666667
HIGH,HIGH,1,8,5,0,1.268
HIGH,HIGH,1,8,2,0,0.3
HIGH,HIGH,1,6,1,0,1.282
LOW,LOW,1,1,5,0,2.282
HIGH,HIGH,1,9,4,1,0.95
LOW,LOW,1,4,3,0,1.984
LOW,LOW,1,5,1,0,0.3
LOW,LOW,1,2,2,0,0.362
LOW,LOW,0,4,1,0,5.656
HIGH,HIGH,0,7,2,1,4.024
HIGH,HIGH,0,6,2,1,5.174
HIGH,HIGH,0,8,1,0,6.053999999999999
HIGH,HIGH,0,6,2,1,4.674
HIGH,HIGH,0,6,1,0,6.087999999999999
LOW,LOW,0,5,2,1,7.405999999999999
LOW,LOW,0,4,3,1,4.244666666666666
LOW,LOW,0,4,2,1,8.248
HIGH,HIGH,0,7,5,3,4.872
LOW,LOW,1,1,4,0,0.348
HIGH,HIGH,1,8,2,0,1.642
LOW,LOW,1,4,4,0,0.0
LOW,LOW,1,5,5,0,1.902
HIGH,HIGH,1,7,5,2,0.696
LOW,LOW,1,1,5,1,0.666
HIGH,HIGH,1,7,3,0,1.91
LOW,LOW,1,3,4,1,0.374
LOW,LOW,1,0,0,0,0.376
LOW,LOW,1,2,0,0,2.01
HIGH,HIGH,0,7,3,2,7.113333333333333
HIGH,HIGH,1,9,1,0,8.622
HIGH,HIGH,0,7,4,3,4.216
LOW,LOW,1,3,4,3,5.598
LOW,LOW,0,0,5,4,5.973999999999999
LOW,LOW,0,2,2,1,7.005999999999999
LOW,LOW,0,3,4,4,6.005999999999999
LOW,LOW,1,5,5,4,5.962
LOW,LOW,0,1,1,0,2.45
LOW,LOW,0,1,5,4,5.912
LOW,LOW,1,5,0,0,4.802
LOW,LOW,1,0,1,0,3.648
LOW,LOW,1,1,5,4,0.5840000000000001
HIGH,HIGH,1,8,3,1,3.578666666666667
LOW,LOW,1,0,5,3,1.386
LOW,LOW,0,2,1,0,3.658
HIGH,HIGH,1,8,2,0,0.056
HIGH,HIGH,1,8,1,0,3.018
LOW,LOW,0,0,0,0,3.31
LOW,LOW,1,5,1,0,0.712
HIGH,HIGH,0,6,1,0,3.36
HIGH,HIGH,0,7,1,0,6.574
LOW,LOW,0,2,3,3,6.446000000000001
LOW,LOW,0,4,0,0,6.29
LOW,LOW,1,2,0,0,5.254
HIGH,HIGH,1,7,5,3,6.264
LOW,LOW,0,0,4,2,8.729999999999999
HIGH,HIGH,0,6,5,4,4.422
LOW,LOW,1,4,1,0,6.144
LOW,LOW,0,3,5,3,6.3100000000000005
LOW,LOW,0,4,5,2,1.542
HIGH,HIGH,0,8,4,2,2.18
HIGH,HIGH,0,6,2,1,0.854
LOW,LOW,0,4,1,0,3.9979999999999993
LOW,LOW,0,0,3,1,4.174666666666667
HIGH,HIGH,1,7,0,0,4.577999999999999
LOW,LOW,1,5,3,2,1.4733333333333332
LOW,LOW,1,2,4,2,3.29
HIGH,HIGH,1,7,2,0,2.314
LOW,LOW,1,1,5,3,1.76
HIGH,HIGH,0,7,3,2,6.733333333333334
LOW,LOW,0,3,5,4,7.856
HIGH,HIGH,0,8,5,3,8.716
LOW,LOW,0,0,1,0,5.654
HIGH,HIGH,1,8,4,2,5.512
HIGH,HIGH,0,9,5,5,5.468
HIGH,HIGH,0,8,2,1,6.684
LOW,LOW,0,0,5,5,4.496
HIGH,HIGH,0,8,5,5,5.54
LOW,LOW,0,4,0,0,6.602
HIGH,HIGH,0,7,4,3,2.564
HIGH,HIGH,1,7,2,0,3.23
LOW,LOW,0,0,1,0,3.034
HIGH,HIGH,1,7,3,1,3.304666666666667
LOW,LOW,1,2,2,1,3.4200000000000004
LOW,LOW,1,0,2,0,2.26
LOW,LOW,1,1,5,3,4.986
HIGH,HIGH,1,9,1,0,2.428
HIGH,HIGH,1,6,4,3,4.9
HIGH,HIGH,1,9,2,0,2.23
LOW,LOW,0,2,1,0,7.245999999999999
LOW,LOW,0,3,4,3,6.3260000000000005
HIGH,HIGH,0,9,3,2,8.247333333333334
HIGH,HIGH,0,7,5,5,5.144
LOW,LOW,0,2,1,0,7.218
LOW,LOW,1,3,2,1,5.565999999999999
LOW,LOW,0,2,5,3,6.404000000000001
LOW,LOW,1,5,1,0,5.077999999999999
LOW,LOW,0,4,1,0,5.824
HIGH,HIGH,0,6,1,0,4.335999999999999
LOW,LOW,0,5,1,0,6.119999999999999
HIGH,HIGH,0,8,4,3,7.026000000000001
LOW,LOW,0,1,3,3,5.824
HIGH,HIGH,0,6,4,3,8.161999999999999
HIGH,HIGH,0,6,2,1,6.428
LOW,LOW,0,5,0,0,5.384
LOW,LOW,0,2,0,0,4.25
LOW,LOW,1,2,1,0,4.158
LOW,LOW,0,4,1,0,4.7
LOW,LOW,0,3,4,3,5.428
LOW,LOW,0,4,0,0,3.364
HIGH,HIGH,0,7,0,0,1.162
LOW,LOW,0,1,4,2,0.944
LOW,LOW,0,3,5,3,6.032
LOW,LOW,1,1,0,0,3.534
LOW,LOW,0,0,0,0,4.068
HIGH,HIGH,0,8,2,1,3.562
LOW,LOW,1,2,1,0,1.0299999999999998
HIGH,HIGH,0,7,3,1,5.366666666666666
LOW,LOW,0,5,2,0,3.978
HIGH,HIGH,1,9,1,0,0.0
LOW,LOW,1,1,4,1,0.76
LOW,LOW,1,0,5,0,0.0
LOW,LOW,1,2,0,0,2.3640000000000003
HIGH,HIGH,1,6,2,0,0.954
HIGH,HIGH,1,7,2,0,1.256
LOW,LOW,1,3,0,0,0.936
LOW,LOW,1,5,5,0,0.626
HIGH,HIGH,1,9,4,0,0.926
LOW,LOW,1,2,1,0,0.372
HIGH,HIGH,1,7,0,0,7.055999999999999
HIGH,HIGH,0,8,1,0,6.514
LOW,LOW,1,4,5,4,4.98
HIGH,HIGH,0,6,5,3,7.146
LOW,LOW,0,3,1,0,5.41
LOW,LOW,0,2,0,0,3.078
HIGH,HIGH,0,8,0,0,5.478
HIGH,HIGH,1,8,2,1,6.186
LOW,LOW,1,5,1,0,5.377999999999999
LOW,LOW,0,5,3,2,4.797333333333334
LOW,LOW,1,2,0,0,1.482
HIGH,HIGH,0,8,5,3,2.862
LOW,LOW,0,1,3,0,2.044
LOW,LOW,0,3,0,0,4.594
HIGH,HIGH,0,8,2,1,2.25
HIGH,HIGH,0,7,5,3,1.5419999999999998
LOW,LOW,0,3,0,0,3.0939999999999994
HIGH,HIGH,0,6,2,1,0.274
LOW,LOW,1,3,0,0,1.904
LOW,LOW,0,1,5,2,3.104
LOW,LOW,1,0,4,2,2.958
LOW,LOW,0,2,0,0,1.792
HIGH,HIGH,1,8,0,0,3.264
LOW,LOW,0,4,2,1,2.512
HIGH,HIGH,1,8,1,0,3.518
LOW,LOW,0,3,3,1,4.628666666666667
HIGH,HIGH,0,9,1,0,1.084
LOW,LOW,1,2,4,2,2.302
LOW,LOW,1,4,0,0,4.504
LOW,LOW,0,1,0,0,2.022
LOW,LOW,1,2,4,0,0.646
LOW,LOW,1,5,5,0,1.874
LOW,LOW,1,4,2,0,0.634
LOW,LOW,1,3,3,0,1.0179999999999998
HIGH,HIGH,1,6,3,0,1.884
LOW,LOW,1,0,3,0,0.3419999999999999
LOW,LOW,1,2,1,0,0.32
LOW,LOW,1,0,5,1,0.3399999999999999
LOW,LOW,1,1,1,0,0.024
LOW,LOW,1,1,2,0,0.392
HIGH,HIGH,0,9,1,0,6.86
LOW,LOW,1,4,0,0,5.116
LOW,LOW,0,0,2,1,4.736
HIGH,HIGH,0,9,1,0,5.398
HIGH,HIGH,0,6,0,0,6.192
LOW,LOW,0,4,0,0,7.502
LOW,LOW,1,1,3,2,7.509333333333333
HIGH,HIGH,0,8,4,3,5.8340000000000005
LOW,LOW,0,5,4,3,6.84
LOW,LOW,0,5,5,4,3.836
HIGH,HIGH,1,9,5,0,1.292
LOW,LOW,1,0,2,0,0.0
LOW,LOW,1,0,3,0,0.0
LOW,LOW,1,2,0,0,0.64
LOW,LOW,1,1,2,0,1.312
HIGH,HIGH,1,8,4,1,1.26
HIGH,HIGH,1,6,3,0,0.6
HIGH,HIGH,1,6,4,0,0.3319999999999999
LOW,LOW,1,0,0,0,0.012
HIGH,HIGH,1,6,1,0,0.0
HIGH,HIGH,1,8,3,1,1.350666666666667
LOW,LOW,1,2,3,0,0.3419999999999999
LOW,LOW,1,4,0,0,0.952
HIGH,HIGH,1,6,1,0,0.01
HIGH,HIGH,1,9,0,0,0.32
HIGH,HIGH,1,8,4,0,0.0
LOW,LOW,1,2,1,0,0.966
HIGH,HIGH,1,8,5,1,0.04
LOW,LOW,1,0,5,0,1.01
LOW,LOW,1,3,3,0,0.31
LOW,LOW,0,0,5,5,6.262
LOW,LOW,0,2,5,5,5.086
HIGH,HIGH,0,8,4,2,6.37
LOW,LOW,0,4,2,1,6.396
HIGH,HIGH,0,6,1,0,4.646000000000001
LOW,LOW,0,1,1,1,5.912
LOW,LOW,0,0,2,1,7.799999999999999
HIGH,HIGH,0,8,1,1,5.925999999999999
HIGH,HIGH,0,7,2,1,5.239999999999999
HIGH,HIGH,1,7,2,1,7.521999999999999
HIGH,HIGH,1,6,3,2,0.7833333333333333
HIGH,HIGH,1,7,1,0,3.632
LOW,LOW,1,3,3,2,3.4113333333333333
HIGH,HIGH,1,8,0,0,4.93
LOW,LOW,1,4,0,0,1.0659999999999998
HIGH,HIGH,1,9,2,1,1.0639999999999998
LOW,LOW,0,0,2,1,5.042
HIGH,HIGH,0,6,3,1,4.358666666666666
LOW,LOW,0,2,2,1,5.799999999999999
LOW,LOW,1,0,0,0,3.836
HIGH,HIGH,1,9,2,1,5.22
LOW,LOW,1,3,2,0,4.132
LOW,LOW,1,5,5,2,2.3400000000000003
HIGH,HIGH,1,9,4,3,2.996
LOW,LOW,1,3,0,0,1.558
HIGH,HIGH,1,7,4,2,4.248
HIGH,HIGH,1,8,4,2,3.732
HIGH,HIGH,1,7,5,2,2.4720000000000004
HIGH,HIGH,0,9,5,2,3.408
LOW,LOW,0,2,0,0,5.616
LOW,LOW,0,3,0,0,3.104
HIGH,HIGH,1,8,0,0,3.948
HIGH,HIGH,1,9,1,0,2.26
LOW,LOW,1,0,4,1,4.314
HIGH,HIGH,1,6,3,2,0.9093333333333332
LOW,LOW,0,5,3,0,1.166
HIGH,HIGH,0,8,2,1,5.408
LOW,LOW,1,1,1,0,1.56
HIGH,HIGH,1,8,0,0,2.878
HIGH,HIGH,1,6,3,2,4.657333333333334
LOW,LOW,1,1,3,2,2.0773333333333333
HIGH,HIGH,0,8,2,0,5.868
HIGH,HIGH,0,9,2,1,3.4960000000000004
LOW,LOW,0,1,0,0,2.09
HIGH,HIGH,1,7,0,0,4.466
HIGH,HIGH,0,7,3,1,5.588666666666667
HIGH,HIGH,1,9,4,1,2.46
LOW,LOW,1,1,1,0,3.59
HIGH,HIGH,1,7,4,2,0.164
HIGH,HIGH,0,8,5,3,3.85
HIGH,HIGH,1,6,5,3,7.144
LOW,LOW,1,4,2,1,5.633999999999999
LOW,LOW,1,3,4,4,8.264
HIGH,HIGH,0,8,2,1,5.358
LOW,LOW,0,4,5,3,3.806
HIGH,HIGH,1,6,1,1,5.646
HIGH,HIGH,0,8,2,2,7.034000000000001
LOW,LOW,0,0,5,3,6.674
LOW,LOW,0,0,5,5,7.492
LOW,LOW,0,3,4,4,3.818
HIGH,HIGH,0,7,1,0,3.286
LOW,LOW,1,1,4,3,1.83
LOW,LOW,1,5,3,1,2.8826666666666667
LOW,LOW,1,4,0,0,1.924
LOW,LOW,1,0,4,2,4.232
LOW,LOW,1,0,3,1,2.322666666666667
LOW,LOW,1,5,4,2,2.4040000000000004
LOW,LOW,0,2,0,0,2.676
LOW,LOW,0,1,1,0,2.718
HIGH,HIGH,1,9,2,1,3.614
LOW,LOW,1,2,1,0,1.256
HIGH,HIGH,1,9,0,0,0.93
HIGH,HIGH,1,8,0,0,1.672
LOW,LOW,1,0,2,0,0.696
LOW,LOW,1,5,5,0,1.344
HIGH,HIGH,1,9,4,0,0.37
LOW,LOW,1,1,1,0,1.762
LOW,LOW,1,1,3,0,0.944
HIGH,HIGH,1,9,1,0,0.614
LOW,LOW,1,0,1,0,0.7719999999999999
LOW,LOW,1,0,0,0,4.15
LOW,LOW,1,2,5,3,2.648
LOW,LOW,0,3,1,0,3.0
LOW,LOW,0,2,4,2,4.552
LOW,LOW,1,3,3,0,3.454
HIGH,HIGH,0,8,5,2,3.442
HIGH,HIGH,1,8,0,0,4.566
LOW,LOW,1,4,5,2,3.378
LOW,LOW,1,4,4,1,1.7320000000000002
LOW,LOW,0,5,0,0,4.048
LOW,LOW,1,1,0,0,1.272
LOW,LOW,1,5,2,0,0.3319999999999999
LOW,LOW,1,1,5,0,0.0
LOW,LOW,1,4,3,0,1.004
HIGH,HIGH,1,8,0,0,0.648
LOW,LOW,1,1,4,0,0.6
HIGH,HIGH,1,9,4,0,0.0
LOW,LOW,1,2,4,0,0.95
LOW,LOW,1,4,0,0,1.608
LOW,LOW,1,2,3,0,0.3
HIGH,HIGH,0,8,1,0,4.021999999999999
HIGH,HIGH,1,8,1,0,1.976
HIGH,HIGH,0,7,0,0,3.006
LOW,LOW,0,0,5,2,1.43
HIGH,HIGH,0,8,1,0,2.044
LOW,LOW,1,4,0,0,3.868
LOW,LOW,0,3,1,0,0.4919999999999999
HIGH,HIGH,0,7,0,0,1.842
HIGH,HIGH,0,9,1,0,3.09
LOW,LOW,0,1,0,0,2.068
LOW,LOW,1,3,3,0,2.022
HIGH,HIGH,1,8,1,0,2.526
LOW,LOW,1,5,4,2,2.676
HIGH,HIGH,1,7,1,0,2.536
HIGH,HIGH,0,6,4,1,4.401999999999999
LOW,LOW,1,2,5,3,4.58
HIGH,HIGH,1,9,2,1,3.692
LOW,LOW,1,1,1,0,2.238
HIGH,HIGH,1,8,1,0,1.93
HIGH,HIGH,1,9,3,2,3.641333333333333
HIGH,HIGH,1,6,5,1,0.356
HIGH,HIGH,1,7,3,0,1.634
LOW,LOW,1,2,3,0,0.6599999999999999
HIGH,HIGH,1,6,3,0,1.7200000000000002
LOW,LOW,1,0,0,0,0.026
LOW,LOW,1,4,1,0,0.3
HIGH,HIGH,1,9,0,0,0.63
LOW,LOW,1,1,2,0,0.636
LOW,LOW,1,4,5,0,1.298
HIGH,HIGH,1,7,1,0,0.956
LOW,LOW,1,1,3,1,3.658666666666667
LOW,LOW,1,0,5,3,3.628
HIGH,HIGH,1,8,2,0,4.506
LOW,LOW,0,0,3,1,1.7666666666666666
LOW,LOW,0,3,0,0,2.288
LOW,LOW,1,1,3,1,1.7706666666666668
HIGH,HIGH,1,6,1,0,3.538
HIGH,HIGH,1,9,5,2,3.37
HIGH,HIGH,1,7,1,0,3.248
LOW,LOW,0,2,1,0,3.932
LOW,LOW,0,2,0,0,2.738
LOW,LOW,1,1,5,1,4.204
LOW,LOW,0,0,3,0,3.322
HIGH,HIGH,0,8,0,0,3.312
LOW,LOW,1,2,5,1,2.458
LOW,LOW,0,4,1,0,2.99
LOW,LOW,0,3,5,2,5.726
HIGH,HIGH,1,6,2,0,5.885999999999999
LOW,LOW,1,3,0,0,5.212
LOW,LOW,1,5,3,2,2.3513333333333333
LOW,LOW,0,3,3,2,5.163333333333334
LOW,LOW,0,2,3,2,6.043333333333334
HIGH,HIGH,0,9,3,2,5.799333333333333
LOW,LOW,0,1,1,0,6.5360000000000005
LOW,LOW,0,4,0,0,4.98
HIGH,HIGH,1,7,3,2,6.501333333333334
HIGH,HIGH,1,7,3,2,7.471333333333333
HIGH,HIGH,0,9,4,3,6.744000000000001
HIGH,HIGH,0,6,2,1,5.042
LOW,LOW,0,3,1,1,5.804
LOW,LOW,0,5,5,4,5.186000000000001
LOW,LOW,0,1,5,3,4.864
HIGH,HIGH,0,7,1,0,4.482
LOW,LOW,1,1,3,2,6.525333333333334
LOW,LOW,0,2,4,3,5.202
HIGH,HIGH,1,7,1,0,5.46
HIGH,HIGH,0,7,1,0,6.774
HIGH,HIGH,0,6,4,4,6.392
LOW,LOW,0,5,0,0,7.715999999999999
HIGH,HIGH,0,8,1,0,7.012
LOW,LOW,1,3,5,2,5.279999999999999
LOW,LOW,0,5,3,1,4.064666666666667
LOW,LOW,1,3,4,1,2.438
LOW,LOW,1,3,1,0,4.5280000000000005
LOW,LOW,0,2,3,2,2.583333333333333
LOW,LOW,0,4,4,1,2.48
LOW,LOW,1,5,1,0,2.3320000000000003
HIGH,HIGH,1,9,5,2,3.952
HIGH,HIGH,1,8,4,2,1.754
LOW,LOW,1,4,5,3,3.366
LOW,LOW,0,3,4,2,3.134
LOW,LOW,1,3,1,0,4.2620000000000005
LOW,LOW,0,4,4,2,2.874
LOW,LOW,0,0,2,1,3.788
HIGH,HIGH,0,6,5,2,4.142
HIGH,HIGH,0,9,2,1,0.896
LOW,LOW,1,3,0,0,2.912
HIGH,HIGH,1,7,0,0,1.364
HIGH,HIGH,1,7,1,0,0.3999999999999999
LOW,LOW,0,5,0,0,3.024
HIGH,HIGH,1,6,0,0,2.864
LOW,LOW,1,3,3,1,3.602666666666667
HIGH,HIGH,1,8,4,3,4.58
LOW,LOW,1,1,0,0,3.216
LOW,LOW,1,3,0,0,2.564
HIGH,HIGH,0,9,0,0,2.72
HIGH,HIGH,1,6,0,0,4.598
LOW,LOW,1,3,2,1,3.4560000000000004
LOW,LOW,0,2,4,2,2.8960000000000004
LOW,LOW,0,1,3,1,5.000666666666667
HIGH,HIGH,0,8,4,2,1.254
LOW,LOW,1,3,0,0,3.55
HIGH,HIGH,0,6,5,3,2.82
HIGH,HIGH,1,6,4,2,3.354
HIGH,HIGH,0,7,0,0,1.738
LOW,LOW,0,3,3,1,5.734666666666667
HIGH,HIGH,0,8,1,0,3.992
LOW,LOW,0,1,1,0,3.35
HIGH,HIGH,0,8,1,0,0.808
HIGH,HIGH,1,6,4,2,2.064
LOW,LOW,0,1,3,2,3.465333333333333
LOW,LOW,0,4,1,0,3.704
HIGH,HIGH,0,9,4,3,2.524
HIGH,HIGH,1,8,0,0,2.238
LOW,LOW,1,1,5,2,1.344
HIGH,HIGH,0,9,2,1,3.774
HIGH,HIGH,1,7,3,1,2.626666666666667
LOW,LOW,0,1,0,0,2.778
LOW,LOW,0,3,2,0,4.318
HIGH,HIGH,0,6,1,0,3.68
HIGH,HIGH,0,9,3,1,2.772666666666667
HIGH,HIGH,1,6,0,0,1.584
HIGH,HIGH,1,9,2,1,2.134
HIGH,HIGH,1,8,3,1,2.756666666666667
HIGH,HIGH,0,8,5,3,4.114
HIGH,HIGH,1,9,0,0,2.636
LOW,LOW,0,0,4,2,5.022
LOW,LOW,1,2,0,0,4.508
HIGH,HIGH,0,9,2,0,2.444
LOW,LOW,0,0,2,1,3.464
LOW,LOW,0,1,4,1,4.037999999999999
LOW,LOW,1,0,1,0,4.258
LOW,LOW,1,0,1,0,2.262
LOW,LOW,1,1,2,1,2.3200000000000003
LOW,LOW,1,4,3,2,4.615333333333334
LOW,LOW,0,1,0,0,2.078
HIGH,HIGH,1,9,5,3,4.21
HIGH,HIGH,1,8,4,2,2.49
LOW,LOW,1,5,0,0,4.524
LOW,LOW,0,5,4,1,1.2939999999999998
LOW,LOW,1,2,3,0,0.3
HIGH,HIGH,1,6,1,0,3.222
HIGH,HIGH,1,6,1,0,0.986
HIGH,HIGH,1,7,3,0,0.05
HIGH,HIGH,1,9,4,0,1.322
HIGH,HIGH,1,8,1,0,0.044
LOW,LOW,1,2,4,0,0.948
HIGH,HIGH,1,6,1,0,0.654
LOW,LOW,1,1,2,0,1.268
LOW,LOW,1,5,5,0,0.0
HIGH,HIGH,0,7,3,2,8.973333333333333
LOW,LOW,0,1,4,4,5.1240000000000006
LOW,LOW,0,2,2,1,8.436
HIGH,HIGH,0,9,4,2,5.859999999999999
HIGH,HIGH,0,7,3,1,4.6146666666666665
HIGH,HIGH,0,7,4,2,4.984
HIGH,HIGH,0,6,3,1,5.4126666666666665
HIGH,HIGH,0,7,5,4,6.193999999999999
LOW,LOW,0,4,5,4,7.745999999999999
HIGH,HIGH,1,6,0,0,5.444
HIGH,HIGH,1,7,5,3,4.252
LOW,LOW,1,4,0,0,1.312
LOW,LOW,1,1,4,1,3.232
LOW,LOW,1,3,3,1,3.712666666666667
LOW,LOW,1,1,1,0,2.714
HIGH,HIGH,0,7,1,0,3.3440000000000003
LOW,LOW,0,0,0,0,4.324
HIGH,HIGH,1,6,4,2,2.67
LOW,LOW,0,2,3,1,3.442666666666667
LOW,LOW,0,5,0,0,1.78
LOW,LOW,1,4,2,1,2.648
HIGH,HIGH,1,6,5,3,4.5920000000000005
LOW,LOW,0,0,1,0,2.704
LOW,LOW,0,3,1,0,4.01
LOW,LOW,0,1,3,1,3.4186666666666667
LOW,LOW,0,1,0,0,3.638
HIGH,HIGH,0,7,1,0,5.968
LOW,LOW,0,0,5,3,1.852
HIGH,HIGH,1,6,5,0,0.358
HIGH,HIGH,1,6,1,0,0.7
LOW,LOW,0,1,2,1,3.804
LOW,LOW,1,1,0,0,3.538
LOW,LOW,0,0,4,2,4.1
LOW,LOW,0,1,4,3,2.6300000000000003
HIGH,HIGH,0,8,4,2,3.204
HIGH,HIGH,0,9,0,0,3.352
LOW,LOW,1,0,4,2,5.485999999999999
HIGH,HIGH,0,8,3,1,4.402666666666666
HIGH,HIGH,1,7,1,0,2.358
LOW,LOW,0,3,0,0,1.446
LOW,LOW,0,5,0,0,2.4
LOW,LOW,0,0,5,2,3.12
LOW,LOW,1,4,0,0,3.3040000000000003
LOW,LOW,0,3,1,0,3.776
LOW,LOW,0,4,1,0,3.334
HIGH,HIGH,0,9,3,1,2.2266666666666666
LOW,LOW,1,5,0,0,4.458
HIGH,HIGH,0,8,2,1,3.422
LOW,LOW,0,4,0,0,5.010000000000001
HIGH,HIGH,0,7,0,0,2.724
LOW,LOW,0,2,4,1,7.305999999999999
LOW,LOW,1,2,1,0,3.33
HIGH,HIGH,0,8,3,0,3.354
LOW,LOW,0,2,4,1,3.104
LOW,LOW,1,1,5,3,3.964
LOW,LOW,1,2,3,1,2.678666666666667
LOW,LOW,1,5,5,2,2.648
HIGH,HIGH,0,9,0,0,1.682
LOW,LOW,0,0,0,0,3.58
LOW,LOW,0,1,5,1,5.694
HIGH,HIGH,0,8,5,3,1.662
LOW,LOW,1,0,4,2,3.05
LOW,LOW,1,0,0,0,2.99
HIGH,HIGH,1,8,5,2,3.27
HIGH,HIGH,0,9,2,1,3.4880000000000004
HIGH,HIGH,0,6,4,2,5.084
LOW,LOW,0,2,2,0,4.698
LOW,LOW,0,2,0,0,3.362
HIGH,HIGH,0,7,0,0,4.337999999999999
LOW,LOW,1,2,3,2,0.7853333333333333
LOW,LOW,0,4,2,1,1.5
LOW,LOW,0,4,2,0,3.944
HIGH,HIGH,1,8,5,1,4.186
LOW,LOW,0,4,2,0,4.46
HIGH,HIGH,0,9,0,0,3.676
LOW,LOW,0,0,2,0,3.026
LOW,LOW,0,5,3,1,4.084666666666667
HIGH,HIGH,0,7,1,0,4.978000000000001
LOW,LOW,1,4,3,1,3.712666666666667
HIGH,HIGH,1,9,2,1,1.6840000000000002
HIGH,HIGH,0,8,2,1,3.4760000000000004
HIGH,HIGH,0,8,2,0,2.358
HIGH,HIGH,0,7,3,2,1.9433333333333331
LOW,LOW,0,1,5,1,2.812
HIGH,HIGH,1,9,4,2,2.644
LOW,LOW,1,4,4,1,3.912
HIGH,HIGH,1,9,2,1,3.664
LOW,LOW,0,1,0,0,3.316
LOW,LOW,0,1,2,1,2.166
LOW,LOW,0,0,0,0,3.36
LOW,LOW,1,0,3,2,4.037333333333333
LOW,LOW,0,5,2,1,3.164
LOW,LOW,0,3,2,0,3.446
LOW,LOW,0,0,0,0,3.346
LOW,LOW,0,3,5,3,5.3420000000000005
LOW,LOW,1,1,0,0,2.674
LOW,LOW,0,1,5,3,4.002
HIGH,HIGH,1,6,0,0,3.878
LOW,LOW,0,1,3,1,2.520666666666667
LOW,LOW,1,2,3,1,3.9126666666666665
HIGH,HIGH,1,6,4,2,1.7020000000000002
LOW,LOW,1,2,4,1,3.294
LOW,LOW,1,3,5,3,1.992
HIGH,HIGH,0,9,3,1,3.506666666666667
HIGH,HIGH,1,8,5,2,1.98
LOW,LOW,0,2,5,1,3.438
HIGH,HIGH,1,6,4,2,2.346
LOW,LOW,1,5,1,0,1.94
LOW,LOW,0,2,0,0,3.294
HIGH,HIGH,0,6,2,0,3.026
LOW,LOW,1,0,4,0,0.606
HIGH,HIGH,1,6,5,0,0.714
LOW,LOW,1,2,4,0,0.946
HIGH,HIGH,1,8,4,1,0.1679999999999999
HIGH,HIGH,1,9,2,0,0.65
LOW,LOW,1,2,4,0,0.0
HIGH,HIGH,1,8,1,0,0.976
LOW,LOW,1,1,3,0,0.3999999999999999
LOW,LOW,1,3,4,0,1.288
LOW,LOW,1,4,4,1,0.71
HIGH,HIGH,0,9,4,2,4.8
LOW,LOW,1,0,1,0,2.302
HIGH,HIGH,0,6,3,1,3.708666666666667
LOW,LOW,0,2,0,0,2.03
LOW,LOW,0,4,1,0,2.702
LOW,LOW,0,0,3,2,2.9413333333333336
LOW,LOW,0,2,5,2,3.158
HIGH,HIGH,1,7,0,0,1.944
LOW,LOW,1,3,5,2,2.64
HIGH,HIGH,0,6,1,0,2.946
LOW,LOW,1,4,3,0,0.306
LOW,LOW,1,3,1,0,0.384
LOW,LOW,1,1,4,0,0.3
HIGH,HIGH,1,6,3,0,0.688
LOW,LOW,1,0,2,0,0.3999999999999999
LOW,LOW,1,2,1,0,2.524
HIGH,HIGH,1,7,3,1,0.9886666666666666
HIGH,HIGH,1,7,4,0,0.624
LOW,LOW,1,4,5,0,1.0259999999999998
LOW,LOW,1,2,0,0,0.96
LOW,LOW,0,4,3,1,3.9166666666666665
LOW,LOW,0,3,1,0,0.2
LOW,LOW,0,1,0,0,3.034
LOW,LOW,0,1,3,1,1.2066666666666666
LOW,LOW,1,3,2,1,4.076
HIGH,HIGH,0,9,4,1,0.604
HIGH,HIGH,1,8,0,0,2.71
LOW,LOW,1,5,4,2,2.146
LOW,LOW,0,3,4,3,4.798000000000001
HIGH,HIGH,1,9,1,0,4.218
LOW,LOW,1,0,5,0,1.604
LOW,LOW,1,4,1,0,1.306
HIGH,HIGH,1,9,5,0,0.368
LOW,LOW,0,1,5,1,0.898
LOW,LOW,1,1,2,0,1.02
LOW,LOW,1,4,1,0,0.026
HIGH,HIGH,1,6,5,1,2.222
HIGH,HIGH,1,6,3,0,2.248
LOW,LOW,1,0,5,0,1.3239999999999998
HIGH,HIGH,1,8,3,0,0.3
HIGH,HIGH,1,7,3,1,2.630666666666667
LOW,LOW,1,4,5,2,3.58
LOW,LOW,1,5,4,0,1.922
LOW,LOW,1,1,4,2,1.0679999999999998
LOW,LOW,1,4,4,1,2.75
LOW,LOW,0,4,3,1,3.1546666666666665
HIGH,HIGH,1,6,0,0,4.152
HIGH,HIGH,1,6,1,0,3.218
LOW,LOW,1,4,3,1,2.9286666666666665
HIGH,HIGH,1,9,0,0,4.288
LOW,LOW,1,2,0,0,2.858
LOW,LOW,1,4,4,3,3.602
LOW,LOW,0,2,2,1,3.47
LOW,LOW,0,5,4,0,2.714
LOW,LOW,1,2,0,0,3.43
LOW,LOW,1,5,1,0,3.808
HIGH,HIGH,0,7,5,2,1.926
HIGH,HIGH,1,7,4,2,0.408
LOW,LOW,0,4,1,0,4.084
HIGH,HIGH,0,7,5,2,4.158
HIGH,HIGH,1,7,2,0,1.29
HIGH,HIGH,1,9,0,0,0.01
HIGH,HIGH,1,9,3,0,1.3199999999999998
LOW,LOW,1,0,3,0,0.3
LOW,LOW,1,2,5,0,1.564
LOW,LOW,1,4,5,0,1.58
HIGH,HIGH,1,7,0,0,0.97
LOW,LOW,1,3,4,0,0.614
LOW,LOW,1,4,5,0,1.608
LOW,LOW,1,4,1,0,0.3
LOW,LOW,1,5,4,2,2.048
LOW,LOW,0,1,3,2,4.105333333333333
LOW,LOW,0,1,0,0,5.242
HIGH,HIGH,0,9,4,2,2.488
HIGH,HIGH,1,8,2,1,0.502
HIGH,HIGH,0,9,4,2,2.836
LOW,LOW,0,0,2,0,1.152
HIGH,HIGH,0,7,2,1,5.098
LOW,LOW,1,3,5,2,2.032
LOW,LOW,0,5,4,2,3.084
LOW,LOW,1,5,5,2,3.888
LOW,LOW,0,3,5,2,2.486
HIGH,HIGH,0,8,4,2,5.044
LOW,LOW,1,3,0,0,2.864
HIGH,HIGH,1,8,1,0,4.264
LOW,LOW,0,2,2,1,1.554
LOW,LOW,0,2,3,2,2.505333333333333
LOW,LOW,0,1,2,1,2.914
LOW,LOW,1,2,4,2,2.3640000000000003
HIGH,HIGH,0,7,1,0,4.930000000000001
HIGH,HIGH,0,8,0,0,5.914
LOW,LOW,0,3,2,1,2.8440000000000003
HIGH,HIGH,1,7,5,3,5.274
LOW,LOW,1,1,0,0,2.25
LOW,LOW,1,1,3,2,2.679333333333333
HIGH,HIGH,0,8,1,0,3.09
HIGH,HIGH,1,7,0,0,1.956
LOW,LOW,1,3,4,2,6.287999999999999
LOW,LOW,0,5,4,2,3.466
LOW,LOW,1,3,3,2,3.059333333333333
HIGH,HIGH,1,6,4,0,4.8
LOW,LOW,0,4,0,0,5.576
HIGH,HIGH,1,6,0,0,4.788
LOW,LOW,1,5,1,0,1.61
HIGH,HIGH,1,7,0,0,3.256
HIGH,HIGH,1,9,5,1,5.029999999999999
HIGH,HIGH,0,7,5,3,3.766
LOW,LOW,1,2,5,1,3.63
LOW,LOW,0,4,3,2,4.1853333333333325
LOW,LOW,1,1,1,0,2.978
LOW,LOW,0,2,1,0,3.692
HIGH,HIGH,0,6,1,0,2.718
LOW,LOW,1,2,4,1,2.9519999999999995
LOW,LOW,1,5,5,2,5.864
LOW,LOW,0,1,5,2,4.956
LOW,LOW,1,1,0,0,4.144
HIGH,HIGH,0,7,5,1,5.338
LOW,LOW,0,3,4,2,1.24
LOW,LOW,1,0,1,0,0.358
LOW,LOW,0,4,4,1,2.412
LOW,LOW,1,4,4,2,1.618
HIGH,HIGH,0,6,1,0,5.008
LOW,LOW,1,5,4,2,3.342
LOW,LOW,1,3,0,0,3.916
HIGH,HIGH,1,6,1,0,2.616
LOW,LOW,1,3,2,0,1.656
HIGH,HIGH,0,6,4,1,3.698
HIGH,HIGH,1,9,4,0,2.652
HIGH,HIGH,0,7,4,1,2.792
LOW,LOW,1,5,5,3,5.598
LOW,LOW,0,1,4,1,5.63
LOW,LOW,1,2,4,3,4.726
LOW,LOW,1,4,2,1,1.98
HIGH,HIGH,1,6,1,0,4.182
LOW,LOW,0,4,1,0,3.97
LOW,LOW,1,2,3,2,3.349333333333333
LOW,LOW,1,1,2,0,4.214
LOW,LOW,0,3,1,0,3.1939999999999995
LOW,LOW,0,1,3,0,1.17
HIGH,HIGH,1,9,1,0,2.272
LOW,LOW,0,3,3,2,2.8393333333333333
LOW,LOW,0,0,5,3,1.908
HIGH,HIGH,0,9,2,1,3.084
LOW,LOW,1,5,4,2,3.39
LOW,LOW,0,5,3,2,4.761333333333334
LOW,LOW,1,1,0,0,3.28
LOW,LOW,1,1,3,1,4.342666666666666
LOW,LOW,1,3,2,0,3.196
LOW,LOW,0,3,4,2,4.443999999999999
HIGH,HIGH,1,9,4,2,4.22
LOW,LOW,1,2,5,3,4.295999999999999
LOW,LOW,0,1,2,1,2.47
LOW,LOW,1,1,0,0,1.986
HIGH,HIGH,0,7,1,0,6.296
HIGH,HIGH,0,8,2,1,5.8
LOW,LOW,1,3,4,1,2.302
LOW,LOW,0,0,1,0,2.698
HIGH,HIGH,0,8,4,1,3.452
HIGH,HIGH,1,7,5,2,1.71
LOW,LOW,1,4,5,4,2.426
LOW,LOW,1,1,0,0,0.3
LOW,LOW,1,3,2,0,0.61
LOW,LOW,1,5,1,0,0.622
HIGH,HIGH,1,9,2,0,0.0
HIGH,HIGH,1,7,3,0,0.02
LOW,LOW,1,0,4,0,1.614
HIGH,HIGH,1,8,1,0,1.288
LOW,LOW,1,3,5,0,0.35
LOW,LOW,1,1,3,0,0.0
LOW,LOW,1,5,2,0,1.26
LOW,LOW,0,0,0,0,1.778
HIGH,HIGH,0,6,1,0,1.382
HIGH,HIGH,1,8,1,0,0.984
HIGH,HIGH,0,8,2,1,4.337999999999999
LOW,LOW,1,0,0,0,3.168
HIGH,HIGH,1,6,0,0,0.354
HIGH,HIGH,0,9,2,1,7.601999999999999
HIGH,HIGH,1,9,2,0,1.584
HIGH,HIGH,0,8,5,3,0.584
HIGH,HIGH,1,7,2,1,2.3400000000000003
LOW,LOW,1,0,5,4,4.662000000000001
LOW,LOW,0,3,5,3,6.716
HIGH,HIGH,0,8,5,4,6.09
LOW,LOW,0,3,5,2,5.174
HIGH,HIGH,0,6,1,0,3.1899999999999995
LOW,LOW,0,4,2,1,5.02
LOW,LOW,0,2,4,3,3.894
HIGH,HIGH,1,8,4,3,6.454000000000001
LOW,LOW,0,5,1,0,3.078
HIGH,HIGH,0,8,0,0,7.21
LOW,LOW,0,2,0,0,7.351999999999999
LOW,LOW,1,0,1,0,3.16
LOW,LOW,0,1,0,0,5.42
LOW,LOW,0,1,4,3,5.282
HIGH,HIGH,0,8,5,4,6.978000000000001
LOW,LOW,0,3,2,1,6.042
LOW,LOW,0,0,5,3,10.232
HIGH,HIGH,1,8,3,2,5.857333333333333
HIGH,HIGH,0,8,3,1,5.796666666666666
HIGH,HIGH,0,9,3,2,5.8293333333333335
HIGH,HIGH,1,8,0,0,3.232
LOW,LOW,0,0,2,1,3.854
LOW,LOW,0,4,1,0,5.692
HIGH,HIGH,1,6,3,1,3.550666666666667
HIGH,HIGH,0,8,1,0,2.688
HIGH,HIGH,1,8,3,2,3.9733333333333327
HIGH,HIGH,1,8,0,0,2.248
LOW,LOW,0,1,2,0,4.07
HIGH,HIGH,1,8,2,1,0.422
LOW,LOW,1,1,2,0,4.764
LOW,LOW,0,4,4,1,1.842
LOW,LOW,0,2,4,3,3.846
HIGH,HIGH,0,9,3,1,5.4206666666666665
LOW,LOW,0,3,3,2,4.173333333333333
LOW,LOW,0,1,1,0,3.99
HIGH,HIGH,1,7,3,2,3.017333333333333
LOW,LOW,1,0,5,4,3.004
LOW,LOW,0,2,4,2,1.156
LOW,LOW,0,3,3,1,3.748666666666667
HIGH,HIGH,0,9,4,2,2.514
HIGH,HIGH,0,7,2,0,5.274
LOW,LOW,1,1,0,0,2.978
LOW,LOW,0,5,0,0,1.39
HIGH,HIGH,0,6,5,2,3.188
LOW,LOW,1,5,3,2,2.7653333333333334
LOW,LOW,0,0,2,0,1.5619999999999998
HIGH,HIGH,1,7,0,0,4.48
LOW,LOW,1,0,1,0,0.956
HIGH,HIGH,1,9,5,3,4.558
HIGH,HIGH,1,6,5,2,2.954
HIGH,HIGH,1,8,5,2,4.972
LOW,LOW,0,3,4,1,2.136
LOW,LOW,0,2,3,1,3.0846666666666667
LOW,LOW,1,4,2,1,2.964
LOW,LOW,0,5,4,2,3.494
LOW,LOW,0,1,4,1,3.1059999999999994
HIGH,HIGH,0,6,5,3,0.978
LOW,LOW,0,5,5,2,3.848
HIGH,HIGH,0,8,5,2,2.156
LOW,LOW,1,1,2,0,2.66
LOW,LOW,1,1,4,3,4.316
LOW,LOW,0,4,3,2,5.747333333333334
HIGH,HIGH,1,7,4,3,6.8740000000000006
HIGH,HIGH,0,6,5,3,4.362
LOW,LOW,0,4,3,3,4.706
LOW,LOW,0,3,4,3,7.16
LOW,LOW,0,4,3,3,7.258
LOW,LOW,1,4,0,0,4.73
HIGH,HIGH,0,9,5,4,4.67
HIGH,HIGH,0,7,5,3,3.766
LOW,LOW,1,2,0,0,3.902
LOW,LOW,1,0,2,1,5.961999999999999
LOW,LOW,0,2,4,0,5.89
LOW,LOW,1,0,0,0,3.076
LOW,LOW,0,2,5,2,3.366
HIGH,HIGH,1,6,1,0,1.64
LOW,LOW,1,1,4,1,3.684
LOW,LOW,1,3,2,1,4.608
LOW,LOW,1,1,5,2,4.026
HIGH,HIGH,1,8,4,2,2.37
LOW,LOW,1,5,1,0,4.62
LOW,LOW,0,3,1,0,0.476
LOW,LOW,1,2,1,0,4.804
HIGH,HIGH,0,9,4,2,2.464
LOW,LOW,0,1,3,2,3.067333333333333
LOW,LOW,1,3,1,0,2.83
LOW,LOW,0,0,4,2,6.079999999999999
HIGH,HIGH,0,7,0,0,4.718
HIGH,HIGH,0,8,0,0,1.156
HIGH,HIGH,1,8,4,2,3.646
LOW,LOW,0,3,0,0,3.35
LOW,LOW,1,3,4,2,0.754
HIGH,HIGH,0,7,0,0,1.104
LOW,LOW,1,1,3,1,3.8906666666666663
HIGH,HIGH,1,7,2,1,4.377999999999999
HIGH,HIGH,1,7,4,2,0.824
HIGH,HIGH,0,9,4,3,2.84
LOW,LOW,0,5,0,0,5.638
LOW,LOW,0,3,0,0,0.764
HIGH,HIGH,0,6,5,3,4.8580000000000005
LOW,LOW,1,0,4,3,2.012
HIGH,HIGH,1,8,2,0,1.358
HIGH,HIGH,1,8,0,0,4.22
HIGH,HIGH,1,9,5,2,2.026
LOW,LOW,0,0,0,0,0.49
LOW,LOW,1,4,2,0,3.862
LOW,LOW,1,0,0,0,2.752
LOW,LOW,1,5,3,1,1.354666666666667
HIGH,HIGH,0,8,4,1,3.68
LOW,LOW,1,1,5,2,1.7460000000000002
HIGH,HIGH,0,6,1,0,7.895999999999999
HIGH,HIGH,0,8,5,4,7.048
LOW,LOW,0,2,4,3,7.164
HIGH,HIGH,1,9,0,0,3.544
HIGH,HIGH,0,7,2,1,5.036
LOW,LOW,1,1,4,2,7.749999999999999
HIGH,HIGH,0,8,0,0,6.864
LOW,LOW,0,3,4,2,6.686
HIGH,HIGH,0,6,5,3,6.177999999999999
LOW,LOW,1,2,1,0,4.814
LOW,LOW,1,5,2,1,1.1
LOW,LOW,0,1,2,1,5.358
HIGH,HIGH,1,6,1,0,4.832
HIGH,HIGH,1,7,0,0,7.351999999999999
HIGH,HIGH,1,6,3,1,6.510666666666666
HIGH,HIGH,1,9,3,0,0.3399999999999999
LOW,LOW,0,2,3,1,0.8666666666666666
LOW,LOW,0,5,4,2,3.152
LOW,LOW,0,3,1,0,2.69
HIGH,HIGH,1,6,1,0,3.814
HIGH,HIGH,1,9,5,2,2.896
LOW,LOW,1,5,5,3,2.318
LOW,LOW,1,1,2,0,3.3080000000000003
HIGH,HIGH,1,9,5,3,3.678
LOW,LOW,0,0,3,1,3.0946666666666665
LOW,LOW,0,5,4,2,3.054
LOW,LOW,1,4,0,0,3.604
HIGH,HIGH,0,9,5,1,1.39
LOW,LOW,1,0,1,0,2.25
HIGH,HIGH,0,9,4,0,2.662
LOW,LOW,0,5,3,2,4.499333333333333
LOW,LOW,1,3,2,0,6.064
LOW,LOW,0,3,3,2,6.737333333333334
LOW,LOW,0,3,5,5,5.796
LOW,LOW,0,1,0,0,6.956
LOW,LOW,1,0,1,0,5.765999999999999
LOW,LOW,0,0,2,1,6.352
LOW,LOW,1,4,0,0,4.826
HIGH,HIGH,0,9,3,2,7.129333333333333
HIGH,HIGH,0,7,2,1,7.632
HIGH,HIGH,1,7,3,2,5.1593333333333335
LOW,LOW,1,2,3,1,3.288666666666667
LOW,LOW,1,5,2,0,0.7819999999999999
HIGH,HIGH,1,6,0,0,5.722
LOW,LOW,0,5,1,0,3.972
LOW,LOW,0,0,1,0,4.926
HIGH,HIGH,0,9,1,0,4.964
LOW,LOW,1,3,0,0,3.246
LOW,LOW,1,3,4,3,1.1839999999999995
LOW,LOW,1,1,1,0,5.09
HIGH,HIGH,1,7,0,0,3.63
LOW,LOW,1,1,0,0,3.51
LOW,LOW,1,2,4,1,1.614
HIGH,HIGH,1,6,0,0,2.002
LOW,LOW,1,3,1,0,3.598
LOW,LOW,1,5,0,0,2.162
LOW,LOW,1,4,4,2,2.37
HIGH,HIGH,1,9,0,0,3.952
HIGH,HIGH,1,7,2,0,4.588
LOW,LOW,0,1,0,0,4.074
LOW,LOW,0,1,2,0,3.394
HIGH,HIGH,1,6,0,0,2.848
HIGH,HIGH,0,7,3,2,3.807333333333333
HIGH,HIGH,0,7,0,0,2.47
LOW,LOW,0,4,3,1,3.2226666666666666
HIGH,HIGH,0,7,2,1,2.938
LOW,LOW,1,4,4,3,3.42
LOW,LOW,1,5,2,0,1.644
HIGH,HIGH,0,9,5,1,4.372
HIGH,HIGH,0,9,4,2,3.538
HIGH,HIGH,0,6,2,1,6.109999999999999
LOW,LOW,0,4,2,1,4.262
LOW,LOW,1,1,3,1,5.1146666666666665
LOW,LOW,1,1,0,0,6.34
HIGH,HIGH,0,7,3,2,5.831333333333333
HIGH,HIGH,0,7,5,4,7.553999999999999
HIGH,HIGH,1,6,4,3,8.158000000000001
LOW,LOW,0,5,1,0,6.588
LOW,LOW,0,2,0,0,6.844
LOW,LOW,0,3,5,5,5.132000000000001
LOW,LOW,1,3,0,0,3.924
LOW,LOW,0,2,1,0,3.734
LOW,LOW,1,0,1,0,4.794
HIGH,HIGH,0,7,0,0,2.72
LOW,LOW,0,5,1,0,2.738
LOW,LOW,0,0,1,0,3.948
LOW,LOW,1,2,1,0,3.646
HIGH,HIGH,0,6,4,1,5.038
HIGH,HIGH,1,9,1,0,2.874
HIGH,HIGH,0,9,0,0,3.068
LOW,LOW,0,5,2,0,3.094
LOW,LOW,1,3,0,0,1.576
LOW,LOW,1,2,2,0,5.114
LOW,LOW,1,0,5,3,2.046
LOW,LOW,0,3,5,4,2.5760000000000005
LOW,LOW,1,2,0,0,0.4419999999999999
LOW,LOW,1,1,1,0,4.182
LOW,LOW,0,2,5,4,2.396
LOW,LOW,0,5,4,3,6.692000000000001
HIGH,HIGH,1,7,0,0,3.436
LOW,LOW,0,5,5,4,3.706
HIGH,HIGH,0,8,2,1,1.844
LOW,LOW,1,2,0,0,1.856
HIGH,HIGH,0,6,5,2,4.126
LOW,LOW,1,3,4,3,5.028
LOW,LOW,0,3,1,0,2.9639999999999995
LOW,LOW,0,2,5,2,5.034000000000001
HIGH,HIGH,0,7,4,2,4.44
HIGH,HIGH,1,6,3,1,2.296666666666667
HIGH,HIGH,1,8,0,0,4.524
HIGH,HIGH,0,7,4,3,6.956
LOW,LOW,0,3,3,2,8.353333333333333
HIGH,HIGH,0,8,4,2,6.704
HIGH,HIGH,0,9,2,1,6.057999999999999
LOW,LOW,0,5,4,3,5.55
HIGH,HIGH,0,7,2,1,7.076
LOW,LOW,0,2,1,0,5.694
HIGH,HIGH,1,6,0,0,6.69
LOW,LOW,0,4,1,0,5.354
LOW,LOW,0,2,4,2,6.694
LOW,LOW,1,4,2,1,1.4420000000000002
LOW,LOW,0,2,3,1,3.4026666666666667
HIGH,HIGH,1,7,0,0,3.15
HIGH,HIGH,1,9,1,0,4.074
HIGH,HIGH,0,6,2,0,3.35
LOW,LOW,1,5,2,0,3.298
HIGH,HIGH,1,7,4,1,5.18
LOW,LOW,0,1,2,0,4.002
LOW,LOW,0,2,3,1,2.760666666666667
HIGH,HIGH,1,9,5,4,4.042
LOW,LOW,1,5,3,1,3.7346666666666666
LOW,LOW,1,1,3,2,3.341333333333333
LOW,LOW,1,2,3,0,4.796
LOW,LOW,1,4,4,2,2.278
HIGH,HIGH,1,6,5,2,0.38
LOW,LOW,0,2,1,0,3.694
LOW,LOW,0,2,1,0,3.016
HIGH,HIGH,0,7,0,0,4.055999999999999
LOW,LOW,1,0,2,1,2.3680000000000003
LOW,LOW,0,0,1,0,5.272
LOW,LOW,1,5,3,1,3.8766666666666665
LOW,LOW,1,1,4,1,3.232
HIGH,HIGH,0,8,3,1,4.126666666666667
HIGH,HIGH,0,7,5,2,2.5200000000000005
HIGH,HIGH,1,7,1,0,4.09
LOW,LOW,1,5,3,1,4.192666666666667
HIGH,HIGH,0,7,5,0,1.5099999999999998
LOW,LOW,1,3,5,1,3.246
HIGH,HIGH,1,7,3,1,4.140666666666667
LOW,LOW,1,4,1,0,4.794
LOW,LOW,0,1,1,1,6.262
LOW,LOW,0,4,4,2,4.792
HIGH,HIGH,0,9,0,0,5.894
LOW,LOW,0,5,5,3,5.816
HIGH,HIGH,1,8,3,2,6.827333333333334
HIGH,HIGH,1,8,3,2,6.509333333333334
LOW,LOW,1,3,5,4,5.59
HIGH,HIGH,0,7,3,1,3.9106666666666663
HIGH,HIGH,1,8,5,3,6.228000000000001
HIGH,HIGH,1,6,4,3,8.838
HIGH,HIGH,1,6,2,0,0.636
HIGH,HIGH,1,9,3,0,0.06
LOW,LOW,1,3,2,0,1.23
LOW,LOW,1,0,0,0,0.0
LOW,LOW,1,1,4,0,0.994
HIGH,HIGH,1,7,0,0,1.372
LOW,LOW,1,5,1,0,0.1139999999999999
LOW,LOW,1,5,4,0,1.404
LOW,LOW,1,0,0,0,1.664
LOW,LOW,1,2,1,0,1.308
LOW,LOW,0,1,3,2,3.5893333333333333
HIGH,HIGH,1,6,3,1,2.618666666666667
LOW,LOW,0,2,3,1,2.6926666666666668
LOW,LOW,1,0,0,0,0.964
HIGH,HIGH,0,8,5,3,2.206
LOW,LOW,0,1,0,0,0.4919999999999999
HIGH,HIGH,1,8,3,2,6.285333333333334
LOW,LOW,1,0,3,1,5.210666666666667
LOW,LOW,0,5,5,2,3.526
HIGH,HIGH,0,8,3,1,3.142666666666667
HIGH,HIGH,1,7,2,1,2.4760000000000004
LOW,LOW,1,3,1,0,4.853999999999999
LOW,LOW,0,3,0,0,1.45
LOW,LOW,1,3,1,0,3.032
LOW,LOW,1,5,5,2,3.656
HIGH,HIGH,0,9,0,0,4.574000000000001
LOW,LOW,0,5,0,0,4.638000000000001
LOW,LOW,1,2,5,1,2.586
LOW,LOW,1,2,5,2,3.972
HIGH,HIGH,1,9,3,1,4.6066666666666665
LOW,LOW,0,0,5,2,3.812
HIGH,HIGH,1,6,5,3,4.634
LOW,LOW,0,2,3,1,5.644666666666667
HIGH,HIGH,0,6,3,2,4.415333333333334
LOW,LOW,1,5,2,1,5.665999999999999
HIGH,HIGH,1,8,2,1,3.562
HIGH,HIGH,1,6,3,2,1.8013333333333332
HIGH,HIGH,1,8,0,0,0.766
LOW,LOW,0,5,3,1,0.8506666666666667
HIGH,HIGH,1,7,4,3,3.752
LOW,LOW,0,0,3,1,4.3966666666666665
LOW,LOW,0,2,3,2,3.193333333333333
LOW,LOW,0,0,2,1,3.498
HIGH,HIGH,0,6,1,0,3.36
LOW,LOW,1,2,3,1,2.326666666666667
HIGH,HIGH,1,7,0,0,3.552
HIGH,HIGH,1,7,3,2,1.7493333333333334
LOW,LOW,0,2,5,2,3.076
HIGH,HIGH,1,6,0,0,4.936
HIGH,HIGH,1,7,0,0,4.524
LOW,LOW,0,5,0,0,2.422
LOW,LOW,0,0,3,2,1.1893333333333331
LOW,LOW,1,4,1,0,2.224
LOW,LOW,1,5,0,0,2.858
LOW,LOW,1,5,2,0,2.53
LOW,LOW,1,3,3,2,3.711333333333333
HIGH,HIGH,1,6,5,2,2.962
LOW,LOW,1,5,2,1,5.777999999999999
LOW,LOW,0,0,4,2,5.528
HIGH,HIGH,0,8,1,0,5.272
HIGH,HIGH,1,6,4,0,0.3
HIGH,HIGH,1,6,4,0,0.974
HIGH,HIGH,1,8,4,0,0.612
LOW,LOW,1,2,1,0,0.358
HIGH,HIGH,1,6,1,0,1.898
LOW,LOW,1,0,2,0,1.968
LOW,LOW,1,4,1,0,0.014
LOW,LOW,1,1,3,0,0.62
LOW,LOW,1,2,2,0,1.654
LOW,LOW,1,0,4,1,2.56
LOW,LOW,1,3,3,0,2.024
LOW,LOW,1,1,5,4,2.756
LOW,LOW,0,1,3,2,1.9273333333333331
LOW,LOW,1,1,1,0,3.896
LOW,LOW,1,4,2,1,2.668
HIGH,HIGH,0,9,3,1,3.6946666666666665
LOW,LOW,1,4,2,1,2.778
HIGH,HIGH,0,8,0,0,3.582
LOW,LOW,1,1,2,0,2.696
HIGH,HIGH,0,7,3,1,4.4286666666666665
HIGH,HIGH,1,6,5,2,2.948
LOW,LOW,1,2,0,0,2.596
LOW,LOW,1,2,2,1,2.012
HIGH,HIGH,1,9,2,0,5.718
HIGH,HIGH,0,9,1,0,2.106
LOW,LOW,1,5,0,0,3.478
LOW,LOW,0,1,3,1,3.460666666666667
LOW,LOW,0,1,0,0,3.044
LOW,LOW,0,2,1,0,0.1999999999999999
LOW,LOW,1,3,2,0,4.858
HIGH,HIGH,0,6,5,5,6.23
LOW,LOW,0,5,0,0,7.821999999999999
HIGH,HIGH,0,6,5,5,5.29
LOW,LOW,0,2,3,2,6.047333333333333
HIGH,HIGH,1,6,4,3,6.548
HIGH,HIGH,1,9,0,0,5.428
LOW,LOW,0,4,0,0,4.968
HIGH,HIGH,0,6,2,2,5.898
LOW,LOW,0,3,4,2,7.026
HIGH,HIGH,1,9,1,1,5.916
LOW,LOW,1,0,4,0,0.3339999999999999
HIGH,HIGH,1,8,3,0,0.946
HIGH,HIGH,1,7,5,0,1.594
LOW,LOW,1,0,4,0,0.956
HIGH,HIGH,1,7,4,0,1.0179999999999998
LOW,LOW,1,2,1,0,1.0539999999999998
LOW,LOW,1,0,5,2,1.068
LOW,LOW,1,0,5,0,0.0
HIGH,HIGH,1,6,4,0,0.7
LOW,LOW,0,4,0,0,0.15
LOW,LOW,1,3,5,0,1.286
LOW,LOW,1,3,3,0,0.918
LOW,LOW,1,1,4,0,0.956
LOW,LOW,1,1,3,0,0.3
HIGH,HIGH,1,6,0,0,0.918
LOW,LOW,1,4,1,0,0.952
LOW,LOW,1,0,0,0,0.044
HIGH,HIGH,1,6,3,0,1.874
LOW,LOW,1,1,5,1,0.04
LOW,LOW,1,0,3,0,0.054
HIGH,HIGH,1,8,4,0,0.138
LOW,LOW,1,2,4,0,1.236
HIGH,HIGH,1,6,2,0,0.65
LOW,LOW,1,4,5,0,0.0
LOW,LOW,1,5,4,0,2.018
HIGH,HIGH,1,8,3,0,1.598
LOW,LOW,1,0,2,0,1.946
LOW,LOW,1,1,5,1,0.94
LOW,LOW,1,3,5,1,2.4040000000000004
HIGH,HIGH,1,9,3,0,0.6639999999999999
HIGH,HIGH,1,8,2,1,3.214
LOW,LOW,0,0,0,0,3.726
LOW,LOW,0,3,4,1,3.828
LOW,LOW,1,3,4,2,2.712
LOW,LOW,0,2,4,2,3.766
HIGH,HIGH,1,8,3,0,5.058
LOW,LOW,1,4,3,0,2.906
LOW,LOW,1,1,4,1,1.766
LOW,LOW,1,5,4,2,3.712
LOW,LOW,1,2,4,2,4.73
LOW,LOW,1,5,1,0,3.164
LOW,LOW,0,3,3,1,2.306666666666666
LOW,LOW,1,1,2,1,0.7999999999999999
LOW,LOW,0,4,4,1,4.314
LOW,LOW,0,1,3,2,6.311333333333335
HIGH,HIGH,1,7,1,0,3.638
LOW,LOW,1,0,0,0,2.54
LOW,LOW,1,2,0,0,3.984
LOW,LOW,1,4,0,0,6.954
LOW,LOW,1,4,5,2,0.6799999999999999
HIGH,HIGH,0,6,5,2,2.5440000000000005
HIGH,HIGH,1,6,1,0,1.534
HIGH,HIGH,0,6,1,0,4.264
LOW,LOW,0,2,3,1,4.0906666666666665
HIGH,HIGH,0,6,3,1,0.8166666666666667
LOW,LOW,1,0,0,0,1.276
LOW,LOW,1,5,0,0,2.584
HIGH,HIGH,0,7,5,3,2.2
LOW,LOW,0,4,3,1,5.044666666666667
LOW,LOW,1,3,2,1,4.296
LOW,LOW,1,4,4,2,0.8079999999999999
HIGH,HIGH,1,9,4,2,3.648
HIGH,HIGH,0,7,0,0,3.024
LOW,LOW,0,2,4,2,2.908
LOW,LOW,1,4,2,1,0.776
HIGH,HIGH,0,8,3,1,0.8666666666666666
LOW,LOW,1,3,2,1,3.574
LOW,LOW,0,5,4,3,6.0120000000000005
HIGH,HIGH,1,8,4,1,2.694
LOW,LOW,0,3,1,0,3.4560000000000004
HIGH,HIGH,1,9,2,1,3.572
HIGH,HIGH,0,8,1,0,2.454
HIGH,HIGH,0,9,3,1,1.8626666666666665
LOW,LOW,1,1,4,2,2.676
HIGH,HIGH,0,7,0,0,3.9819999999999993
LOW,LOW,1,4,2,0,0.7
HIGH,HIGH,1,7,1,0,3.824
LOW,LOW,0,2,4,2,2.202
HIGH,HIGH,1,9,0,0,3.3520000000000003
HIGH,HIGH,0,8,3,1,3.4586666666666672
LOW,LOW,0,0,0,0,2.734
HIGH,HIGH,1,9,4,2,3.3160000000000003
LOW,LOW,0,3,2,1,3.4120000000000004
HIGH,HIGH,0,7,5,2,0.964
HIGH,HIGH,1,7,5,2,5.008
LOW,LOW,0,4,4,2,3.484
LOW,LOW,0,5,4,2,0.6759999999999999
HIGH,HIGH,1,8,5,1,0.64
LOW,LOW,1,3,0,0,3.18
LOW,LOW,1,4,2,1,0.7999999999999999
HIGH,HIGH,1,9,1,0,3.846
LOW,LOW,0,0,1,0,3.064
HIGH,HIGH,0,7,5,3,4.728000000000001
HIGH,HIGH,0,6,3,2,2.343333333333333
LOW,LOW,1,0,4,1,5.01
LOW,LOW,1,5,1,0,4.288
LOW,LOW,0,0,3,2,2.9233333333333333
HIGH,HIGH,1,7,0,0,4.885999999999999
LOW,LOW,1,3,2,1,4.602
LOW,LOW,1,1,2,1,1.0659999999999998
HIGH,HIGH,1,7,4,3,4.946000000000001
HIGH,HIGH,1,7,5,3,0.13
LOW,LOW,0,1,5,3,7.688
HIGH,HIGH,1,8,5,2,0.534
HIGH,HIGH,0,7,0,0,0.77
LOW,LOW,0,0,1,0,0.774
HIGH,HIGH,1,7,2,1,3.2960000000000003
LOW,LOW,0,2,4,2,1.508
HIGH,HIGH,1,9,0,0,4.5200000000000005
HIGH,HIGH,1,9,1,0,2.908
LOW,LOW,1,2,1,0,0.6
HIGH,HIGH,1,9,4,0,1.248
LOW,LOW,1,4,3,1,0.9806666666666666
HIGH,HIGH,1,8,1,0,2.174
LOW,LOW,1,4,3,0,0.944
HIGH,HIGH,1,7,0,0,0.6679999999999999
LOW,LOW,1,2,1,0,1.55
LOW,LOW,1,0,3,1,0.4046666666666666
HIGH,HIGH,1,9,0,0,1.626
HIGH,HIGH,1,6,5,0,0.988
HIGH,HIGH,1,8,5,2,1.932
HIGH,HIGH,0,7,5,3,4.822000000000001
LOW,LOW,0,5,0,0,3.722
LOW,LOW,1,3,5,2,3.704
HIGH,HIGH,1,6,0,0,3.516
LOW,LOW,1,0,4,3,1.702
HIGH,HIGH,0,8,4,2,3.306
HIGH,HIGH,1,9,0,0,3.43
LOW,LOW,1,5,2,1,1.73
LOW,LOW,1,1,0,0,2.542
HIGH,HIGH,1,7,4,0,0.606
LOW,LOW,1,2,2,0,1.362
LOW,LOW,1,0,3,0,1.016
LOW,LOW,1,0,5,0,0.344
LOW,LOW,1,0,3,0,1.59
HIGH,HIGH,1,9,5,1,1.274
LOW,LOW,1,0,1,0,0.6
LOW,LOW,1,3,4,0,0.3379999999999999
HIGH,HIGH,1,7,4,0,1.928
LOW,LOW,1,1,0,0,0.6679999999999999
LOW,LOW,1,4,3,1,2.6486666666666667
HIGH,HIGH,1,8,0,0,2.954
LOW,LOW,1,2,0,0,2.526
HIGH,HIGH,0,9,2,1,2.198
LOW,LOW,1,3,0,0,3.194
HIGH,HIGH,1,7,3,1,3.8366666666666656
HIGH,HIGH,1,9,5,3,2.648
HIGH,HIGH,1,9,5,2,1.358
LOW,LOW,1,0,1,0,5.706
HIGH,HIGH,1,8,0,0,4.892
LOW,LOW,0,0,2,1,5.696
LOW,LOW,0,3,4,4,7.73
HIGH,HIGH,1,9,0,0,5.124
LOW,LOW,0,0,3,2,6.1033333333333335
LOW,LOW,0,0,0,0,6.077999999999999
LOW,LOW,0,1,4,2,4.188
LOW,LOW,0,3,0,0,5.925999999999999
HIGH,HIGH,0,6,4,2,5.997999999999999
LOW,LOW,1,2,2,1,5.905999999999999
LOW,LOW,0,4,0,0,8.424
LOW,LOW,0,2,0,0,1.442
HIGH,HIGH,1,9,0,0,5.492
LOW,LOW,0,0,2,1,0.998
HIGH,HIGH,0,9,0,0,2.8000000000000003
HIGH,HIGH,0,6,2,1,5.038
LOW,LOW,0,2,0,0,4.654000000000001
HIGH,HIGH,0,6,1,0,4.348
LOW,LOW,1,0,3,1,4.212666666666667
LOW,LOW,1,0,0,0,0.78
LOW,LOW,1,2,3,2,4.5713333333333335
LOW,LOW,0,2,2,1,4.134
LOW,LOW,0,1,1,0,1.7799999999999998
HIGH,HIGH,1,9,3,1,1.4186666666666667
LOW,LOW,0,4,1,0,5.264
HIGH,HIGH,1,9,4,2,4.609999999999999
LOW,LOW,1,2,5,1,3.2880000000000003
HIGH,HIGH,0,6,1,0,2.11
LOW,LOW,0,1,5,0,5.882
HIGH,HIGH,0,9,3,1,3.464666666666667
LOW,LOW,1,2,1,0,4.46
LOW,LOW,1,3,2,1,2.3920000000000003
HIGH,HIGH,0,8,5,2,1.354
HIGH,HIGH,1,7,1,0,3.334
HIGH,HIGH,0,8,4,3,1.262
LOW,LOW,1,1,5,2,4.518000000000001
LOW,LOW,1,2,3,2,3.623333333333333
LOW,LOW,0,5,4,2,0.598
HIGH,HIGH,1,8,3,1,4.884666666666666
LOW,LOW,1,1,0,0,2.868
HIGH,HIGH,0,8,5,2,0.53
HIGH,HIGH,1,8,2,1,3.694
LOW,LOW,0,4,2,1,2.852
LOW,LOW,1,3,5,2,2.3200000000000003
LOW,LOW,1,3,1,0,2.59
LOW,LOW,0,0,2,1,3.832
HIGH,HIGH,0,9,3,2,2.897333333333333
LOW,LOW,1,0,4,1,2.9199999999999995
LOW,LOW,0,0,4,2,4.162
HIGH,HIGH,1,7,2,0,2.876
LOW,LOW,1,2,5,2,2.998
LOW,LOW,1,3,3,0,0.3
HIGH,HIGH,1,7,5,0,0.8999999999999999
HIGH,HIGH,1,8,0,0,1.276
HIGH,HIGH,1,6,1,0,0.3
LOW,LOW,1,5,0,0,0.62
LOW,LOW,1,4,4,0,0.608
HIGH,HIGH,1,7,4,0,0.3399999999999999
LOW,LOW,1,1,4,0,0.956
LOW,LOW,1,5,1,0,1.938
LOW,LOW,1,4,5,1,1.304
HIGH,HIGH,1,9,3,0,1.262
LOW,LOW,1,2,5,0,1.624
LOW,LOW,1,5,0,0,0.6
LOW,LOW,1,1,0,0,1.96
HIGH,HIGH,1,9,3,0,0.0
HIGH,HIGH,1,6,3,0,1.652
LOW,LOW,1,1,5,1,0.724
LOW,LOW,1,3,0,0,0.6
LOW,LOW,1,5,1,0,1.232
LOW,LOW,1,4,4,0,0.378
LOW,LOW,0,1,5,3,4.5280000000000005
LOW,LOW,1,1,2,0,2.988
LOW,LOW,1,0,5,3,3.4480000000000004
LOW,LOW,1,1,1,0,0.64
LOW,LOW,0,0,4,2,3.432
HIGH,HIGH,1,9,4,2,3.91
HIGH,HIGH,1,6,0,0,2.88
HIGH,HIGH,1,8,1,0,2.558
LOW,LOW,1,5,4,2,3.3760000000000003
LOW,LOW,0,1,3,1,3.4686666666666666
HIGH,HIGH,0,7,0,0,4.314
HIGH,HIGH,0,8,3,1,8.924666666666667
LOW,LOW,0,1,4,2,6.101999999999999
HIGH,HIGH,0,8,3,2,7.789333333333333
LOW,LOW,0,4,3,2,5.059333333333334
LOW,LOW,0,2,3,2,7.943333333333333
HIGH,HIGH,0,6,4,2,6.073999999999999
LOW,LOW,0,1,2,1,4.518
LOW,LOW,0,2,0,0,8.004
LOW,LOW,1,0,5,2,6.148000000000001
LOW,LOW,1,4,5,3,4.866
HIGH,HIGH,0,8,2,1,2.146
HIGH,HIGH,0,9,5,3,0.3379999999999999
LOW,LOW,0,1,1,0,5.572
LOW,LOW,1,0,1,0,4.844
LOW,LOW,0,3,4,2,2.848
LOW,LOW,1,5,2,0,5.856
LOW,LOW,0,1,0,0,3.682
LOW,LOW,0,1,4,2,3.074
LOW,LOW,0,4,1,0,3.662
LOW,LOW,1,0,1,0,2.282
LOW,LOW,1,1,1,0,0.6
LOW,LOW,1,1,0,0,1.612
LOW,LOW,1,0,5,1,0.364
LOW,LOW,1,1,2,0,1.102
LOW,LOW,1,2,1,0,0.974
LOW,LOW,1,0,3,0,1.64
LOW,LOW,1,0,3,0,0.97
HIGH,HIGH,1,9,2,0,1.312
LOW,LOW,1,4,5,1,1.604
LOW,LOW,0,4,1,0,1.826
HIGH,HIGH,0,7,4,1,1.8
LOW,LOW,0,2,4,2,2.8
HIGH,HIGH,1,7,1,0,2.844
HIGH,HIGH,0,7,3,1,5.018666666666666
HIGH,HIGH,0,8,1,0,2.714
HIGH,HIGH,0,7,4,3,1.568
LOW,LOW,1,5,4,2,3.888
LOW,LOW,1,2,2,1,4.972
LOW,LOW,0,4,1,0,3.512
HIGH,HIGH,0,6,5,2,3.78
LOW,LOW,1,5,0,0,1.622
HIGH,HIGH,0,6,5,2,2.464
LOW,LOW,1,3,4,1,2.744
LOW,LOW,1,1,2,0,1.598
HIGH,HIGH,1,6,3,1,3.0026666666666664
LOW,LOW,0,3,0,0,3.056
HIGH,HIGH,0,7,5,2,2.144
HIGH,HIGH,1,7,3,1,2.392666666666667
HIGH,HIGH,1,9,5,3,5.585999999999999
HIGH,HIGH,0,9,4,2,3.49
HIGH,HIGH,0,9,4,3,4.127999999999999
LOW,LOW,1,3,4,1,1.826
HIGH,HIGH,0,8,3,1,4.772666666666667
LOW,LOW,1,5,1,0,4.156
HIGH,HIGH,1,7,1,0,2.968
HIGH,HIGH,1,8,2,1,5.893999999999998
HIGH,HIGH,1,9,0,0,3.926
HIGH,HIGH,0,9,2,1,3.412
LOW,LOW,1,4,1,0,2.52
LOW,LOW,0,4,2,0,3.4400000000000004
HIGH,HIGH,1,6,5,2,4.852
HIGH,HIGH,1,7,5,1,3.386
LOW,LOW,1,2,0,0,4.148
HIGH,HIGH,0,9,2,0,1.46
HIGH,HIGH,1,9,1,0,4.614
HIGH,HIGH,1,7,4,2,1.432
LOW,LOW,1,5,1,0,4.216
HIGH,HIGH,1,7,2,1,3.2960000000000003
HIGH,HIGH,0,6,0,0,1.234
HIGH,HIGH,1,6,5,0,1.39
HIGH,HIGH,1,8,3,1,1.3826666666666667
LOW,LOW,1,4,4,0,0.3
LOW,LOW,1,4,1,0,0.946
LOW,LOW,1,5,1,0,1.578
LOW,LOW,1,3,3,0,0.624
LOW,LOW,1,1,0,0,0.944
LOW,LOW,1,0,3,0,0.6599999999999999
HIGH,HIGH,1,6,4,0,1.908
LOW,LOW,1,0,0,0,0.04
HIGH,HIGH,0,7,5,2,5.406
HIGH,HIGH,1,7,2,1,0.4
LOW,LOW,0,1,2,1,5.699999999999999
LOW,LOW,0,5,1,0,3.996
LOW,LOW,0,3,3,1,0.8506666666666667
HIGH,HIGH,1,9,4,2,3.038
LOW,LOW,1,3,1,0,1.998
LOW,LOW,1,3,5,2,0.8400000000000001
HIGH,HIGH,0,8,3,2,3.595333333333333
HIGH,HIGH,0,9,4,3,5.142
LOW,LOW,0,4,4,2,2.776
LOW,LOW,1,1,5,1,2.3280000000000003
LOW,LOW,0,4,1,0,4.38
LOW,LOW,1,1,1,1,3.4120000000000004
LOW,LOW,0,2,5,3,4.800000000000001
LOW,LOW,0,0,0,0,3.086
LOW,LOW,1,4,2,1,4.908
HIGH,HIGH,1,6,2,1,3.12
HIGH,HIGH,1,6,5,3,4.98
HIGH,HIGH,0,8,0,0,3.782
HIGH,HIGH,0,8,5,3,1.858
LOW,LOW,1,1,3,1,2.9926666666666666
LOW,LOW,1,3,5,2,4.94
HIGH,HIGH,1,7,2,1,4.04
LOW,LOW,1,2,1,0,4.106
LOW,LOW,1,2,5,2,1.992
HIGH,HIGH,0,7,2,1,4.148
HIGH,HIGH,1,6,5,2,3.594
LOW,LOW,1,3,4,2,2.024
LOW,LOW,1,0,2,1,2.718
LOW,LOW,0,2,1,0,1.806
LOW,LOW,1,2,4,2,4.534
LOW,LOW,1,3,0,0,4.154
HIGH,HIGH,1,7,3,2,5.219333333333333
HIGH,HIGH,0,9,4,3,1.738
LOW,LOW,0,0,1,0,0.848
LOW,LOW,0,1,1,0,0.4499999999999999
LOW,LOW,0,1,5,4,3.798
HIGH,HIGH,1,8,2,1,3.886
LOW,LOW,1,1,5,3,3.974
LOW,LOW,0,4,2,1,6.346
LOW,LOW,0,3,2,1,5.707999999999999
HIGH,HIGH,0,7,1,0,7.254
LOW,LOW,0,4,4,3,4.5360000000000005
LOW,LOW,0,3,5,3,6.106
HIGH,HIGH,0,8,1,0,5.126
HIGH,HIGH,1,9,3,2,5.591333333333333
LOW,LOW,0,4,5,4,6.5440000000000005
HIGH,HIGH,0,6,4,3,6.226
HIGH,HIGH,0,7,3,2,4.289333333333333
HIGH,HIGH,0,6,0,0,4.878
LOW,LOW,1,3,4,1,0.85
LOW,LOW,0,4,4,2,0.25
HIGH,HIGH,1,9,1,0,5.064
HIGH,HIGH,1,7,2,0,5.771999999999999
HIGH,HIGH,0,8,1,0,2.794
HIGH,HIGH,0,9,0,0,1.0559999999999998
LOW,LOW,1,0,4,1,1.656
LOW,LOW,0,5,1,0,2.732
HIGH,HIGH,0,6,3,2,3.4273333333333333
HIGH,HIGH,0,6,3,2,5.5793333333333335
HIGH,HIGH,0,7,0,0,2.93
LOW,LOW,0,0,5,4,7.018
HIGH,HIGH,0,9,4,3,8.654
LOW,LOW,0,5,1,0,6.324
LOW,LOW,0,2,4,3,4.888
HIGH,HIGH,1,6,2,1,6.5
HIGH,HIGH,0,7,0,0,3.996
LOW,LOW,1,3,3,2,7.843333333333333
LOW,LOW,0,5,1,0,7.558
LOW,LOW,1,2,2,1,4.524
LOW,LOW,1,1,0,0,3.558
LOW,LOW,0,1,4,1,0.5199999999999999
LOW,LOW,1,3,1,0,2.17
HIGH,HIGH,0,9,0,0,4.98
HIGH,HIGH,0,7,5,2,5.412
HIGH,HIGH,0,6,1,0,4.664000000000001
HIGH,HIGH,0,7,0,0,4.612
HIGH,HIGH,1,6,4,2,1.152
LOW,LOW,1,4,4,2,4.268
LOW,LOW,1,2,0,0,0.908
HIGH,HIGH,0,8,3,1,1.8366666666666664
LOW,LOW,1,5,4,2,2.66
HIGH,HIGH,0,8,3,1,3.8546666666666662
HIGH,HIGH,1,6,3,1,3.340666666666667
HIGH,HIGH,0,6,5,2,2.4720000000000004
HIGH,HIGH,1,9,4,2,3.67
HIGH,HIGH,1,6,3,1,2.5846666666666667
HIGH,HIGH,1,7,1,0,3.904
LOW,LOW,1,1,3,2,2.019333333333333
LOW,LOW,1,2,4,0,0.928
LOW,LOW,1,3,1,0,0.0999999999999999
LOW,LOW,1,1,4,0,0.3319999999999999
LOW,LOW,1,3,2,0,0.0
LOW,LOW,1,3,2,0,1.566
HIGH,HIGH,1,6,2,0,1.924
HIGH,HIGH,1,8,3,0,1.304
LOW,LOW,1,1,1,0,0.616
HIGH,HIGH,1,9,3,0,0.0
LOW,LOW,1,0,1,0,0.0579999999999999
LOW,LOW,1,1,5,1,3.546
LOW,LOW,0,1,4,1,3.438
HIGH,HIGH,1,9,1,0,5.529999999999999
HIGH,HIGH,0,7,4,0,4.327999999999999
LOW,LOW,1,0,3,1,1.6826666666666663
HIGH,HIGH,1,7,5,3,2.692
LOW,LOW,1,1,2,0,3.622
LOW,LOW,0,1,3,2,1.5173333333333332
HIGH,HIGH,0,7,0,0,3.918
HIGH,HIGH,0,8,4,1,3.706
HIGH,HIGH,1,9,2,1,2.932
LOW,LOW,0,3,0,0,2.4
LOW,LOW,1,1,1,0,1.308
HIGH,HIGH,1,6,3,1,5.426666666666666
LOW,LOW,0,0,5,2,2.488
HIGH,HIGH,0,9,5,4,4.828
LOW,LOW,1,2,4,2,3.072
LOW,LOW,0,5,0,0,3.048
LOW,LOW,0,5,5,3,3.2139999999999995
HIGH,HIGH,1,9,2,0,3.86
LOW,LOW,1,4,2,0,1.25
LOW,LOW,1,4,5,0,0.628
LOW,LOW,1,1,1,0,0.618
LOW,LOW,1,5,1,0,0.6
LOW,LOW,1,1,2,0,0.6
HIGH,HIGH,1,7,4,0,0.006
LOW,LOW,1,0,2,0,0.6
LOW,LOW,1,0,3,0,0.964
LOW,LOW,1,1,0,0,1.242
LOW,LOW,1,2,4,0,0.0
HIGH,HIGH,0,8,5,4,3.22
LOW,LOW,1,3,5,3,4.061999999999999
LOW,LOW,1,5,2,1,2.678
HIGH,HIGH,1,9,5,2,2.614
HIGH,HIGH,1,6,0,0,3.592
LOW,LOW,0,4,3,2,3.821333333333333
LOW,LOW,1,5,0,0,2.996
HIGH,HIGH,0,9,1,0,4.332
HIGH,HIGH,0,9,5,2,3.148
LOW,LOW,0,5,3,2,3.823333333333333
LOW,LOW,0,1,5,2,3.172
HIGH,HIGH,1,6,1,0,2.65
HIGH,HIGH,0,7,3,0,1.48
HIGH,HIGH,1,8,5,3,4.082
LOW,LOW,0,2,4,2,2.5860000000000003
LOW,LOW,1,4,2,1,3.64
LOW,LOW,1,0,0,0,2.4000000000000004
LOW,LOW,0,0,4,1,4.01
LOW,LOW,1,5,0,0,1.628
LOW,LOW,1,5,4,1,1.006
HIGH,HIGH,1,9,1,0,0.02
HIGH,HIGH,1,7,2,0,1.302
LOW,LOW,1,4,2,0,1.642
LOW,LOW,1,1,0,0,0.906
LOW,LOW,1,2,1,0,0.976
LOW,LOW,1,4,2,0,1.0179999999999998
LOW,LOW,1,2,3,1,0.7046666666666667
HIGH,HIGH,1,6,1,0,0.3379999999999999
HIGH,HIGH,1,7,0,0,0.978
LOW,LOW,1,2,2,0,0.316
HIGH,HIGH,1,7,1,0,0.746
LOW,LOW,1,0,4,0,0.986
LOW,LOW,1,2,3,0,0.3359999999999999
HIGH,HIGH,1,7,5,0,1.31
HIGH,HIGH,1,6,0,0,0.948
LOW,LOW,1,2,1,0,0.6579999999999999
LOW,LOW,1,0,0,0,0.034
LOW,LOW,1,0,0,0,1.58
LOW,LOW,1,0,4,0,0.6819999999999999
HIGH,HIGH,1,8,1,0,1.3239999999999998
HIGH,HIGH,1,7,0,0,2.972
LOW,LOW,0,4,5,3,2.8680000000000003
HIGH,HIGH,1,9,4,3,6.264
HIGH,HIGH,1,9,3,1,4.882666666666666
LOW,LOW,1,3,5,2,1.618
LOW,LOW,0,4,1,0,1.178
LOW,LOW,1,0,2,1,2.938
HIGH,HIGH,1,9,2,1,3.968
LOW,LOW,1,0,3,2,0.5953333333333333
HIGH,HIGH,1,9,5,3,4.68
HIGH,HIGH,1,6,2,1,4.648
LOW,LOW,1,3,0,0,3.548
LOW,LOW,1,3,1,0,2.164
HIGH,HIGH,0,7,4,2,3.832
LOW,LOW,0,4,3,1,2.7666666666666666
LOW,LOW,0,2,1,0,5.93
LOW,LOW,0,2,4,2,4.379999999999999
HIGH,HIGH,0,9,4,3,2.846
LOW,LOW,1,1,5,3,2.652
LOW,LOW,0,5,5,3,3.116
LOW,LOW,0,3,1,0,6.848
HIGH,HIGH,0,8,4,2,0.904
HIGH,HIGH,0,9,2,1,0.85
LOW,LOW,0,0,0,0,7.029999999999999
HIGH,HIGH,1,9,3,2,3.055333333333333
LOW,LOW,1,1,5,3,3.366
LOW,LOW,1,5,4,1,2.648
HIGH,HIGH,0,8,3,1,2.826666666666667
HIGH,HIGH,0,9,3,1,0.8826666666666666
HIGH,HIGH,0,9,4,2,1.558
HIGH,HIGH,0,9,3,2,5.719333333333334
HIGH,HIGH,0,6,2,1,3.5340000000000003
LOW,LOW,1,5,5,3,3.008
HIGH,HIGH,0,7,1,0,3.682
LOW,LOW,0,5,4,3,2.228
HIGH,HIGH,1,6,0,0,2.914
HIGH,HIGH,1,9,0,0,5.433999999999999
HIGH,HIGH,0,6,4,3,2.86
HIGH,HIGH,0,8,1,0,4.598000000000001
HIGH,HIGH,1,6,1,0,3.034
LOW,LOW,0,4,5,3,4.796
LOW,LOW,0,1,3,2,2.255333333333333
LOW,LOW,0,3,1,0,3.26
HIGH,HIGH,0,7,4,1,1.638
HIGH,HIGH,0,8,3,1,3.1686666666666667
HIGH,HIGH,0,8,1,0,3.996
LOW,LOW,0,2,5,1,2.746
LOW,LOW,0,5,0,0,2.084
LOW,LOW,1,3,1,0,1.604
HIGH,HIGH,0,9,4,2,3.176
HIGH,HIGH,0,6,0,0,5.010000000000001
HIGH,HIGH,1,9,0,0,1.312
HIGH,HIGH,1,7,4,2,1.338
HIGH,HIGH,0,7,2,0,2.37
LOW,LOW,1,2,1,0,2.858
HIGH,HIGH,1,8,5,1,4.598
LOW,LOW,0,0,3,1,1.4926666666666666
HIGH,HIGH,1,7,0,0,2.804
LOW,LOW,0,2,1,0,3.07
LOW,LOW,1,0,4,1,5.513999999999999
HIGH,HIGH,1,6,0,0,1.926
LOW,LOW,1,2,5,0,1.27
LOW,LOW,1,5,5,1,1.354
LOW,LOW,1,3,2,0,0.654
LOW,LOW,1,1,1,0,0.694
HIGH,HIGH,1,6,5,0,1.312
HIGH,HIGH,1,8,0,0,0.978
LOW,LOW,1,0,2,0,0.934
LOW,LOW,1,2,2,0,1.296
LOW,LOW,1,2,1,0,0.0
LOW,LOW,1,1,2,0,5.158
LOW,LOW,1,0,4,3,2.74
HIGH,HIGH,0,6,0,0,2.042
LOW,LOW,1,3,0,0,2.546
LOW,LOW,1,1,2,1,3.082
LOW,LOW,0,0,4,2,2.504
LOW,LOW,0,1,0,0,2.096
HIGH,HIGH,1,9,3,0,4.472
HIGH,HIGH,0,9,4,1,4.096
LOW,LOW,1,1,4,3,3.67
HIGH,HIGH,0,8,4,3,6.992000000000001
LOW,LOW,0,0,3,2,5.393333333333334
HIGH,HIGH,0,6,2,1,7.321999999999999
LOW,LOW,0,4,1,0,4.343999999999999
LOW,LOW,0,1,3,2,4.585333333333334
LOW,LOW,0,0,4,3,7.666
HIGH,HIGH,0,7,5,3,5.0840000000000005
LOW,LOW,1,1,2,1,5.576
LOW,LOW,0,0,2,1,5.366
LOW,LOW,1,4,3,2,6.593333333333334
LOW,LOW,1,1,5,1,2.596
LOW,LOW,1,1,1,0,1.856
LOW,LOW,0,2,3,1,2.796666666666667
LOW,LOW,1,2,5,3,2.708
HIGH,HIGH,1,9,4,2,3.236
HIGH,HIGH,1,7,3,1,1.9426666666666663
HIGH,HIGH,1,6,2,1,4.272
HIGH,HIGH,0,7,0,0,3.346
LOW,LOW,0,3,0,0,2.978
HIGH,HIGH,0,9,0,0,2.762
LOW,LOW,0,4,0,0,3.35
HIGH,HIGH,0,9,4,2,2.11
LOW,LOW,1,2,2,0,0.654
LOW,LOW,1,2,3,2,5.8933333333333335
HIGH,HIGH,1,8,4,2,2.958
LOW,LOW,1,1,3,1,3.3226666666666667
LOW,LOW,0,5,0,0,5.66
LOW,LOW,1,0,1,0,3.784
LOW,LOW,0,4,5,3,2.214
HIGH,HIGH,1,8,2,1,0.736
LOW,LOW,1,0,0,0,3.586
HIGH,HIGH,1,6,0,0,2.014
HIGH,HIGH,1,9,4,2,4.654
LOW,LOW,1,0,2,1,2.098
HIGH,HIGH,0,6,4,3,4.768000000000001
HIGH,HIGH,1,9,5,3,3.64
HIGH,HIGH,1,9,5,3,1.384
LOW,LOW,0,1,5,3,1.976
LOW,LOW,0,4,2,1,4.398
LOW,LOW,1,0,0,0,3.272
HIGH,HIGH,0,9,0,0,1.0659999999999998
HIGH,HIGH,0,7,2,1,6.384
LOW,LOW,1,2,0,0,1.714
LOW,LOW,0,3,5,3,3.85
LOW,LOW,1,2,3,2,4.8693333333333335
HIGH,HIGH,0,7,0,0,6.874
HIGH,HIGH,0,6,5,2,1.826
LOW,LOW,1,0,1,0,3.3200000000000003
LOW,LOW,0,4,2,1,1.84
LOW,LOW,0,2,0,0,4.191999999999999
LOW,LOW,0,3,3,2,6.831333333333333
HIGH,HIGH,0,9,0,0,7.006
HIGH,HIGH,0,8,0,0,5.696
LOW,LOW,0,4,0,0,8.027999999999999
LOW,LOW,0,1,5,4,5.55
HIGH,HIGH,1,9,2,1,6.457999999999999
LOW,LOW,1,0,4,3,5.876
HIGH,HIGH,0,6,0,0,5.66
HIGH,HIGH,1,6,1,0,8.352
HIGH,HIGH,1,7,4,3,4.71
LOW,LOW,1,0,3,0,1.588
LOW,LOW,1,4,0,0,0.02
HIGH,HIGH,1,8,2,0,0.03
HIGH,HIGH,1,6,3,0,1.602
LOW,LOW,1,0,3,0,0.652
HIGH,HIGH,1,9,0,0,0.652
HIGH,HIGH,1,9,0,0,0.002
LOW,LOW,1,2,5,0,0.602
LOW,LOW,1,1,4,1,0.986
LOW,LOW,1,0,1,0,0.696
HIGH,HIGH,1,8,2,0,0.362
LOW,LOW,1,0,2,0,0.78
HIGH,HIGH,1,6,2,0,1.586
LOW,LOW,1,3,1,0,0.974
LOW,LOW,1,0,5,0,0.3359999999999999
HIGH,HIGH,1,9,4,0,0.656
HIGH,HIGH,1,8,2,0,0.994
HIGH,HIGH,1,7,5,0,1.28
LOW,LOW,1,2,3,0,0.632
HIGH,HIGH,1,7,1,0,0.604
HIGH,HIGH,1,8,2,0,4.524
LOW,LOW,1,2,5,1,4.5120000000000005
HIGH,HIGH,0,6,0,0,0.8859999999999999
LOW,LOW,0,4,4,2,0.924
LOW,LOW,1,0,4,1,3.554
HIGH,HIGH,0,7,1,0,0.882
HIGH,HIGH,1,9,2,0,5.417999999999999
HIGH,HIGH,0,9,3,2,2.547333333333333
LOW,LOW,1,4,1,0,4.8
LOW,LOW,0,4,3,1,3.4746666666666672
LOW,LOW,0,1,5,3,0.89
HIGH,HIGH,1,6,0,0,1.29
HIGH,HIGH,0,7,4,3,5.148000000000001
HIGH,HIGH,0,6,0,0,3.708
HIGH,HIGH,0,8,2,0,3.644
LOW,LOW,1,2,3,2,0.8733333333333333
LOW,LOW,0,1,2,1,4.348
HIGH,HIGH,1,8,5,2,1.17
HIGH,HIGH,1,6,5,3,4.273999999999999
LOW,LOW,1,0,0,0,3.814
LOW,LOW,0,3,1,0,3.344
LOW,LOW,0,4,2,1,2.512
HIGH,HIGH,1,7,0,0,1.388
LOW,LOW,0,4,3,1,5.418666666666667
LOW,LOW,1,2,4,2,3.98
HIGH,HIGH,1,6,2,0,4.098
LOW,LOW,0,4,2,1,3.048
HIGH,HIGH,0,6,3,2,0.9353333333333332
LOW,LOW,1,2,5,2,4.964
LOW,LOW,1,5,2,0,0.0999999999999999
LOW,LOW,0,3,4,3,5.274
LOW,LOW,0,5,5,4,8.138
LOW,LOW,0,4,3,2,6.789333333333333
LOW,LOW,0,3,5,3,4.7860000000000005
LOW,LOW,0,3,5,5,5.644
HIGH,HIGH,1,7,5,4,5.576
LOW,LOW,0,2,4,3,7.164
LOW,LOW,0,3,5,3,4.564
LOW,LOW,1,3,0,0,5.14
HIGH,HIGH,0,6,5,4,5.504
LOW,LOW,0,5,1,0,4.38
LOW,LOW,1,2,3,1,3.646666666666667
LOW,LOW,1,3,3,1,4.252666666666666
LOW,LOW,1,2,1,0,2.04
LOW,LOW,1,1,2,1,3.58
LOW,LOW,1,3,3,1,2.8626666666666667
HIGH,HIGH,1,6,2,1,3.722
HIGH,HIGH,1,6,3,0,3.454
LOW,LOW,1,2,4,2,6.025999999999999
LOW,LOW,1,4,4,1,3.068
HIGH,HIGH,1,9,2,0,2.374
LOW,LOW,0,4,1,0,2.678
LOW,LOW,1,2,1,0,2.686
LOW,LOW,1,3,1,0,1.942
HIGH,HIGH,1,6,1,0,2.936
HIGH,HIGH,0,8,4,1,0.8
HIGH,HIGH,1,7,1,0,3.194
LOW,LOW,1,0,5,2,3.566
LOW,LOW,0,0,2,1,3.164
LOW,LOW,1,3,1,0,3.958
HIGH,HIGH,1,8,2,0,1.296
LOW,LOW,1,0,1,0,1.29
LOW,LOW,1,3,0,0,1.558
HIGH,HIGH,1,7,1,0,0.962
LOW,LOW,1,1,5,1,2.262
HIGH,HIGH,1,6,2,0,1.576
HIGH,HIGH,1,8,4,0,0.994
LOW,LOW,1,0,1,0,0.6
HIGH,HIGH,1,7,4,0,2.238
LOW,LOW,0,0,4,1,0.8260000000000001
HIGH,HIGH,1,6,1,0,2.942
LOW,LOW,0,4,3,2,2.9073333333333333
LOW,LOW,1,4,2,0,3.61
LOW,LOW,0,1,4,2,4.052
HIGH,HIGH,1,7,5,3,2.152
LOW,LOW,1,4,1,0,2.45
HIGH,HIGH,1,6,4,2,3.032
LOW,LOW,0,1,3,1,3.432666666666667
LOW,LOW,0,3,5,2,5.664
LOW,LOW,1,4,4,1,3.934
HIGH,HIGH,0,6,5,2,5.972
LOW,LOW,0,0,1,0,2.426
HIGH,HIGH,1,9,0,0,2.22
LOW,LOW,1,1,1,0,3.988
LOW,LOW,1,5,2,1,3.496
HIGH,HIGH,1,6,5,3,2.688
HIGH,HIGH,1,6,1,0,2.882
LOW,LOW,0,0,0,0,2.768
HIGH,HIGH,0,8,4,2,4.47
HIGH,HIGH,0,6,2,1,5.026
HIGH,HIGH,0,6,5,4,2.9560000000000004
LOW,LOW,0,5,1,0,2.998
HIGH,HIGH,0,9,4,2,4.788
LOW,LOW,0,5,0,0,1.812
HIGH,HIGH,0,7,1,0,2.508
HIGH,HIGH,0,6,0,0,1.758
LOW,LOW,0,4,2,1,4.708
LOW,LOW,1,4,4,2,3.522
LOW,LOW,0,2,5,3,5.492
LOW,LOW,0,2,3,1,2.8626666666666667
HIGH,HIGH,1,8,0,0,1.286
HIGH,HIGH,1,9,1,0,3.464
LOW,LOW,1,4,0,0,2.188
LOW,LOW,0,2,2,1,2.826
LOW,LOW,0,2,2,0,1.434
HIGH,HIGH,1,8,4,2,2.75
LOW,LOW,0,3,5,3,1.82
LOW,LOW,1,4,0,0,6.404
LOW,LOW,1,2,4,2,3.612
HIGH,HIGH,0,8,0,0,3.33
LOW,LOW,0,1,1,0,4.632000000000001
LOW,LOW,1,2,1,0,6.176
HIGH,HIGH,0,7,5,1,5.016
LOW,LOW,1,0,0,0,3.846
LOW,LOW,0,4,5,2,4.424
LOW,LOW,1,5,2,0,5.096
LOW,LOW,0,0,3,1,2.2346666666666666
LOW,LOW,1,1,2,1,2.98
HIGH,HIGH,0,6,2,1,3.854
LOW,LOW,0,3,4,2,3.17
HIGH,HIGH,1,6,2,1,4.278
HIGH,HIGH,0,7,3,2,5.047333333333334
LOW,LOW,0,4,2,1,8.25
LOW,LOW,0,4,2,1,5.002
LOW,LOW,1,1,1,0,5.456
LOW,LOW,0,1,1,0,6.838
HIGH,HIGH,0,9,5,4,5.198
LOW,LOW,0,3,3,2,4.499333333333333
LOW,LOW,0,5,2,1,6.81
LOW,LOW,0,4,2,2,5.170000000000001
HIGH,HIGH,0,8,3,2,5.781333333333333
LOW,LOW,0,0,4,3,5.478000000000001
LOW,LOW,1,0,2,1,5.876
HIGH,HIGH,0,7,4,3,5.874
HIGH,HIGH,1,9,0,0,7.311999999999999
LOW,LOW,0,5,4,2,4.726
LOW,LOW,0,0,2,1,5.698
LOW,LOW,0,5,3,2,6.705333333333334
LOW,LOW,1,4,2,1,6.182
LOW,LOW,0,0,1,0,5.266
LOW,LOW,1,2,2,0,1.718
LOW,LOW,0,4,1,0,2.664
LOW,LOW,1,0,3,1,3.292666666666667
HIGH,HIGH,1,8,1,0,4.794
HIGH,HIGH,1,9,5,2,6.836
HIGH,HIGH,1,8,4,1,2.622
LOW,LOW,0,0,4,1,4.114
LOW,LOW,1,4,2,1,3.02
HIGH,HIGH,1,7,2,1,5.655999999999999
HIGH,HIGH,1,6,1,0,3.334
HIGH,HIGH,1,8,0,0,4.196
LOW,LOW,1,1,0,0,1.992
LOW,LOW,1,4,1,0,0.138
HIGH,HIGH,1,9,4,1,3.39
LOW,LOW,1,1,3,1,5.2606666666666655
LOW,LOW,1,3,4,3,1.91
HIGH,HIGH,1,8,2,1,0.8719999999999999
HIGH,HIGH,1,9,0,0,2.56
LOW,LOW,0,1,2,0,3.012
LOW,LOW,1,4,0,0,2.54
HIGH,HIGH,0,9,1,0,0.75
LOW,LOW,1,3,3,1,4.554666666666667
LOW,LOW,1,0,5,3,5.278
LOW,LOW,0,4,4,2,3.742
LOW,LOW,0,2,3,1,4.672666666666667
LOW,LOW,0,2,4,1,0.8380000000000001
LOW,LOW,0,5,4,1,3.1979999999999995
LOW,LOW,1,1,4,2,2.6
LOW,LOW,1,3,0,0,5.494
HIGH,HIGH,1,6,3,1,5.538666666666666
LOW,LOW,1,1,1,0,0.0
HIGH,HIGH,1,8,3,0,1.414
HIGH,HIGH,1,8,1,0,0.3
LOW,LOW,1,2,5,1,1.628
HIGH,HIGH,1,7,1,0,0.6
HIGH,HIGH,1,6,2,0,0.3
HIGH,HIGH,1,9,4,0,0.3
LOW,LOW,1,4,0,0,0.624
LOW,LOW,1,4,5,0,1.624
LOW,LOW,1,4,3,0,1.0139999999999998
LOW,LOW,0,5,4,3,4.954000000000001
LOW,LOW,0,3,5,4,3.678
LOW,LOW,0,3,3,2,5.841333333333334
HIGH,HIGH,0,7,1,0,5.576
HIGH,HIGH,0,9,3,2,3.465333333333333
LOW,LOW,1,1,2,1,7.207999999999999
HIGH,HIGH,0,7,3,3,6.7860000000000005
HIGH,HIGH,0,9,4,3,5.172000000000001
LOW,LOW,0,0,4,3,5.538
HIGH,HIGH,1,7,1,0,6.39
LOW,LOW,1,2,5,2,0.43
LOW,LOW,1,2,3,1,4.546666666666667
LOW,LOW,0,3,1,0,4.716
HIGH,HIGH,0,8,5,3,4.452
HIGH,HIGH,0,8,2,0,3.67
LOW,LOW,0,3,3,1,2.536666666666666
LOW,LOW,0,3,2,1,2.5980000000000003
LOW,LOW,1,3,2,1,4.884
LOW,LOW,0,4,0,0,7.35
LOW,LOW,1,2,5,3,1.108
HIGH,HIGH,0,9,2,0,1.5
HIGH,HIGH,1,7,4,2,1.1
LOW,LOW,0,3,1,0,2.378
HIGH,HIGH,1,9,2,1,2.992
LOW,LOW,1,0,4,1,1.98
LOW,LOW,1,0,1,0,5.444
LOW,LOW,0,3,1,0,5.28
HIGH,HIGH,0,9,2,2,5.574
HIGH,HIGH,1,7,4,2,2.39
HIGH,HIGH,0,6,0,0,3.328
HIGH,HIGH,1,8,1,0,3.19
HIGH,HIGH,1,7,2,1,1.954
LOW,LOW,0,1,3,2,4.109333333333333
LOW,LOW,1,0,5,1,2.674
LOW,LOW,1,5,2,1,3.514
HIGH,HIGH,0,9,1,0,4.648000000000001
LOW,LOW,1,5,5,2,2.984
LOW,LOW,0,0,1,0,5.284
LOW,LOW,1,1,1,0,2.96
LOW,LOW,1,2,2,0,2.888
HIGH,HIGH,0,9,2,1,5.835999999999999
HIGH,HIGH,0,7,2,1,6.628
LOW,LOW,1,3,4,3,6.216
LOW,LOW,0,3,5,5,7.77
LOW,LOW,0,5,1,1,4.852
LOW,LOW,0,3,4,2,7.018
HIGH,HIGH,0,9,0,0,4.408
HIGH,HIGH,0,9,2,1,7.018
LOW,LOW,1,2,2,1,5.191999999999999
HIGH,HIGH,1,6,2,1,5.278
LOW,LOW,0,3,3,2,1.9853333333333327
HIGH,HIGH,0,7,5,3,5.56
LOW,LOW,0,3,4,1,3.1279999999999992
LOW,LOW,1,0,4,2,3.688
HIGH,HIGH,0,7,0,0,1.804
HIGH,HIGH,0,6,4,2,3.56
HIGH,HIGH,1,7,5,3,3.904
HIGH,HIGH,1,6,5,2,5.505999999999999
LOW,LOW,1,5,1,0,3.142
LOW,LOW,0,3,4,3,3.306
LOW,LOW,0,4,2,1,5.392
HIGH,HIGH,0,8,5,5,5.596
HIGH,HIGH,0,8,5,3,6.036
LOW,LOW,0,3,0,0,8.552
LOW,LOW,1,2,1,0,6.146
LOW,LOW,0,4,5,3,5.130000000000001
HIGH,HIGH,0,7,1,0,5.465999999999999
HIGH,HIGH,1,6,4,3,5.608
LOW,LOW,0,5,3,2,8.341333333333335
LOW,LOW,0,2,4,3,4.111999999999999
HIGH,HIGH,1,6,3,2,7.199333333333334
HIGH,HIGH,0,7,1,1,5.654
LOW,LOW,0,5,3,3,4.577999999999999
LOW,LOW,1,1,4,3,8.286000000000001
LOW,LOW,1,1,1,0,4.184
HIGH,HIGH,1,9,4,2,3.618
LOW,LOW,0,5,0,0,5.066000000000001
LOW,LOW,0,3,4,3,2.278
LOW,LOW,0,4,3,2,6.879333333333333
HIGH,HIGH,0,6,2,1,5.9
LOW,LOW,0,5,3,2,3.527333333333333
LOW,LOW,0,5,2,1,4.819999999999999
LOW,LOW,0,3,3,1,5.168666666666667
LOW,LOW,0,1,5,3,9.288
LOW,LOW,1,3,1,0,4.108
LOW,LOW,0,2,2,1,6.354
LOW,LOW,1,2,4,3,5.636
LOW,LOW,0,1,3,2,5.793333333333334
LOW,LOW,1,5,3,2,5.509333333333333
LOW,LOW,0,1,5,5,3.968
HIGH,HIGH,0,9,4,1,2.51
HIGH,HIGH,1,6,4,3,4.41
LOW,LOW,1,0,4,2,4.936
HIGH,HIGH,0,8,4,1,3.444
HIGH,HIGH,0,9,0,0,3.524
HIGH,HIGH,1,8,4,2,1.156
HIGH,HIGH,1,7,0,0,2.498
HIGH,HIGH,1,8,2,0,4.2620000000000005
LOW,LOW,1,4,0,0,2.978
LOW,LOW,1,5,1,0,3.918
HIGH,HIGH,0,9,5,4,6.156
LOW,LOW,0,5,5,3,4.382
HIGH,HIGH,0,7,3,1,5.036666666666667
HIGH,HIGH,1,8,0,0,3.158
LOW,LOW,1,5,4,1,4.492
LOW,LOW,0,5,5,2,4.654000000000001
LOW,LOW,0,3,4,2,4.045999999999999
LOW,LOW,0,1,4,1,5.39
LOW,LOW,0,1,1,0,3.072
HIGH,HIGH,0,6,2,0,1.4859999999999998
HIGH,HIGH,0,9,4,2,1.256
LOW,LOW,0,2,4,2,0.908
LOW,LOW,0,2,2,1,4.704000000000001
LOW,LOW,0,2,1,0,5.904
LOW,LOW,1,3,5,1,4.7780000000000005
LOW,LOW,1,5,2,1,4.624
LOW,LOW,1,1,0,0,0.732
HIGH,HIGH,0,9,1,0,6.558
LOW,LOW,0,4,4,2,3.218
HIGH,HIGH,0,8,3,2,2.8593333333333333
HIGH,HIGH,1,6,2,1,6.969999999999999
LOW,LOW,0,1,3,1,4.670666666666667
LOW,LOW,0,1,0,0,2.462
LOW,LOW,0,2,3,2,4.237333333333333
HIGH,HIGH,1,9,4,2,4.234
HIGH,HIGH,0,8,2,1,0.886
LOW,LOW,1,0,4,3,0.784
LOW,LOW,0,1,5,3,2.488
LOW,LOW,0,4,1,0,3.608
LOW,LOW,1,3,4,2,3.27
HIGH,HIGH,1,9,4,2,2.3960000000000004
HIGH,HIGH,1,9,5,3,2.038
LOW,LOW,1,3,0,0,4.072
LOW,LOW,1,0,3,2,2.349333333333333
HIGH,HIGH,1,6,3,2,1.3553333333333333
HIGH,HIGH,1,6,5,1,3.536
HIGH,HIGH,0,8,1,0,5.684
LOW,LOW,0,5,1,0,4.034
LOW,LOW,1,3,5,2,3.4240000000000004
LOW,LOW,0,4,1,0,2.602
LOW,LOW,1,3,4,1,2.9919999999999995
HIGH,HIGH,1,9,4,1,4.376
LOW,LOW,0,1,0,0,2.722
HIGH,HIGH,1,7,3,1,4.526666666666666
LOW,LOW,1,5,3,1,1.3766666666666667
HIGH,HIGH,1,9,0,0,3.29
LOW,LOW,1,5,4,3,4.742
HIGH,HIGH,0,8,4,2,5.092
LOW,LOW,0,4,2,0,2.716
LOW,LOW,0,2,2,1,1.228
HIGH,HIGH,1,8,5,0,0.624
LOW,LOW,1,0,2,0,1.298
LOW,LOW,1,5,4,1,0.7020000000000001
LOW,LOW,1,4,2,0,1.24
HIGH,HIGH,1,9,2,0,2.042
HIGH,HIGH,1,7,0,0,0.914
LOW,LOW,1,0,0,0,0.3
LOW,LOW,1,5,0,0,1.276
LOW,LOW,1,0,1,0,0.3
HIGH,HIGH,1,6,2,1,1.0079999999999998
LOW,LOW,1,0,4,2,4.755999999999999
HIGH,HIGH,0,6,4,2,3.794
HIGH,HIGH,1,8,4,2,2.4000000000000004
LOW,LOW,1,0,2,1,4.896
LOW,LOW,0,5,4,2,3.126
HIGH,HIGH,1,7,1,0,5.068
HIGH,HIGH,0,8,3,1,6.336666666666667
LOW,LOW,1,5,1,0,4.312
HIGH,HIGH,1,7,0,0,4.088
HIGH,HIGH,1,8,1,0,2.598
LOW,LOW,1,3,3,1,3.682666666666667
LOW,LOW,1,0,5,2,4.069999999999999
HIGH,HIGH,1,9,1,0,2.23
LOW,LOW,0,1,3,1,2.1786666666666665
HIGH,HIGH,0,8,2,1,1.802
LOW,LOW,1,1,4,2,4.564
LOW,LOW,1,4,1,0,2.806
LOW,LOW,0,1,2,1,4.459999999999999
LOW,LOW,0,0,0,0,5.358
LOW,LOW,1,1,3,1,2.8986666666666667
HIGH,HIGH,0,8,1,0,4.906000000000001
LOW,LOW,0,0,4,4,8.342
HIGH,HIGH,0,9,0,0,3.1
LOW,LOW,0,1,4,2,3.808
LOW,LOW,1,4,5,3,7.449999999999999
HIGH,HIGH,1,9,2,2,5.29
HIGH,HIGH,0,8,4,3,7.574
LOW,LOW,0,3,0,0,5.965999999999999
HIGH,HIGH,0,6,2,2,5.854
HIGH,HIGH,0,8,1,0,4.708
HIGH,HIGH,0,9,5,2,5.056
HIGH,HIGH,0,6,3,1,3.1266666666666665
LOW,LOW,1,0,1,0,4.585999999999999
LOW,LOW,1,0,0,0,4.154
LOW,LOW,0,2,5,2,0.904
LOW,LOW,0,1,4,0,0.75
LOW,LOW,1,5,4,2,3.934
LOW,LOW,0,5,0,0,0.8
HIGH,HIGH,0,8,1,0,3.98
LOW,LOW,1,0,5,2,2.958
LOW,LOW,0,1,1,0,1.1639999999999997
LOW,LOW,1,5,2,1,5.337999999999999
HIGH,HIGH,1,7,2,1,2.3720000000000003
LOW,LOW,1,1,4,2,2.3280000000000003
HIGH,HIGH,1,7,4,3,3.962
HIGH,HIGH,0,7,5,2,2.42
HIGH,HIGH,0,7,2,1,5.346
LOW,LOW,0,2,4,1,2.756
LOW,LOW,1,3,4,2,1.432
HIGH,HIGH,0,6,2,0,2.4520000000000004
LOW,LOW,0,5,3,2,4.491333333333333
LOW,LOW,1,4,4,2,5.154
HIGH,HIGH,0,9,0,0,3.944
LOW,LOW,1,2,0,0,5.438
HIGH,HIGH,1,8,3,1,2.0426666666666664
LOW,LOW,1,5,4,3,1.804
LOW,LOW,0,2,4,2,3.16
LOW,LOW,1,2,3,1,4.898666666666666
LOW,LOW,0,0,4,3,0.95
LOW,LOW,1,5,4,2,1.144
HIGH,HIGH,1,8,2,0,0.0
LOW,LOW,1,2,2,0,1.258
LOW,LOW,1,1,0,0,2.258
LOW,LOW,1,0,5,0,0.354
LOW,LOW,1,4,3,0,1.296
LOW,LOW,1,1,3,0,0.0
HIGH,HIGH,1,8,4,1,0.05
LOW,LOW,1,2,3,0,0.988
HIGH,HIGH,1,6,2,0,1.588
HIGH,HIGH,1,6,2,0,1.306
LOW,LOW,1,0,2,0,1.222
LOW,LOW,1,5,5,0,0.3
LOW,LOW,1,1,0,0,0.8999999999999999
LOW,LOW,1,1,2,0,0.736
LOW,LOW,1,0,5,1,1.924
LOW,LOW,1,3,4,0,0.614
LOW,LOW,1,4,2,0,1.906
HIGH,HIGH,1,9,5,0,1.3159999999999998
HIGH,HIGH,1,8,3,0,0.604
LOW,LOW,1,0,5,1,0.414
LOW,LOW,0,0,0,0,2.74
LOW,LOW,1,1,3,2,4.247333333333334
LOW,LOW,0,4,0,0,3.396
HIGH,HIGH,1,6,1,0,4.782
HIGH,HIGH,1,9,0,0,4.466
LOW,LOW,1,2,5,2,2.96
HIGH,HIGH,1,7,5,3,2.994
LOW,LOW,0,2,1,0,1.754
LOW,LOW,1,4,4,2,5.265999999999999
HIGH,HIGH,0,9,3,1,2.522666666666667
LOW,LOW,1,2,1,0,2.2880000000000003
LOW,LOW,1,2,4,0,0.908
LOW,LOW,1,0,5,1,0.984
HIGH,HIGH,1,7,0,0,0.352
LOW,LOW,1,0,4,0,0.6
LOW,LOW,1,1,1,0,0.6819999999999999
LOW,LOW,1,1,2,0,1.302
LOW,LOW,1,2,5,0,1.91
HIGH,HIGH,1,9,4,0,1.554
LOW,LOW,1,0,0,0,1.348
LOW,LOW,0,0,3,2,4.763333333333335
HIGH,HIGH,0,9,3,3,7.426
HIGH,HIGH,1,7,5,3,4.5760000000000005
LOW,LOW,1,1,4,2,4.524
HIGH,HIGH,0,9,4,4,8.662
HIGH,HIGH,0,6,1,0,6.352
LOW,LOW,0,4,4,4,5.933999999999999
LOW,LOW,0,1,5,4,6.380000000000001
HIGH,HIGH,0,6,0,0,7.351999999999999
LOW,LOW,0,1,2,1,7.026
LOW,LOW,0,5,3,1,3.2046666666666668
LOW,LOW,1,4,2,0,3.83
HIGH,HIGH,1,8,2,1,4.214
LOW,LOW,1,0,2,1,4.238
LOW,LOW,1,2,2,1,5.271999999999999
LOW,LOW,0,3,0,0,5.664
HIGH,HIGH,0,6,5,2,2.482
HIGH,HIGH,0,8,5,3,0.87
LOW,LOW,0,3,5,2,4.5920000000000005
LOW,LOW,1,0,4,2,4.654
HIGH,HIGH,1,8,1,0,3.2960000000000003
HIGH,HIGH,0,7,1,0,2.4160000000000004
LOW,LOW,0,4,1,0,0.4559999999999999
LOW,LOW,0,2,4,1,2.508
LOW,LOW,0,5,1,0,4.938000000000001
LOW,LOW,1,3,3,1,2.570666666666667
LOW,LOW,0,2,0,0,5.258
LOW,LOW,1,5,2,1,4.026
HIGH,HIGH,1,8,3,1,3.226666666666667
LOW,LOW,1,3,0,0,4.144
HIGH,HIGH,1,7,1,0,1.636
LOW,LOW,1,1,0,0,1.906
HIGH,HIGH,1,6,3,0,0.984
HIGH,HIGH,1,7,1,0,1.314
HIGH,HIGH,1,8,2,0,1.236
LOW,LOW,1,1,0,0,0.608
HIGH,HIGH,1,7,5,0,0.62
LOW,LOW,1,5,4,0,0.638
HIGH,HIGH,1,8,3,0,1.6720000000000002
HIGH,HIGH,1,9,4,0,0.706
LOW,LOW,1,1,3,0,0.944
HIGH,HIGH,1,7,1,0,0.022
LOW,LOW,1,0,2,0,0.96
HIGH,HIGH,1,6,5,0,0.656
HIGH,HIGH,1,7,1,0,0.006
LOW,LOW,1,1,4,0,2.282
HIGH,HIGH,1,6,2,0,0.6579999999999999
HIGH,HIGH,1,6,4,0,0.704
HIGH,HIGH,1,8,4,0,1.218
LOW,LOW,1,3,3,0,0.3
LOW,LOW,1,0,0,0,2.902
LOW,LOW,1,4,1,0,2.874
LOW,LOW,0,2,2,1,0.934
HIGH,HIGH,1,7,4,2,4.222
LOW,LOW,0,4,5,3,0.962
HIGH,HIGH,1,8,2,1,1.826
LOW,LOW,1,5,2,0,2.674
HIGH,HIGH,1,7,4,1,4.274
HIGH,HIGH,0,9,5,1,3.032
LOW,LOW,1,3,3,2,3.263333333333333
LOW,LOW,1,3,0,0,2.3400000000000003
HIGH,HIGH,1,8,3,0,4.538
LOW,LOW,0,3,3,1,4.3486666666666665
LOW,LOW,0,0,0,0,3.718
LOW,LOW,1,5,3,2,1.7373333333333334
LOW,LOW,1,2,2,0,3.85
HIGH,HIGH,0,6,4,1,5.006
LOW,LOW,1,5,2,0,2.038
LOW,LOW,1,4,1,0,5.052
LOW,LOW,1,0,0,0,1.26
LOW,LOW,1,5,2,1,4.568
HIGH,HIGH,1,7,2,1,2.692
LOW,LOW,0,0,4,2,3.15
HIGH,HIGH,1,8,2,1,2.142
LOW,LOW,1,5,5,2,3.88
HIGH,HIGH,1,7,1,0,3.93
HIGH,HIGH,1,6,2,1,4.545999999999999
HIGH,HIGH,0,6,4,2,3.222
HIGH,HIGH,1,7,0,0,3.602
LOW,LOW,0,0,0,0,2.094
LOW,LOW,1,1,2,0,0.62
LOW,LOW,1,3,1,0,1.402
LOW,LOW,1,2,2,0,0.962
LOW,LOW,1,5,1,0,0.0999999999999999
LOW,LOW,1,3,5,0,0.3
HIGH,HIGH,1,7,1,0,0.6
LOW,LOW,1,0,4,0,1.574
HIGH,HIGH,1,6,3,0,2.226
LOW,LOW,1,5,0,0,0.0
HIGH,HIGH,1,6,1,0,1.644
HIGH,HIGH,1,8,2,1,3.624
HIGH,HIGH,0,9,3,1,2.488666666666667
LOW,LOW,1,1,5,1,2.576
LOW,LOW,1,2,3,1,0.1666666666666666
LOW,LOW,1,4,2,1,3.564
LOW,LOW,1,0,1,0,3.032
LOW,LOW,1,3,5,2,1.392
HIGH,HIGH,1,6,1,0,4.838
LOW,LOW,1,0,0,0,1.968
HIGH,HIGH,1,7,3,1,1.6146666666666667
HIGH,HIGH,1,8,4,0,1.262
LOW,LOW,1,0,0,0,1.92
LOW,LOW,1,1,4,0,0.0
HIGH,HIGH,1,9,1,0,1.292
HIGH,HIGH,1,9,0,0,0.944
HIGH,HIGH,1,6,5,0,1.242
LOW,LOW,1,3,2,0,0.91
LOW,LOW,1,2,0,0,0.3
LOW,LOW,1,4,2,0,1.616
LOW,LOW,1,5,0,0,0.632
HIGH,HIGH,0,6,4,2,2.5520000000000005
HIGH,HIGH,0,9,4,2,3.77
HIGH,HIGH,1,8,1,0,2.504
HIGH,HIGH,1,9,0,0,4.124
LOW,LOW,0,5,4,2,4.475999999999999
LOW,LOW,0,5,4,2,3.144
HIGH,HIGH,0,7,0,0,5.904
HIGH,HIGH,1,6,2,0,1.59
LOW,LOW,0,3,5,3,2.906
LOW,LOW,1,1,5,2,3.262
LOW,LOW,1,5,5,0,0.962
LOW,LOW,1,3,3,0,0.078
LOW,LOW,1,3,5,0,1.616
LOW,LOW,1,2,1,0,0.0
LOW,LOW,1,5,2,0,0.366
LOW,LOW,1,4,2,0,0.966
LOW,LOW,1,0,0,0,0.014
LOW,LOW,1,1,3,0,0.322
LOW,LOW,1,1,4,0,1.284
HIGH,HIGH,1,6,3,0,0.624
LOW,LOW,1,4,3,1,1.0646666666666669
HIGH,HIGH,1,7,2,1,2.942
HIGH,HIGH,1,7,3,1,2.324666666666667
LOW,LOW,0,1,1,0,0.768
LOW,LOW,0,3,1,0,3.704
HIGH,HIGH,0,9,4,2,5.726
HIGH,HIGH,0,9,3,2,3.5573333333333337
HIGH,HIGH,0,9,1,0,3.074
LOW,LOW,1,0,5,3,4.346
HIGH,HIGH,1,8,0,0,2.23
LOW,LOW,1,1,4,2,1.114
HIGH,HIGH,1,8,4,3,4.188
LOW,LOW,1,1,0,0,4.602
LOW,LOW,1,4,3,0,4.84
LOW,LOW,0,1,0,0,0.806
LOW,LOW,0,3,1,0,4.05
LOW,LOW,1,2,5,2,1.6820000000000002
LOW,LOW,0,3,0,0,3.728
LOW,LOW,1,2,4,2,5.246
LOW,LOW,1,5,1,0,2.108
HIGH,HIGH,1,9,5,4,6.874
HIGH,HIGH,1,8,0,0,5.481999999999999
LOW,LOW,0,2,4,3,4.976
HIGH,HIGH,0,9,5,4,4.784000000000001
LOW,LOW,0,1,2,2,6.268
LOW,LOW,1,4,4,4,6.914
HIGH,HIGH,1,8,3,2,5.267333333333333
LOW,LOW,0,3,3,2,4.625333333333334
LOW,LOW,0,1,5,5,4.680000000000001
LOW,LOW,0,5,1,0,6.548
LOW,LOW,1,1,1,0,2.97
LOW,LOW,0,2,4,1,5.643999999999999
LOW,LOW,1,1,0,0,3.568
LOW,LOW,1,0,2,1,5.947999999999999
LOW,LOW,0,5,2,1,3.75
HIGH,HIGH,0,7,1,0,5.3
LOW,LOW,1,3,3,2,0.7513333333333333
LOW,LOW,0,5,5,3,4.704000000000001
LOW,LOW,1,3,0,0,2.268
HIGH,HIGH,0,8,4,2,1.392
LOW,LOW,0,5,4,3,5.2780000000000005
LOW,LOW,0,1,5,5,5.380000000000001
LOW,LOW,0,3,2,1,6.642
LOW,LOW,0,5,4,2,7.627999999999999
HIGH,HIGH,1,6,3,3,5.593999999999999
HIGH,HIGH,0,7,5,5,7.07
LOW,LOW,1,5,2,2,4.054
HIGH,HIGH,0,7,0,0,5.26
HIGH,HIGH,0,6,1,0,5.866
HIGH,HIGH,0,9,0,0,5.556
HIGH,HIGH,1,7,0,0,0.988
LOW,LOW,1,1,5,0,0.3
LOW,LOW,1,3,1,0,0.962
LOW,LOW,1,5,4,0,1.626
LOW,LOW,1,1,3,0,1.6760000000000002
LOW,LOW,1,5,3,1,0.0666666666666666
LOW,LOW,0,2,5,0,0.75
LOW,LOW,1,0,1,0,1.528
LOW,LOW,1,0,3,0,0.988
HIGH,HIGH,1,7,1,0,1.528
LOW,LOW,1,3,2,1,4.593999999999999
LOW,LOW,1,2,3,3,6.574
LOW,LOW,0,2,1,0,5.964
HIGH,HIGH,0,7,1,0,6.32
LOW,LOW,0,4,4,3,8.042
LOW,LOW,0,0,2,1,6.944
LOW,LOW,1,1,0,0,4.508
HIGH,HIGH,0,6,3,2,6.093333333333334
LOW,LOW,0,5,4,4,6.214
HIGH,HIGH,0,9,5,3,7.42
HIGH,HIGH,0,7,4,2,2.5
LOW,LOW,0,1,5,3,7.481999999999999
HIGH,HIGH,1,8,2,1,1.364
LOW,LOW,0,1,1,0,1.232
LOW,LOW,0,3,4,1,2.74
LOW,LOW,1,4,5,2,0.7779999999999999
HIGH,HIGH,1,7,3,2,2.755333333333333
LOW,LOW,0,3,4,1,4.02
HIGH,HIGH,1,9,0,0,3.58
LOW,LOW,1,4,1,0,0.948
HIGH,HIGH,0,6,3,2,5.431333333333334
LOW,LOW,0,2,4,2,7.681999999999999
LOW,LOW,0,5,2,1,3.864
LOW,LOW,0,2,5,5,7.446
HIGH,HIGH,0,7,4,4,6.556
HIGH,HIGH,0,8,2,2,6.15
LOW,LOW,1,1,5,3,4.263999999999999
LOW,LOW,1,5,0,0,7.407999999999999
LOW,LOW,0,1,4,3,5.456
LOW,LOW,1,4,4,3,5.298
HIGH,HIGH,1,9,3,1,3.360666666666667
HIGH,HIGH,1,8,4,2,3.702
HIGH,HIGH,1,6,4,2,4.506
LOW,LOW,1,5,1,0,1.606
LOW,LOW,0,5,3,0,3.9979999999999993
LOW,LOW,0,0,0,0,3.968
LOW,LOW,1,2,2,1,4.98
LOW,LOW,1,2,4,1,2.9679999999999995
LOW,LOW,0,3,4,2,3.224
HIGH,HIGH,1,6,2,0,1.57
HIGH,HIGH,0,6,5,1,3.066
HIGH,HIGH,1,9,5,3,3.96
LOW,LOW,0,3,1,0,0.768
LOW,LOW,1,4,0,0,4.294
HIGH,HIGH,0,9,4,2,6.111999999999999
LOW,LOW,0,2,0,0,2.396
LOW,LOW,1,0,5,2,0.6799999999999999
HIGH,HIGH,1,7,2,1,0.766
HIGH,HIGH,1,6,1,0,4.768
HIGH,HIGH,1,6,0,0,4.85
LOW,LOW,1,5,1,0,1.52
LOW,LOW,1,2,4,1,1.014
HIGH,HIGH,1,8,2,0,0.966
LOW,LOW,1,4,5,0,0.944
HIGH,HIGH,1,8,5,0,0.004
LOW,LOW,1,0,3,0,0.938
LOW,LOW,1,0,4,0,1.266
HIGH,HIGH,1,6,3,0,0.042
HIGH,HIGH,1,7,3,0,0.406
HIGH,HIGH,1,7,1,0,0.938
LOW,LOW,1,1,1,0,5.148
HIGH,HIGH,0,9,1,0,5.88
LOW,LOW,0,1,4,3,6.470000000000001
HIGH,HIGH,0,8,2,1,4.481999999999999
LOW,LOW,1,5,1,0,5.52
LOW,LOW,0,3,1,0,7.184
HIGH,HIGH,0,7,3,3,5.49
LOW,LOW,0,4,1,0,6.872
LOW,LOW,0,2,4,3,5.148000000000001
HIGH,HIGH,0,6,4,2,7.817999999999999
LOW,LOW,0,0,2,2,6.878
LOW,LOW,0,3,2,1,5.733999999999999
LOW,LOW,1,0,5,4,3.022
LOW,LOW,0,0,4,2,6.332
LOW,LOW,0,0,5,4,7.518
HIGH,HIGH,0,6,4,2,6.942
HIGH,HIGH,0,9,4,3,7.022
LOW,LOW,0,2,2,1,6.306
LOW,LOW,0,0,4,4,5.48
HIGH,HIGH,0,9,0,0,6.362
HIGH,HIGH,1,6,2,0,4.774
HIGH,HIGH,0,9,2,0,3.998
LOW,LOW,0,3,3,1,1.2146666666666666
LOW,LOW,1,5,0,0,2.572
HIGH,HIGH,1,7,2,0,3.034
LOW,LOW,1,5,3,1,3.342666666666667
LOW,LOW,1,1,2,0,3.856
LOW,LOW,0,3,3,1,1.7566666666666666
HIGH,HIGH,0,6,0,0,3.038
HIGH,HIGH,0,6,4,2,1.85
LOW,LOW,1,2,3,1,3.314666666666667
LOW,LOW,1,1,4,2,1.726
HIGH,HIGH,1,7,4,1,3.06
LOW,LOW,0,4,3,1,0.9086666666666666
HIGH,HIGH,0,8,3,1,3.4666666666666672
HIGH,HIGH,0,7,4,2,1.6820000000000002
LOW,LOW,0,5,2,1,1.482
LOW,LOW,0,2,2,1,5.457999999999999
LOW,LOW,1,5,2,0,0.328
HIGH,HIGH,1,6,0,0,4.784
LOW,LOW,0,1,2,1,5.738
HIGH,HIGH,0,8,0,0,5.254
HIGH,HIGH,1,9,4,3,4.26
HIGH,HIGH,0,6,3,2,6.405333333333334
HIGH,HIGH,0,9,3,2,3.167333333333333
HIGH,HIGH,0,7,3,2,5.775333333333333
LOW,LOW,0,0,5,3,7.352
LOW,LOW,1,2,0,0,6.38
LOW,LOW,0,2,2,1,6.406
HIGH,HIGH,0,6,5,4,4.642
LOW,LOW,1,5,0,0,4.76
LOW,LOW,1,2,1,0,0.624
LOW,LOW,1,2,0,0,5.488
LOW,LOW,1,4,2,1,0.8119999999999999
LOW,LOW,0,2,3,1,4.102666666666667
LOW,LOW,1,5,2,1,2.654
HIGH,HIGH,1,6,0,0,0.654
LOW,LOW,1,1,1,0,4.79
LOW,LOW,0,1,0,0,3.064
HIGH,HIGH,1,6,5,2,0.71
LOW,LOW,1,5,1,0,0.618
LOW,LOW,1,4,4,0,0.0
HIGH,HIGH,1,9,4,0,0.962
LOW,LOW,1,3,5,1,0.358
HIGH,HIGH,1,8,5,1,1.386
LOW,LOW,1,3,3,0,0.6859999999999999
HIGH,HIGH,1,7,5,0,0.352
HIGH,HIGH,1,7,3,1,1.9566666666666663
LOW,LOW,1,4,1,0,0.704
LOW,LOW,1,2,2,0,1.266
HIGH,HIGH,1,9,4,2,5.196
LOW,LOW,0,3,2,1,3.494
HIGH,HIGH,0,9,0,0,4.99
HIGH,HIGH,1,6,5,2,2.61
LOW,LOW,0,0,5,4,3.832
LOW,LOW,0,1,1,0,3.096
LOW,LOW,0,5,3,2,3.4713333333333334
HIGH,HIGH,0,8,5,3,4.434
LOW,LOW,0,4,1,0,5.888
HIGH,HIGH,0,9,0,0,5.3020000000000005
LOW,LOW,0,2,3,1,7.154666666666666
HIGH,HIGH,0,6,2,1,6.113999999999999
HIGH,HIGH,0,8,5,4,7.202
LOW,LOW,1,2,4,3,5.34
HIGH,HIGH,0,8,5,4,7.117999999999999
LOW,LOW,0,2,3,2,6.683333333333334
LOW,LOW,0,2,4,3,5.486000000000001
LOW,LOW,1,2,5,4,5.896
HIGH,HIGH,0,9,3,1,8.300666666666666
HIGH,HIGH,1,6,4,4,5.954
HIGH,HIGH,1,9,3,0,1.594
LOW,LOW,1,4,0,0,0.3319999999999999
HIGH,HIGH,1,6,3,0,1.38
HIGH,HIGH,1,8,5,0,0.6599999999999999
LOW,LOW,1,5,2,0,0.6579999999999999
LOW,LOW,1,1,1,0,0.63
LOW,LOW,1,1,4,0,0.954
LOW,LOW,1,4,1,0,0.988
LOW,LOW,1,3,3,0,0.926
LOW,LOW,1,4,0,0,0.972
LOW,LOW,0,5,2,1,5.168
LOW,LOW,0,4,0,0,4.6160000000000005
LOW,LOW,1,2,2,1,5.953999999999999
LOW,LOW,0,4,1,0,0.75
LOW,LOW,1,3,1,0,2.872
HIGH,HIGH,0,7,3,1,4.358666666666666
LOW,LOW,1,4,5,3,4.311999999999999
LOW,LOW,1,4,0,0,3.3240000000000003
LOW,LOW,1,5,4,2,0.8019999999999999
HIGH,HIGH,0,7,0,0,3.958
LOW,LOW,1,3,3,1,1.6366666666666667
HIGH,HIGH,0,9,0,0,4.085999999999999
LOW,LOW,0,4,5,2,2.812
LOW,LOW,1,3,0,0,2.322
LOW,LOW,0,0,5,2,4.424
LOW,LOW,1,1,3,1,2.422666666666667
HIGH,HIGH,1,9,2,0,3.252
HIGH,HIGH,1,7,2,0,2.63
LOW,LOW,1,1,4,1,1.658
HIGH,HIGH,0,6,1,0,2.078
HIGH,HIGH,1,7,4,2,6.13
LOW,LOW,1,5,0,0,2.262
LOW,LOW,1,3,4,2,2.3720000000000003
HIGH,HIGH,0,9,1,0,5.308
HIGH,HIGH,1,7,2,0,5.215999999999999
LOW,LOW,0,1,0,0,4.626
LOW,LOW,0,5,0,0,4.45
LOW,LOW,1,5,4,2,4.85
LOW,LOW,1,4,2,0,3.132
HIGH,HIGH,1,8,4,2,0.748
LOW,LOW,1,5,4,2,3.89
LOW,LOW,1,1,0,0,0.0
LOW,LOW,0,0,1,0,1.122
LOW,LOW,0,2,0,0,6.095999999999999
HIGH,HIGH,0,7,3,1,5.064666666666667
HIGH,HIGH,1,9,4,2,4.05
HIGH,HIGH,1,8,2,1,3.2880000000000003
LOW,LOW,1,4,5,4,4.086
LOW,LOW,1,3,4,2,1.6860000000000002
LOW,LOW,1,2,0,0,1.0679999999999998
LOW,LOW,1,0,4,3,5.57
LOW,LOW,0,3,3,2,8.747333333333332
HIGH,HIGH,1,6,0,0,4.454000000000001
LOW,LOW,0,0,2,2,5.626
HIGH,HIGH,0,6,0,0,7.911999999999999
LOW,LOW,1,0,5,5,8.642
HIGH,HIGH,0,9,5,4,7.468
LOW,LOW,0,4,2,1,5.342
HIGH,HIGH,0,9,1,0,5.102
LOW,LOW,1,2,5,4,5.928
HIGH,HIGH,0,9,1,0,4.676
LOW,LOW,0,1,3,0,0.5399999999999999
HIGH,HIGH,0,6,5,2,1.196
LOW,LOW,0,5,5,2,3.796
HIGH,HIGH,1,7,3,1,5.248666666666666
LOW,LOW,0,3,2,0,3.606
LOW,LOW,1,2,1,0,2.29
HIGH,HIGH,1,7,5,2,4.562
HIGH,HIGH,0,7,1,0,0.94
LOW,LOW,1,4,5,3,0.734
HIGH,HIGH,1,7,4,1,1.93
HIGH,HIGH,1,8,2,0,2.682
LOW,LOW,1,4,3,1,4.526666666666666
HIGH,HIGH,1,7,2,1,3.286
HIGH,HIGH,1,7,5,3,1.042
HIGH,HIGH,1,9,4,1,3.882
LOW,LOW,0,5,5,2,1.86
LOW,LOW,1,5,3,1,4.334666666666666
LOW,LOW,0,5,2,1,2.8560000000000003
LOW,LOW,0,5,5,2,1.82
HIGH,HIGH,0,9,1,0,4.0
HIGH,HIGH,1,8,4,3,2.758
LOW,LOW,1,1,5,3,3.33
LOW,LOW,0,3,5,2,2.722
LOW,LOW,1,4,4,2,3.3120000000000003
LOW,LOW,0,0,1,0,2.406
LOW,LOW,0,1,0,0,3.958
LOW,LOW,1,2,3,1,2.0926666666666667
HIGH,HIGH,1,6,4,2,4.21
LOW,LOW,1,1,5,3,2.598
HIGH,HIGH,0,6,1,0,4.295999999999999
LOW,LOW,1,5,5,3,7.166
HIGH,HIGH,0,9,1,0,6.484
LOW,LOW,1,1,2,1,5.513999999999999
LOW,LOW,0,4,3,2,5.441333333333334
LOW,LOW,0,3,1,0,5.83
LOW,LOW,0,3,4,3,6.5520000000000005
HIGH,HIGH,0,8,0,0,6.2
LOW,LOW,0,3,3,2,7.457333333333334
LOW,LOW,0,3,2,2,6.094
LOW,LOW,1,3,1,0,2.562
HIGH,HIGH,1,9,4,2,3.624
HIGH,HIGH,0,7,0,0,2.676
HIGH,HIGH,1,6,2,1,2.3240000000000003
LOW,LOW,1,0,0,0,1.572
HIGH,HIGH,0,6,0,0,3.708
LOW,LOW,0,3,0,0,2.686
HIGH,HIGH,0,7,5,2,2.228
HIGH,HIGH,1,6,4,1,2.264
LOW,LOW,0,2,3,1,5.306666666666667
HIGH,HIGH,1,6,4,2,2.338
LOW,LOW,1,0,2,1,4.917999999999999
LOW,LOW,0,5,4,2,0.586
LOW,LOW,0,0,1,0,1.4699999999999998
LOW,LOW,0,5,0,0,4.034
LOW,LOW,0,0,1,0,4.326
LOW,LOW,1,1,0,0,0.41
HIGH,HIGH,1,8,2,1,1.0519999999999998
LOW,LOW,1,2,3,2,3.4413333333333336
LOW,LOW,1,1,3,1,0.4986666666666666
LOW,LOW,1,1,4,1,3.306
HIGH,HIGH,0,9,2,1,3.162
HIGH,HIGH,0,8,3,1,3.0926666666666667
LOW,LOW,0,0,0,0,5.624
LOW,LOW,0,1,2,1,6.526
LOW,LOW,0,5,2,0,2.672
HIGH,HIGH,1,7,3,2,2.021333333333333
LOW,LOW,0,5,2,1,5.398
LOW,LOW,1,1,3,2,1.7573333333333334
LOW,LOW,0,4,3,1,4.064666666666667
HIGH,HIGH,0,9,2,1,0.886
LOW,LOW,0,5,4,2,3.448
LOW,LOW,0,4,4,1,3.164
LOW,LOW,0,5,1,0,6.85
HIGH,HIGH,1,8,2,0,2.244
HIGH,HIGH,0,8,3,1,0.8166666666666667
LOW,LOW,1,3,4,2,6.797999999999999
LOW,LOW,0,5,4,3,1.352
HIGH,HIGH,1,7,3,1,1.9726666666666663
HIGH,HIGH,1,9,3,1,6.498666666666667
HIGH,HIGH,0,6,0,0,0.15
LOW,LOW,1,0,2,0,1.264
HIGH,HIGH,1,8,3,0,1.854
HIGH,HIGH,1,6,0,0,0.32
LOW,LOW,1,0,1,0,0.086
LOW,LOW,1,4,4,0,0.3
LOW,LOW,1,2,1,0,1.604
LOW,LOW,1,3,1,0,0.6799999999999999
HIGH,HIGH,1,9,3,1,0.7266666666666666
HIGH,HIGH,1,6,3,0,0.992
HIGH,HIGH,0,7,3,2,3.4193333333333333
LOW,LOW,1,0,5,3,4.972
LOW,LOW,0,1,5,1,1.39
LOW,LOW,0,4,4,1,3.728
HIGH,HIGH,1,8,0,0,2.536
HIGH,HIGH,0,7,5,2,4.698
LOW,LOW,0,1,0,0,4.31
HIGH,HIGH,1,8,1,0,0.6639999999999999
LOW,LOW,1,3,3,1,0.6666666666666666
HIGH,HIGH,1,6,0,0,2.012
LOW,LOW,1,1,4,2,2.928
HIGH,HIGH,1,9,3,1,0.4026666666666666
LOW,LOW,1,4,1,0,4.924
LOW,LOW,0,0,2,0,3.4080000000000004
LOW,LOW,0,2,0,0,4.862
HIGH,HIGH,0,7,1,0,5.2780000000000005
HIGH,HIGH,0,8,5,2,4.378
LOW,LOW,1,3,2,1,2.69
LOW,LOW,0,1,0,0,4.672000000000001
HIGH,HIGH,0,8,3,1,3.9786666666666655
LOW,LOW,1,2,4,1,4.542
LOW,LOW,0,2,3,1,3.804666666666667
LOW,LOW,1,0,2,1,2.978
HIGH,HIGH,1,9,5,2,2.732
LOW,LOW,1,3,4,1,3.232
HIGH,HIGH,0,8,3,1,5.014666666666667
HIGH,HIGH,1,8,0,0,4.126
LOW,LOW,1,4,4,2,2.422
HIGH,HIGH,1,9,0,0,2.044
LOW,LOW,1,0,4,2,1.642
HIGH,HIGH,1,8,3,2,6.535333333333334
LOW,LOW,0,5,4,3,4.278
HIGH,HIGH,0,7,4,3,4.536
HIGH,HIGH,1,7,1,0,5.132
HIGH,HIGH,0,8,2,1,6.803999999999999
LOW,LOW,0,4,3,2,3.971333333333333
LOW,LOW,0,1,1,0,6.300000000000001
LOW,LOW,1,1,3,1,5.468666666666666
HIGH,HIGH,0,6,0,0,6.556
LOW,LOW,0,4,0,0,6.622
HIGH,HIGH,1,9,3,1,5.220666666666666
LOW,LOW,0,4,5,3,5.106
HIGH,HIGH,0,8,0,0,0.8799999999999999
LOW,LOW,0,3,0,0,5.28
LOW,LOW,1,0,1,0,3.158
HIGH,HIGH,0,8,3,1,4.112666666666667
HIGH,HIGH,1,6,0,0,4.248
LOW,LOW,0,4,3,2,5.465333333333334
LOW,LOW,1,2,1,0,0.958
LOW,LOW,1,3,0,0,3.528
LOW,LOW,1,3,4,0,0.0
LOW,LOW,1,1,4,0,1.234
LOW,LOW,1,4,3,0,2.254
LOW,LOW,1,5,3,0,1.6
LOW,LOW,1,1,3,0,1.298
HIGH,HIGH,1,8,3,0,0.3359999999999999
LOW,LOW,1,4,2,0,0.6799999999999999
HIGH,HIGH,1,8,0,0,2.182
HIGH,HIGH,1,6,2,0,1.376
LOW,LOW,1,0,4,0,1.01
LOW,LOW,1,3,3,0,1.878
HIGH,HIGH,1,6,1,0,0.632
LOW,LOW,1,2,2,0,1.34
HIGH,HIGH,1,7,1,0,1.11
LOW,LOW,1,4,4,0,1.734
LOW,LOW,1,1,0,0,0.956
LOW,LOW,1,1,0,0,0.6679999999999999
HIGH,HIGH,1,6,3,0,0.6799999999999999
LOW,LOW,1,4,5,0,0.032
HIGH,HIGH,0,7,0,0,1.114
LOW,LOW,1,0,1,0,1.882
LOW,LOW,1,3,4,0,0.056
LOW,LOW,1,5,1,0,1.024
LOW,LOW,1,1,1,0,0.99
HIGH,HIGH,1,7,3,0,0.6579999999999999
HIGH,HIGH,1,7,4,0,0.994
LOW,LOW,1,3,0,0,1.64
LOW,LOW,1,4,1,0,0.142
LOW,LOW,1,5,5,0,1.268
LOW,LOW,1,0,1,0,0.96
LOW,LOW,0,4,1,0,1.874
LOW,LOW,0,1,1,0,1.444
LOW,LOW,0,5,4,2,3.492
LOW,LOW,1,1,0,0,1.648
LOW,LOW,1,3,3,1,3.046666666666667
LOW,LOW,0,3,1,0,2.704
HIGH,HIGH,0,9,1,0,0.806
LOW,LOW,0,0,1,0,4.644
LOW,LOW,1,1,1,0,1.23
HIGH,HIGH,0,6,1,0,2.068
LOW,LOW,0,1,1,0,1.454
HIGH,HIGH,1,8,2,1,1.346
HIGH,HIGH,1,9,3,2,6.019333333333333
HIGH,HIGH,0,8,3,2,4.189333333333333
HIGH,HIGH,0,8,4,0,2.736
HIGH,HIGH,1,8,4,3,4.634
HIGH,HIGH,0,7,4,2,2.53
HIGH,HIGH,0,7,4,1,3.416
LOW,LOW,0,4,0,0,5.29
LOW,LOW,0,5,0,0,1.7939999999999998
LOW,LOW,1,1,4,0,0.0
LOW,LOW,1,2,1,0,1.612
LOW,LOW,1,4,0,0,0.96
HIGH,HIGH,1,7,1,0,1.2
HIGH,HIGH,1,7,2,0,1.576
LOW,LOW,1,1,5,0,1.896
LOW,LOW,1,1,0,0,0.0
HIGH,HIGH,1,8,5,0,0.304
LOW,LOW,1,4,3,0,0.016
HIGH,HIGH,1,6,4,0,0.302
HIGH,HIGH,0,8,5,3,2.458
LOW,LOW,1,1,2,0,0.3
HIGH,HIGH,0,9,4,1,3.692
HIGH,HIGH,0,8,2,0,3.89
HIGH,HIGH,1,7,2,1,2.37
HIGH,HIGH,1,8,4,2,2.042
LOW,LOW,0,5,0,0,6.216
HIGH,HIGH,0,7,0,0,2.046
LOW,LOW,0,4,5,3,5.048
LOW,LOW,1,3,2,1,6.324
HIGH,HIGH,1,6,1,0,0.0
LOW,LOW,1,5,1,0,2.222
HIGH,HIGH,1,6,3,0,0.3319999999999999
LOW,LOW,1,4,4,0,0.314
HIGH,HIGH,1,7,4,0,0.626
LOW,LOW,1,3,4,0,0.702
HIGH,HIGH,1,8,2,0,1.58
LOW,LOW,1,3,4,0,0.366
HIGH,HIGH,1,9,5,0,1.256
LOW,LOW,1,3,0,0,0.0999999999999999
LOW,LOW,1,2,2,0,0.6679999999999999
LOW,LOW,1,3,0,0,1.272
LOW,LOW,1,2,5,0,0.998
LOW,LOW,1,2,3,0,1.298
HIGH,HIGH,1,9,2,0,0.05
LOW,LOW,1,3,0,0,0.038
LOW,LOW,1,0,3,0,0.008
LOW,LOW,1,3,1,0,1.534
LOW,LOW,1,4,2,0,0.69
HIGH,HIGH,1,6,4,0,0.8999999999999999
LOW,LOW,0,0,3,1,0.6086666666666667
LOW,LOW,1,3,3,1,3.002666666666667
HIGH,HIGH,0,9,2,1,2.776
LOW,LOW,1,1,2,0,4.832
LOW,LOW,1,4,5,4,3.334
LOW,LOW,1,2,4,1,3.6
LOW,LOW,0,0,4,2,2.8360000000000003
HIGH,HIGH,0,8,4,0,0.806
HIGH,HIGH,0,8,1,0,0.802
LOW,LOW,1,0,5,3,3.348
HIGH,HIGH,1,9,4,1,3.238
LOW,LOW,0,3,1,0,2.548
LOW,LOW,0,3,1,0,4.672000000000001
HIGH,HIGH,1,8,2,1,4.494
LOW,LOW,0,4,3,1,3.798666666666666
HIGH,HIGH,1,9,1,0,5.194
HIGH,HIGH,0,6,5,2,2.762
LOW,LOW,1,2,5,2,2.984
HIGH,HIGH,1,7,0,0,2.35
HIGH,HIGH,1,8,1,0,4.22
LOW,LOW,0,2,4,3,5.416
HIGH,HIGH,0,8,0,0,5.712
HIGH,HIGH,0,8,2,1,5.658
LOW,LOW,1,0,3,2,6.1513333333333335
LOW,LOW,0,1,2,1,6.294
LOW,LOW,1,4,3,2,5.917333333333334
LOW,LOW,0,5,2,1,7.382
LOW,LOW,1,3,4,4,5.614
LOW,LOW,0,4,1,1,5.846
LOW,LOW,0,2,2,1,5.491999999999999
HIGH,HIGH,0,8,0,0,3.134
HIGH,HIGH,1,7,3,1,4.6786666666666665
LOW,LOW,1,3,4,1,4.294
HIGH,HIGH,1,9,3,1,0.9706666666666666
HIGH,HIGH,1,7,5,3,4.268
LOW,LOW,0,0,4,1,3.72
HIGH,HIGH,1,6,1,0,2.558
LOW,LOW,0,4,1,0,3.02
HIGH,HIGH,0,7,4,0,3.0619999999999994
HIGH,HIGH,0,7,0,0,4.369999999999999
LOW,LOW,1,4,3,1,3.338666666666667
HIGH,HIGH,0,7,5,3,6.104
LOW,LOW,0,5,3,1,5.012666666666666
LOW,LOW,0,3,2,1,5.396
HIGH,HIGH,0,9,2,1,6.988
HIGH,HIGH,0,8,1,0,3.114
LOW,LOW,0,0,5,2,0.8800000000000001
LOW,LOW,0,3,5,3,5.050000000000001
HIGH,HIGH,0,9,2,0,0.846
HIGH,HIGH,0,6,1,0,3.762
LOW,LOW,1,5,3,1,2.9526666666666666
HIGH,HIGH,0,6,3,1,4.104666666666667
HIGH,HIGH,0,6,2,1,2.434
LOW,LOW,1,3,4,2,3.922
HIGH,HIGH,0,9,0,0,3.724
HIGH,HIGH,1,9,2,1,2.938
HIGH,HIGH,1,9,1,0,3.662
LOW,LOW,1,1,2,1,1.418
LOW,LOW,1,3,5,2,3.686
LOW,LOW,1,0,0,0,6.066
HIGH,HIGH,1,9,5,0,1.294
LOW,LOW,1,2,5,0,0.0
HIGH,HIGH,1,9,2,0,0.328
HIGH,HIGH,1,8,1,0,1.284
LOW,LOW,1,5,5,1,1.01
LOW,LOW,1,5,0,0,1.538
HIGH,HIGH,1,6,5,2,0.08
LOW,LOW,1,0,0,0,2.5
LOW,LOW,1,0,2,0,1.662
HIGH,HIGH,1,9,5,0,1.0139999999999998
LOW,LOW,0,0,0,0,5.284
LOW,LOW,0,1,4,3,5.0760000000000005
HIGH,HIGH,0,7,2,1,5.026
LOW,LOW,0,4,1,0,5.933999999999999
LOW,LOW,0,4,4,3,7.0120000000000005
LOW,LOW,0,5,2,2,7.102
LOW,LOW,0,5,4,3,6.12
HIGH,HIGH,0,9,1,0,6.202000000000001
LOW,LOW,0,0,0,0,6.167999999999999
HIGH,HIGH,0,9,3,2,5.881333333333333
LOW,LOW,0,5,2,1,6.426
LOW,LOW,0,1,4,3,4.43
HIGH,HIGH,0,6,2,1,4.692
LOW,LOW,0,1,0,0,5.364
LOW,LOW,0,0,4,3,4.550000000000001
HIGH,HIGH,0,8,5,3,9.196
LOW,LOW,1,1,5,5,7.16
HIGH,HIGH,0,6,4,3,4.838000000000001
HIGH,HIGH,0,7,0,0,2.4760000000000004
LOW,LOW,0,3,1,0,5.306
LOW,LOW,1,0,5,2,2.398
HIGH,HIGH,1,6,2,1,3.3280000000000003
LOW,LOW,1,2,1,0,2.2960000000000003
HIGH,HIGH,0,7,2,1,2.908
LOW,LOW,1,1,1,0,4.612
HIGH,HIGH,0,8,4,2,3.482
LOW,LOW,1,5,0,0,1.896
LOW,LOW,0,2,4,1,3.632
HIGH,HIGH,1,8,3,1,3.5846666666666667
LOW,LOW,0,3,1,0,2.432
HIGH,HIGH,1,8,1,0,3.04
HIGH,HIGH,1,9,2,0,4.824
HIGH,HIGH,0,8,0,0,2.352
LOW,LOW,1,1,1,0,2.004
LOW,LOW,0,4,4,3,2.724
LOW,LOW,1,1,2,1,5.615999999999999
LOW,LOW,0,0,4,2,2.834
LOW,LOW,1,5,2,1,5.307999999999999
HIGH,HIGH,1,6,2,1,0.748
LOW,LOW,0,5,1,0,4.406000000000001
HIGH,HIGH,0,7,1,0,3.32
HIGH,HIGH,1,9,2,1,2.3560000000000003
LOW,LOW,0,5,2,1,6.02
LOW,LOW,0,4,3,1,5.334666666666667
LOW,LOW,1,0,5,3,5.366
HIGH,HIGH,1,7,1,0,2.232
HIGH,HIGH,0,6,5,3,2.5980000000000003
HIGH,HIGH,0,8,4,0,2.1
LOW,LOW,1,3,0,0,2.882
LOW,LOW,1,2,3,1,6.244666666666666
HIGH,HIGH,1,9,3,2,2.767333333333333
LOW,LOW,1,4,1,0,3.282
HIGH,HIGH,1,8,2,1,2.3360000000000003
LOW,LOW,0,4,3,2,4.781333333333334
HIGH,HIGH,0,8,2,0,1.0579999999999998
LOW,LOW,1,2,5,3,5.052
HIGH,HIGH,1,9,4,1,4.832
HIGH,HIGH,0,7,5,1,0.5599999999999999
HIGH,HIGH,1,7,0,0,1.24
HIGH,HIGH,1,7,4,2,4.27
HIGH,HIGH,0,6,5,4,6.404000000000001
HIGH,HIGH,1,8,5,4,5.938
LOW,LOW,0,1,0,0,4.794
HIGH,HIGH,0,7,3,2,7.761333333333333
LOW,LOW,1,2,1,0,3.816
LOW,LOW,0,5,2,1,7.789999999999999
HIGH,HIGH,0,7,4,3,5.402000000000001
LOW,LOW,1,0,0,0,4.788
LOW,LOW,1,1,1,0,5.396
HIGH,HIGH,0,7,1,0,6.888
LOW,LOW,1,5,3,1,1.344666666666667
HIGH,HIGH,1,9,0,0,5.108
LOW,LOW,1,1,2,0,0.318
LOW,LOW,0,1,3,1,2.492666666666667
LOW,LOW,0,1,4,3,2.168
LOW,LOW,1,4,4,1,1.0579999999999998
LOW,LOW,1,1,1,0,3.286
LOW,LOW,1,3,1,0,1.584
LOW,LOW,1,2,3,1,5.322666666666666
LOW,LOW,0,4,5,2,1.53
HIGH,HIGH,0,7,3,2,5.133333333333334
LOW,LOW,0,1,3,2,3.545333333333333
LOW,LOW,0,4,1,0,6.548
HIGH,HIGH,1,9,5,5,5.314
HIGH,HIGH,0,8,5,3,6.49
LOW,LOW,1,3,4,3,6.53
LOW,LOW,0,0,4,3,7.46
LOW,LOW,0,2,1,0,8.794
LOW,LOW,1,2,1,0,6.082
LOW,LOW,0,1,5,3,6.630000000000001
HIGH,HIGH,0,6,2,1,6.454
LOW,LOW,0,3,1,0,3.762
LOW,LOW,0,1,1,0,5.268000000000001
HIGH,HIGH,0,6,2,1,5.715999999999999
HIGH,HIGH,0,6,4,3,6.194
LOW,LOW,1,5,4,4,6.108
HIGH,HIGH,0,9,1,0,4.98
HIGH,HIGH,0,9,3,2,3.539333333333333
LOW,LOW,0,0,4,3,7.0360000000000005
LOW,LOW,0,4,1,0,6.266
LOW,LOW,0,1,3,1,4.432666666666666
LOW,LOW,0,5,1,0,2.13
LOW,LOW,1,4,2,1,2.626
LOW,LOW,0,4,2,1,1.884
LOW,LOW,1,4,4,2,3.33
HIGH,HIGH,0,8,0,0,3.042
LOW,LOW,0,0,5,2,3.124
HIGH,HIGH,0,8,4,2,3.202
HIGH,HIGH,0,6,5,3,1.89
LOW,LOW,0,4,5,2,3.75
HIGH,HIGH,1,9,0,0,6.184
LOW,LOW,0,1,5,4,5.474
LOW,LOW,1,2,5,4,5.274
LOW,LOW,0,4,2,1,3.81
LOW,LOW,0,3,4,4,5.606
HIGH,HIGH,0,9,2,1,5.513999999999999
LOW,LOW,0,3,2,1,5.776
LOW,LOW,1,3,4,3,2.832
LOW,LOW,0,2,4,3,5.78
HIGH,HIGH,0,7,3,2,5.399333333333334
LOW,LOW,1,5,1,0,0.986
HIGH,HIGH,1,9,0,0,0.0
LOW,LOW,1,1,1,0,0.628
LOW,LOW,1,5,0,0,1.604
LOW,LOW,1,4,3,0,1.028
HIGH,HIGH,1,6,3,0,0.944
LOW,LOW,1,5,3,0,0.022
LOW,LOW,1,3,5,0,1.286
HIGH,HIGH,1,9,3,1,1.6486666666666667
LOW,LOW,1,4,4,1,1.326
HIGH,HIGH,1,6,1,0,1.004
LOW,LOW,1,5,0,0,0.3
HIGH,HIGH,1,6,5,0,1.608
LOW,LOW,1,0,3,0,1.978
HIGH,HIGH,1,9,3,0,1.0299999999999998
LOW,LOW,1,1,1,0,1.296
LOW,LOW,1,1,4,0,1.002
LOW,LOW,1,4,5,0,0.35
LOW,LOW,1,5,3,0,1.6
HIGH,HIGH,1,6,2,0,0.318
LOW,LOW,1,5,2,0,0.6779999999999999
LOW,LOW,1,0,2,0,0.65
LOW,LOW,1,4,5,0,0.982
HIGH,HIGH,1,7,4,0,0.014
LOW,LOW,1,1,3,0,0.97
HIGH,HIGH,1,8,3,0,1.2
HIGH,HIGH,1,6,1,0,0.028
HIGH,HIGH,1,8,0,0,1.908
LOW,LOW,1,1,1,0,0.0
LOW,LOW,1,5,5,0,0.6
LOW,LOW,0,2,4,1,6.272
LOW,LOW,1,1,0,0,0.6839999999999999
HIGH,HIGH,1,9,4,2,4.55
LOW,LOW,0,2,2,1,4.44
LOW,LOW,0,2,3,3,3.814
LOW,LOW,1,5,1,0,3.564
LOW,LOW,1,3,1,0,3.208
HIGH,HIGH,0,7,0,0,3.442
LOW,LOW,1,4,3,1,0.7006666666666667
LOW,LOW,0,5,1,0,2.404
HIGH,HIGH,0,8,5,1,2.782
LOW,LOW,1,3,5,3,2.37
HIGH,HIGH,1,8,1,0,2.508
LOW,LOW,0,1,4,1,2.122
LOW,LOW,1,2,2,1,3.29
LOW,LOW,0,1,5,2,1.536
LOW,LOW,0,5,5,4,1.946
LOW,LOW,1,4,5,2,1.394
LOW,LOW,1,0,3,1,6.578666666666666
LOW,LOW,1,0,3,2,4.945333333333334
HIGH,HIGH,1,9,4,0,0.354
LOW,LOW,1,2,1,0,0.616
LOW,LOW,1,4,0,0,1.924
LOW,LOW,1,1,2,0,1.336
LOW,LOW,1,2,1,0,0.94
LOW,LOW,1,0,4,0,0.3
LOW,LOW,1,3,1,0,0.3319999999999999
LOW,LOW,1,2,4,0,0.8999999999999999
HIGH,HIGH,1,7,3,0,0.0
LOW,LOW,1,1,2,0,0.652
HIGH,HIGH,1,7,0,0,0.002
LOW,LOW,1,4,4,0,0.324
LOW,LOW,1,1,4,0,1.286
LOW,LOW,1,4,3,0,0.304
LOW,LOW,1,5,3,1,0.9846666666666666
LOW,LOW,1,3,5,0,0.738
LOW,LOW,1,2,1,0,0.6659999999999999
LOW,LOW,1,1,0,0,0.362
LOW,LOW,1,1,1,0,1.912
HIGH,HIGH,1,7,1,0,0.628
LOW,LOW,1,4,3,0,1.352
LOW,LOW,1,3,3,0,0.0
LOW,LOW,1,0,3,0,0.932
LOW,LOW,1,5,4,1,0.388
LOW,LOW,1,3,3,0,0.95
HIGH,HIGH,1,8,0,0,1.0299999999999998
LOW,LOW,1,0,2,0,0.0
HIGH,HIGH,1,9,5,0,0.088
LOW,LOW,1,5,0,0,0.7
LOW,LOW,1,2,5,1,1.326
LOW,LOW,1,0,4,0,1.0379999999999998
LOW,LOW,1,2,3,0,0.97
LOW,LOW,1,5,5,0,1.25
LOW,LOW,1,3,5,0,0.702
LOW,LOW,1,1,2,0,0.004
LOW,LOW,1,2,0,0,0.6619999999999999
HIGH,HIGH,1,6,0,0,0.348
LOW,LOW,1,0,4,0,2.256
LOW,LOW,1,3,3,0,0.026
LOW,LOW,1,4,5,1,1.05
HIGH,HIGH,1,9,2,0,2.602
LOW,LOW,0,0,0,0,3.684
LOW,LOW,1,0,4,2,3.896
LOW,LOW,1,4,0,0,4.454000000000001
LOW,LOW,1,3,4,2,4.238
HIGH,HIGH,1,7,3,1,3.380666666666667
LOW,LOW,1,1,1,0,3.184
HIGH,HIGH,0,8,1,0,6.212000000000001
LOW,LOW,1,5,3,1,2.0926666666666667
HIGH,HIGH,0,8,5,2,4.428
LOW,LOW,0,4,4,3,6.434000000000001
LOW,LOW,0,4,0,0,3.83
LOW,LOW,0,3,5,5,7.704
LOW,LOW,1,5,2,1,6.218
HIGH,HIGH,0,7,4,2,5.408
LOW,LOW,0,0,3,2,6.057333333333333
LOW,LOW,0,5,1,1,7.086
HIGH,HIGH,1,7,4,3,7.212
LOW,LOW,0,0,1,1,9.055999999999996
LOW,LOW,1,0,3,2,5.235333333333333
LOW,LOW,1,1,1,0,0.96
HIGH,HIGH,1,9,2,0,1.286
LOW,LOW,1,5,3,0,1.9
LOW,LOW,1,5,2,0,1.598
HIGH,HIGH,1,9,1,0,0.0
LOW,LOW,1,0,5,2,1.6920000000000002
HIGH,HIGH,1,8,5,1,0.3759999999999999
LOW,LOW,1,2,2,0,0.654
LOW,LOW,1,0,1,0,0.3
LOW,LOW,1,3,1,0,0.3999999999999999
LOW,LOW,1,5,2,0,2.282
HIGH,HIGH,0,7,0,0,4.052
LOW,LOW,1,2,2,1,3.016
LOW,LOW,0,3,5,3,2.778
LOW,LOW,0,5,5,3,1.5499999999999998
HIGH,HIGH,1,6,2,1,2.918
HIGH,HIGH,1,9,5,2,2.026
LOW,LOW,1,2,1,0,2.254
LOW,LOW,0,3,4,2,7.04
HIGH,HIGH,1,8,1,0,2.596
LOW,LOW,1,5,2,0,0.994
LOW,LOW,1,5,5,0,0.958
HIGH,HIGH,1,8,3,0,0.734
LOW,LOW,1,2,2,0,1.2
HIGH,HIGH,1,7,4,0,1.592
HIGH,HIGH,1,8,3,0,0.002
HIGH,HIGH,1,6,2,0,0.368
LOW,LOW,1,5,1,0,0.0699999999999999
LOW,LOW,1,0,2,0,0.712
LOW,LOW,1,4,2,0,1.266
LOW,LOW,1,4,1,0,1.626
LOW,LOW,1,5,3,0,0.0
LOW,LOW,1,5,1,0,0.352
LOW,LOW,1,3,2,0,0.012
LOW,LOW,1,1,4,1,0.4019999999999999
HIGH,HIGH,1,7,4,0,0.986
HIGH,HIGH,1,8,2,0,1.6860000000000002
LOW,LOW,1,1,0,0,0.6599999999999999
LOW,LOW,1,2,0,0,0.3
HIGH,HIGH,1,6,1,0,1.94
HIGH,HIGH,0,7,0,0,4.06
LOW,LOW,0,3,1,0,5.538
HIGH,HIGH,1,9,0,0,6.056
LOW,LOW,0,3,2,1,6.44
LOW,LOW,1,2,5,4,6.268000000000001
LOW,LOW,0,4,2,1,6.143999999999999
LOW,LOW,0,5,1,0,5.634
HIGH,HIGH,1,7,4,3,5.908
HIGH,HIGH,1,7,3,3,4.398
LOW,LOW,0,4,1,0,6.24
LOW,LOW,1,2,0,0,4.5360000000000005
LOW,LOW,1,2,0,0,3.662
LOW,LOW,1,0,0,0,2.952
LOW,LOW,0,2,1,0,5.672
LOW,LOW,0,4,4,2,2.528
LOW,LOW,0,3,2,1,1.774
HIGH,HIGH,0,8,5,3,2.1939999999999995
LOW,LOW,0,1,3,1,3.748666666666667
LOW,LOW,1,5,1,0,4.154
HIGH,HIGH,1,7,3,2,3.299333333333333
LOW,LOW,1,1,2,0,0.316
LOW,LOW,1,4,4,0,1.336
LOW,LOW,1,2,3,0,1.274
LOW,LOW,1,4,0,0,1.61
LOW,LOW,1,3,4,0,0.372
HIGH,HIGH,1,9,0,0,0.0
LOW,LOW,1,3,2,0,1.726
LOW,LOW,1,1,5,0,0.952
LOW,LOW,1,3,5,0,0.09
LOW,LOW,1,3,4,1,0.712
LOW,LOW,0,1,0,0,6.82
LOW,LOW,0,4,5,3,5.516
HIGH,HIGH,1,9,3,2,8.161333333333333
HIGH,HIGH,0,6,4,3,7.462
LOW,LOW,1,5,2,2,5.376
LOW,LOW,0,1,3,2,6.427333333333334
LOW,LOW,1,3,3,2,6.195333333333334
HIGH,HIGH,0,9,4,4,7.904
HIGH,HIGH,0,9,3,2,3.009333333333333
LOW,LOW,1,1,0,0,5.12
HIGH,HIGH,0,7,5,2,4.454
LOW,LOW,0,3,2,1,2.5820000000000003
LOW,LOW,0,3,4,2,2.2419999999999995
LOW,LOW,1,0,4,3,4.590000000000001
LOW,LOW,0,2,4,2,2.5460000000000003
HIGH,HIGH,1,8,5,2,1.786
HIGH,HIGH,0,6,0,0,1.7719999999999998
LOW,LOW,0,5,1,0,1.748
HIGH,HIGH,1,9,3,2,6.985333333333333
LOW,LOW,1,3,4,1,2.9199999999999995
HIGH,HIGH,0,6,1,0,2.136
HIGH,HIGH,0,9,2,1,2.848
LOW,LOW,1,1,2,1,1.656
HIGH,HIGH,0,8,2,1,3.736
LOW,LOW,1,5,3,1,2.290666666666667
LOW,LOW,0,5,5,3,4.158
HIGH,HIGH,0,8,5,2,2.8880000000000003
HIGH,HIGH,1,6,3,1,3.8866666666666663
HIGH,HIGH,0,8,1,0,3.716
HIGH,HIGH,0,6,3,2,3.183333333333333
HIGH,HIGH,1,8,0,0,2.882
LOW,LOW,1,4,3,1,2.742666666666667
LOW,LOW,1,2,2,1,3.136
LOW,LOW,1,3,5,1,1.0579999999999998
LOW,LOW,1,3,4,1,5.781999999999999
LOW,LOW,1,1,2,1,3.378
LOW,LOW,0,0,5,2,5.074
LOW,LOW,1,1,3,1,1.7406666666666666
LOW,LOW,1,2,2,1,5.485999999999999
HIGH,HIGH,1,6,2,1,1.0
HIGH,HIGH,0,6,4,1,4.342
HIGH,HIGH,0,7,3,1,3.7506666666666666
LOW,LOW,0,1,4,1,2.838
LOW,LOW,0,3,5,2,4.008
HIGH,HIGH,1,6,3,1,3.8606666666666665
LOW,LOW,0,4,3,2,5.037333333333335
LOW,LOW,0,5,5,3,4.42
LOW,LOW,1,2,2,0,2.538
LOW,LOW,1,0,5,4,3.12
HIGH,HIGH,0,6,4,2,3.4760000000000004
LOW,LOW,1,1,3,1,0.4626666666666666
LOW,LOW,1,1,4,1,3.604
LOW,LOW,1,5,3,1,3.262666666666667
HIGH,HIGH,1,6,0,0,5.747999999999999
HIGH,HIGH,0,9,0,0,0.1679999999999999
HIGH,HIGH,1,7,5,3,4.938000000000001
LOW,LOW,0,3,3,0,5.246
HIGH,HIGH,1,6,1,0,1.562
LOW,LOW,1,5,3,2,3.591333333333333
HIGH,HIGH,0,9,3,1,3.1486666666666667
LOW,LOW,0,3,5,5,4.246
LOW,LOW,1,3,0,0,3.826
LOW,LOW,0,4,3,2,6.141333333333333
HIGH,HIGH,0,6,2,1,5.052
HIGH,HIGH,0,7,2,1,5.096
HIGH,HIGH,1,7,0,0,5.51
LOW,LOW,0,0,2,1,3.84
LOW,LOW,0,1,3,2,6.975333333333333
HIGH,HIGH,0,6,1,1,4.8420000000000005
LOW,LOW,0,4,4,4,7.436
HIGH,HIGH,0,7,5,1,4.34
LOW,LOW,0,4,2,1,3.208
LOW,LOW,0,2,4,2,4.512
LOW,LOW,1,0,3,2,1.5693333333333332
LOW,LOW,1,5,0,0,2.298
LOW,LOW,0,0,2,1,2.722
HIGH,HIGH,1,9,3,1,2.8846666666666665
LOW,LOW,1,2,2,0,2.486
HIGH,HIGH,1,8,3,1,2.990666666666667
HIGH,HIGH,0,7,3,1,6.102666666666666
LOW,LOW,1,2,4,2,3.3320000000000003
LOW,LOW,0,0,5,2,6.392
HIGH,HIGH,1,7,1,0,1.982
LOW,LOW,1,0,2,1,3.438
HIGH,HIGH,1,8,0,0,4.302
HIGH,HIGH,1,7,2,1,3.708
HIGH,HIGH,1,6,1,0,1.94
LOW,LOW,1,5,4,1,3.562
HIGH,HIGH,1,8,3,1,3.6126666666666662
HIGH,HIGH,1,9,3,1,1.0686666666666669
HIGH,HIGH,1,6,1,0,3.636
LOW,LOW,1,2,2,1,4.558
LOW,LOW,0,4,5,2,4.406
LOW,LOW,0,4,0,0,5.038
LOW,LOW,1,5,3,2,5.269333333333334
HIGH,HIGH,0,8,1,0,2.764
LOW,LOW,0,3,1,0,4.628
LOW,LOW,1,4,0,0,0.7
LOW,LOW,1,3,3,1,0.6746666666666666
HIGH,HIGH,0,8,1,0,4.002
HIGH,HIGH,1,6,4,2,1.986
HIGH,HIGH,0,9,3,2,2.611333333333333
LOW,LOW,0,3,3,1,3.0966666666666667
LOW,LOW,0,1,2,1,3.784
LOW,LOW,1,5,1,0,2.576
LOW,LOW,1,0,4,2,2.3760000000000003
HIGH,HIGH,1,9,0,0,5.428
LOW,LOW,0,3,3,2,4.169333333333333
LOW,LOW,0,0,4,2,1.0519999999999998
LOW,LOW,1,5,1,0,3.464
HIGH,HIGH,1,6,0,0,1.922
LOW,LOW,1,4,4,2,3.006
HIGH,HIGH,0,9,5,2,4.028
LOW,LOW,0,2,2,1,3.53
LOW,LOW,0,4,3,1,3.0886666666666667
HIGH,HIGH,0,7,4,4,3.486
LOW,LOW,0,2,4,2,3.78
LOW,LOW,1,3,0,0,2.526
HIGH,HIGH,0,9,0,0,2.406
HIGH,HIGH,1,7,5,2,5.086
LOW,LOW,1,5,2,0,1.604
HIGH,HIGH,1,7,5,0,1.002
HIGH,HIGH,1,7,1,0,1.308
LOW,LOW,1,5,3,0,0.3
HIGH,HIGH,1,6,2,0,0.4
HIGH,HIGH,1,7,4,0,0.95
LOW,LOW,1,2,4,0,0.016
LOW,LOW,1,2,2,0,1.262
HIGH,HIGH,1,8,3,0,1.29
HIGH,HIGH,1,9,4,0,1.232
LOW,LOW,0,5,3,1,3.396666666666667
HIGH,HIGH,1,9,5,1,2.37
LOW,LOW,1,3,0,0,1.93
LOW,LOW,1,2,1,0,3.578
HIGH,HIGH,0,8,0,0,2.76
LOW,LOW,1,2,0,0,2.894
LOW,LOW,0,3,0,0,2.394
HIGH,HIGH,1,6,4,2,5.937999999999999
HIGH,HIGH,1,9,5,1,4.45
LOW,LOW,0,0,5,1,3.692
LOW,LOW,1,0,5,0,1.54
HIGH,HIGH,1,6,4,0,1.93
LOW,LOW,1,1,1,0,0.0
HIGH,HIGH,1,8,4,1,1.312
HIGH,HIGH,1,7,2,0,1.632
HIGH,HIGH,1,6,3,0,2.858
HIGH,HIGH,1,9,0,0,0.6699999999999999
LOW,LOW,1,4,3,0,1.02
HIGH,HIGH,1,8,5,0,1.232
HIGH,HIGH,1,9,4,0,0.3999999999999999
LOW,LOW,1,5,3,0,1.604
LOW,LOW,1,0,4,0,0.302
LOW,LOW,1,1,0,0,1.894
LOW,LOW,1,5,3,0,0.638
LOW,LOW,1,5,2,0,0.95
LOW,LOW,0,2,5,0,0.15
LOW,LOW,1,2,5,0,1.334
HIGH,HIGH,1,7,5,2,1.362
HIGH,HIGH,1,7,3,0,1.0379999999999998
LOW,LOW,1,5,5,0,0.0699999999999999
HIGH,HIGH,1,7,5,2,4.442
HIGH,HIGH,0,8,0,0,8.268
LOW,LOW,0,5,3,2,5.539333333333333
HIGH,HIGH,0,9,0,0,6.694
HIGH,HIGH,0,8,5,3,4.456
HIGH,HIGH,0,8,2,1,4.62
LOW,LOW,0,1,5,4,7.156
LOW,LOW,1,3,3,3,5.3100000000000005
LOW,LOW,0,4,4,4,7.432
LOW,LOW,0,4,5,5,7.426
HIGH,HIGH,1,8,5,1,0.13
LOW,LOW,1,5,3,0,0.6679999999999999
HIGH,HIGH,1,6,2,0,1.0459999999999998
HIGH,HIGH,1,8,2,0,0.0
LOW,LOW,1,5,5,0,0.8999999999999999
LOW,LOW,1,1,4,0,1.836
LOW,LOW,1,0,0,0,1.586
LOW,LOW,1,4,3,1,2.276666666666667
LOW,LOW,1,5,3,0,0.0
LOW,LOW,1,0,0,0,0.63
HIGH,HIGH,1,9,2,0,1.656
LOW,LOW,0,0,4,2,2.42
LOW,LOW,0,0,0,0,2.13
HIGH,HIGH,1,6,4,2,6.268
LOW,LOW,0,1,3,2,2.271333333333333
HIGH,HIGH,0,6,0,0,3.038
LOW,LOW,0,4,2,1,2.4880000000000004
LOW,LOW,0,0,2,1,3.896
LOW,LOW,0,5,2,0,4.3
LOW,LOW,0,3,0,0,1.504
LOW,LOW,1,1,0,0,3.792
HIGH,HIGH,0,8,4,1,0.8280000000000001
LOW,LOW,0,0,5,3,3.094
LOW,LOW,0,0,5,3,3.39
HIGH,HIGH,1,7,5,2,3.056
HIGH,HIGH,0,6,4,2,4.596
LOW,LOW,1,2,3,2,3.4453333333333336
LOW,LOW,1,4,4,3,2.356
LOW,LOW,1,3,0,0,3.588
HIGH,HIGH,0,6,2,1,2.2
LOW,LOW,1,1,4,2,3.606
LOW,LOW,1,4,0,0,2.646
LOW,LOW,1,1,0,0,2.844
HIGH,HIGH,0,9,2,1,0.268
HIGH,HIGH,1,7,4,3,2.166
HIGH,HIGH,1,8,1,0,4.166
LOW,LOW,1,0,5,2,1.504
HIGH,HIGH,0,6,4,2,4.686
LOW,LOW,1,1,5,2,3.63
LOW,LOW,1,1,0,0,1.662
HIGH,HIGH,1,9,0,0,0.3
HIGH,HIGH,1,6,1,0,1.23
LOW,LOW,1,2,2,0,0.4559999999999999
LOW,LOW,1,4,0,0,1.266
HIGH,HIGH,1,8,3,0,1.206
HIGH,HIGH,1,6,2,0,0.626
LOW,LOW,1,1,3,1,1.9426666666666663
HIGH,HIGH,1,6,0,0,0.938
LOW,LOW,1,0,2,0,0.0
HIGH,HIGH,1,9,0,0,1.276
LOW,LOW,1,2,3,2,2.0893333333333333
HIGH,HIGH,1,8,2,0,4.26
LOW,LOW,1,1,2,1,3.314
HIGH,HIGH,1,7,2,1,2.714
HIGH,HIGH,1,7,4,1,4.858
LOW,LOW,0,3,0,0,2.478
LOW,LOW,1,5,2,1,2.624
LOW,LOW,0,0,1,0,4.936
LOW,LOW,0,3,0,0,1.67
LOW,LOW,0,5,0,0,3.902
HIGH,HIGH,1,6,3,0,1.0259999999999998
HIGH,HIGH,1,7,5,0,1.278
HIGH,HIGH,1,7,0,0,0.6
HIGH,HIGH,1,8,2,0,0.8999999999999999
LOW,LOW,1,1,3,0,1.27
LOW,LOW,1,5,3,0,1.052
LOW,LOW,1,0,3,0,0.0
HIGH,HIGH,1,7,0,0,1.404
HIGH,HIGH,1,6,0,0,0.0
LOW,LOW,1,2,2,0,1.6
LOW,LOW,1,4,3,1,5.172666666666666
LOW,LOW,0,4,1,0,4.702
LOW,LOW,0,3,5,2,1.27
HIGH,HIGH,1,9,1,0,3.544
HIGH,HIGH,0,6,5,2,0.8300000000000001
LOW,LOW,1,2,4,2,0.7959999999999999
LOW,LOW,0,1,0,0,0.528
LOW,LOW,1,4,5,1,0.684
LOW,LOW,1,2,1,0,4.072
HIGH,HIGH,0,8,0,0,2.748
HIGH,HIGH,0,9,3,1,0.2166666666666666
LOW,LOW,1,4,4,2,3.964
HIGH,HIGH,0,7,2,0,0.5
LOW,LOW,1,0,1,0,0.634
HIGH,HIGH,1,9,0,0,3.902
LOW,LOW,1,1,4,2,5.595999999999999
LOW,LOW,0,4,5,2,4.738
HIGH,HIGH,0,7,1,0,2.4360000000000004
LOW,LOW,1,0,5,2,4.256
HIGH,HIGH,1,8,1,0,4.108
LOW,LOW,1,1,4,2,4.893999999999999
LOW,LOW,1,2,4,2,3.72
HIGH,HIGH,0,9,3,1,1.2926666666666664
HIGH,HIGH,0,8,1,0,5.222
LOW,LOW,1,3,1,0,1.892
LOW,LOW,0,3,5,3,3.86
LOW,LOW,1,4,0,0,2.854
LOW,LOW,1,3,0,0,3.272
LOW,LOW,1,2,1,0,1.954
HIGH,HIGH,0,7,5,3,2.5820000000000003
HIGH,HIGH,0,7,0,0,5.178
HIGH,HIGH,1,6,1,0,3.162
LOW,LOW,0,2,5,4,2.232
LOW,LOW,1,2,3,1,2.9246666666666665
LOW,LOW,1,5,0,0,1.602
HIGH,HIGH,1,6,1,0,2.886
LOW,LOW,1,5,2,1,2.998
HIGH,HIGH,1,6,5,2,3.256
LOW,LOW,1,0,0,0,4.148
LOW,LOW,1,3,4,2,3.602
LOW,LOW,0,5,0,0,3.676
LOW,LOW,0,2,2,1,4.868
HIGH,HIGH,0,9,4,3,3.964
LOW,LOW,1,4,5,2,2.98
LOW,LOW,0,3,2,1,3.232
LOW,LOW,1,1,2,0,3.166
LOW,LOW,0,5,3,2,2.8713333333333333
HIGH,HIGH,1,7,1,0,1.644
LOW,LOW,1,2,2,1,2.046
LOW,LOW,0,0,0,0,2.146
HIGH,HIGH,1,7,4,2,2.976
HIGH,HIGH,1,8,5,2,5.16
LOW,LOW,0,2,2,1,3.798
LOW,LOW,1,3,3,1,2.456666666666667
LOW,LOW,1,4,0,0,2.55
HIGH,HIGH,1,9,3,2,1.4893333333333334
LOW,LOW,0,3,0,0,2.392
LOW,LOW,1,0,5,1,4.318
HIGH,HIGH,0,9,1,0,2.724
LOW,LOW,1,5,3,2,2.655333333333333
HIGH,HIGH,1,8,1,0,0.3
LOW,LOW,1,3,0,0,2.542
HIGH,HIGH,0,6,0,0,3.066
HIGH,HIGH,1,8,4,2,1.7120000000000002
LOW,LOW,0,1,2,1,3.156
HIGH,HIGH,0,6,3,2,3.203333333333333
LOW,LOW,1,0,5,3,4.462
LOW,LOW,0,3,2,1,2.16
HIGH,HIGH,1,6,5,4,3.02
HIGH,HIGH,1,6,4,2,4.964
HIGH,HIGH,1,8,0,0,3.788
LOW,LOW,1,3,5,0,0.644
HIGH,HIGH,1,6,4,0,1.812
HIGH,HIGH,1,9,1,0,1.318
HIGH,HIGH,1,7,1,0,0.634
LOW,LOW,1,5,5,1,0.728
LOW,LOW,1,5,4,0,0.372
HIGH,HIGH,1,8,4,0,0.926
LOW,LOW,1,2,2,0,1.288
LOW,LOW,1,4,1,0,0.348
HIGH,HIGH,0,9,5,2,2.838
LOW,LOW,0,3,3,1,4.052666666666666
LOW,LOW,1,0,2,0,1.6860000000000002
HIGH,HIGH,1,8,0,0,2.306
LOW,LOW,1,2,0,0,0.358
LOW,LOW,0,2,5,1,1.906
LOW,LOW,1,4,4,0,0.646
HIGH,HIGH,1,7,3,1,3.6946666666666665
HIGH,HIGH,0,6,3,1,3.1126666666666667
HIGH,HIGH,1,9,3,1,2.276666666666667
HIGH,HIGH,0,7,5,1,1.458
HIGH,HIGH,0,7,3,1,5.078666666666667
LOW,LOW,1,4,0,0,2.542
LOW,LOW,1,3,4,1,1.4660000000000002
LOW,LOW,0,0,2,0,5.584
HIGH,HIGH,0,6,4,1,3.468
HIGH,HIGH,1,6,1,0,3.844
HIGH,HIGH,1,8,0,0,0.314
HIGH,HIGH,1,7,0,0,3.808
HIGH,HIGH,0,7,5,1,1.192
HIGH,HIGH,1,9,2,0,1.88
LOW,LOW,1,4,1,0,1.606
LOW,LOW,1,3,3,0,0.978
HIGH,HIGH,1,8,5,0,0.8999999999999999
LOW,LOW,1,0,1,0,1.538
LOW,LOW,1,1,1,0,0.3
HIGH,HIGH,1,6,3,0,1.0
LOW,LOW,1,0,3,0,0.3419999999999999
LOW,LOW,1,0,2,0,1.01
LOW,LOW,1,2,3,0,0.942
LOW,LOW,1,0,0,0,2.844
LOW,LOW,1,4,1,0,2.318
HIGH,HIGH,0,7,5,2,2.148
HIGH,HIGH,1,9,5,2,2.946
HIGH,HIGH,1,9,2,0,5.722
HIGH,HIGH,0,6,4,1,2.442
HIGH,HIGH,0,7,4,1,2.492
LOW,LOW,1,4,5,1,4.994
LOW,LOW,1,3,1,0,3.484
LOW,LOW,1,4,0,0,2.276
LOW,LOW,1,0,1,0,0.956
HIGH,HIGH,1,8,1,0,0.628
LOW,LOW,1,0,2,0,0.7839999999999999
LOW,LOW,1,1,1,0,0.326
LOW,LOW,1,1,2,0,0.6679999999999999
LOW,LOW,1,4,4,0,0.614
HIGH,HIGH,1,9,3,0,0.348
LOW,LOW,1,5,3,0,0.018
LOW,LOW,1,2,4,0,0.01
LOW,LOW,1,5,1,0,1.252
LOW,LOW,0,0,1,0,4.606000000000001
HIGH,HIGH,0,6,3,1,2.4546666666666668
HIGH,HIGH,1,9,1,0,3.196
LOW,LOW,1,5,4,2,4.296
HIGH,HIGH,0,8,0,0,1.104
LOW,LOW,1,3,5,3,2.962
LOW,LOW,1,4,0,0,0.926
LOW,LOW,1,3,2,0,4.474
LOW,LOW,0,2,3,2,5.465333333333334
HIGH,HIGH,1,6,2,1,0.778
LOW,LOW,1,2,0,0,2.178
HIGH,HIGH,1,7,3,2,2.775333333333333
HIGH,HIGH,0,6,4,2,2.236
HIGH,HIGH,0,6,3,1,1.8366666666666664
LOW,LOW,0,3,2,1,4.118
LOW,LOW,1,1,0,0,0.99
LOW,LOW,1,0,5,3,2.8040000000000003
LOW,LOW,1,3,2,1,4.208
LOW,LOW,1,5,3,0,5.808
LOW,LOW,1,1,0,0,2.906
LOW,LOW,1,4,2,0,4.208
LOW,LOW,1,0,4,1,4.59
LOW,LOW,1,0,0,0,3.526
HIGH,HIGH,1,6,3,0,3.192
HIGH,HIGH,0,8,0,0,2.674
HIGH,HIGH,0,7,1,0,3.68
LOW,LOW,0,4,0,0,1.788
HIGH,HIGH,0,6,5,2,2.4800000000000004
LOW,LOW,1,0,1,0,1.6
LOW,LOW,1,4,2,1,2.66
HIGH,HIGH,1,7,2,1,5.876
HIGH,HIGH,0,8,1,0,7.648
LOW,LOW,0,3,5,4,7.213999999999999
HIGH,HIGH,0,6,0,0,7.35
HIGH,HIGH,0,9,0,0,5.502
HIGH,HIGH,0,7,2,1,4.475999999999999
LOW,LOW,0,3,2,0,4.652
LOW,LOW,0,0,2,1,6.802
LOW,LOW,1,4,1,0,4.086
HIGH,HIGH,1,7,5,4,4.022
HIGH,HIGH,1,9,0,0,5.114
LOW,LOW,1,5,0,0,0.3999999999999999
LOW,LOW,1,5,2,1,0.502
LOW,LOW,1,0,2,0,4.593999999999999
HIGH,HIGH,1,9,3,2,0.7333333333333333
LOW,LOW,0,4,4,3,0.6
LOW,LOW,0,1,2,1,3.5360000000000005
HIGH,HIGH,0,6,0,0,0.868
HIGH,HIGH,0,9,5,2,5.3180000000000005
HIGH,HIGH,0,6,3,1,0.8286666666666667
LOW,LOW,1,4,0,0,1.222
LOW,LOW,1,2,0,0,0.6
LOW,LOW,1,4,0,0,1.314
HIGH,HIGH,1,6,1,0,1.3
LOW,LOW,1,4,2,0,0.146
HIGH,HIGH,1,9,1,0,0.64
HIGH,HIGH,1,6,5,0,0.982
LOW,LOW,1,3,2,0,0.024
HIGH,HIGH,1,7,3,0,0.0
LOW,LOW,1,0,2,0,0.0
LOW,LOW,1,1,0,0,2.512
LOW,LOW,1,3,3,1,4.296666666666667
HIGH,HIGH,1,6,1,0,2.714
HIGH,HIGH,0,8,2,0,5.562
LOW,LOW,1,1,5,3,0.4679999999999999
LOW,LOW,1,0,4,2,3.636
HIGH,HIGH,1,8,5,3,4.279999999999999
HIGH,HIGH,1,7,2,1,4.912
HIGH,HIGH,1,7,5,3,5.278
LOW,LOW,1,3,3,1,4.798666666666667
HIGH,HIGH,0,9,2,1,2.404
HIGH,HIGH,1,9,2,1,2.666
HIGH,HIGH,1,9,5,3,4.014
HIGH,HIGH,1,9,3,1,0.9826666666666666
HIGH,HIGH,1,7,0,0,6.386
HIGH,HIGH,0,7,2,1,3.81
LOW,LOW,1,3,1,0,3.49
HIGH,HIGH,0,6,3,2,0.9333333333333332
HIGH,HIGH,0,6,0,0,4.970000000000001
LOW,LOW,1,3,2,1,5.843999999999999
LOW,LOW,0,4,0,0,4.311999999999999
LOW,LOW,1,4,0,0,3.808
LOW,LOW,0,3,2,1,3.112
HIGH,HIGH,1,8,0,0,0.6759999999999999
LOW,LOW,0,0,2,1,5.12
LOW,LOW,0,1,4,2,4.986
HIGH,HIGH,0,8,3,2,6.105333333333333
HIGH,HIGH,1,6,0,0,0.696
HIGH,HIGH,1,6,5,2,0.796
LOW,LOW,0,4,0,0,2.742
HIGH,HIGH,1,7,0,0,1.676
LOW,LOW,1,1,4,0,3.218
LOW,LOW,1,5,1,0,4.22
HIGH,HIGH,0,7,5,3,1.588
LOW,LOW,1,3,4,2,2.02
HIGH,HIGH,0,7,2,0,2.818
LOW,LOW,1,3,4,1,4.862
LOW,LOW,0,1,2,1,3.786
LOW,LOW,1,0,3,1,3.5246666666666666
LOW,LOW,0,4,1,0,2.12
HIGH,HIGH,0,8,5,2,4.228
LOW,LOW,0,4,3,1,0.8766666666666667
HIGH,HIGH,0,7,3,2,4.101333333333333
LOW,LOW,1,5,1,0,4.226
LOW,LOW,1,3,2,1,2.302
HIGH,HIGH,0,9,5,2,1.03
LOW,LOW,1,0,3,1,0.7206666666666667
HIGH,HIGH,0,6,0,0,0.8280000000000001
LOW,LOW,1,2,4,1,3.908
HIGH,HIGH,0,8,0,0,0.154
LOW,LOW,0,5,0,0,3.672
LOW,LOW,0,0,3,2,4.459333333333333
LOW,LOW,1,0,5,2,5.486
LOW,LOW,1,5,0,0,2.876
LOW,LOW,0,3,3,1,2.2006666666666663
LOW,LOW,1,5,0,0,1.282
HIGH,HIGH,1,9,2,1,2.382
HIGH,HIGH,1,7,0,0,2.888
LOW,LOW,1,3,3,1,3.250666666666667
LOW,LOW,0,0,1,0,1.83
LOW,LOW,1,2,2,0,0.92
LOW,LOW,1,1,4,1,2.242
LOW,LOW,1,3,1,0,1.01
LOW,LOW,1,0,4,0,1.258
LOW,LOW,1,2,1,0,0.8999999999999999
HIGH,HIGH,1,7,3,0,0.3
LOW,LOW,1,5,3,0,0.6659999999999999
LOW,LOW,1,5,3,0,0.608
LOW,LOW,1,0,5,0,1.0479999999999998
LOW,LOW,1,5,5,0,0.1159999999999999
HIGH,HIGH,1,6,2,0,3.944
LOW,LOW,1,5,1,0,3.158
LOW,LOW,1,4,1,0,3.264
LOW,LOW,0,0,0,0,4.302
HIGH,HIGH,1,8,5,1,2.904
LOW,LOW,1,4,2,1,3.932
HIGH,HIGH,1,9,5,1,5.473999999999999
HIGH,HIGH,1,8,3,0,3.502
LOW,LOW,1,4,2,1,1.818
LOW,LOW,1,4,5,2,4.005999999999999
LOW,LOW,0,1,2,1,5.452
HIGH,HIGH,0,9,3,2,5.099333333333334
LOW,LOW,0,0,5,4,6.672000000000001
LOW,LOW,1,0,0,0,6.066
LOW,LOW,0,0,1,0,5.561999999999999
HIGH,HIGH,1,6,5,2,4.848
LOW,LOW,0,1,4,2,4.774
LOW,LOW,0,0,4,4,6.488
HIGH,HIGH,0,7,3,2,6.523333333333333
HIGH,HIGH,1,7,3,2,5.283333333333333
HIGH,HIGH,0,8,4,1,3.484
HIGH,HIGH,1,6,0,0,1.4340000000000002
HIGH,HIGH,1,8,4,1,4.788
LOW,LOW,1,2,4,1,3.006
HIGH,HIGH,1,8,0,0,4.13
HIGH,HIGH,0,7,4,2,3.826
HIGH,HIGH,0,7,2,0,2.074
HIGH,HIGH,0,8,0,0,2.398
HIGH,HIGH,1,7,5,2,3.568
LOW,LOW,0,5,5,2,1.22
LOW,LOW,0,5,5,3,1.264
HIGH,HIGH,1,9,1,0,5.192
HIGH,HIGH,1,6,3,1,3.9146666666666654
LOW,LOW,1,4,0,0,4.798
LOW,LOW,1,2,4,1,3.896
HIGH,HIGH,1,8,3,1,3.590666666666667
LOW,LOW,1,5,1,0,1.58
LOW,LOW,1,5,4,1,4.226
LOW,LOW,0,1,2,0,3.678
LOW,LOW,1,4,4,1,4.48
LOW,LOW,1,1,0,0,0.946
HIGH,HIGH,1,6,0,0,0.076
HIGH,HIGH,1,7,5,0,0.0
HIGH,HIGH,1,9,2,0,1.542
LOW,LOW,1,2,2,0,0.018
HIGH,HIGH,1,8,5,0,1.774
LOW,LOW,1,1,1,0,0.3339999999999999
LOW,LOW,1,5,2,0,0.0
LOW,LOW,1,1,1,0,1.934
HIGH,HIGH,1,9,4,0,0.652
HIGH,HIGH,1,9,2,1,6.884
LOW,LOW,1,2,3,2,7.319333333333334
LOW,LOW,1,3,0,0,4.768
HIGH,HIGH,0,8,2,1,5.161999999999999
LOW,LOW,1,3,0,0,4.826
LOW,LOW,1,2,1,0,3.89
HIGH,HIGH,0,6,5,2,2.924
LOW,LOW,0,3,1,0,6.025999999999999
HIGH,HIGH,0,9,4,3,7.364000000000001
LOW,LOW,0,2,0,0,6.432
HIGH,HIGH,0,7,5,3,1.5919999999999996
HIGH,HIGH,1,7,5,2,3.232
LOW,LOW,0,3,5,3,5.0680000000000005
LOW,LOW,1,2,2,1,3.266
LOW,LOW,1,1,4,2,4.558
HIGH,HIGH,1,6,1,0,3.574
LOW,LOW,0,4,2,1,1.5739999999999998
HIGH,HIGH,1,7,3,1,5.524666666666666
HIGH,HIGH,1,8,0,0,1.6940000000000002
LOW,LOW,0,0,3,1,1.5586666666666666
HIGH,HIGH,0,8,2,0,4.382
HIGH,HIGH,0,9,1,0,4.351999999999999
LOW,LOW,1,0,0,0,1.944
HIGH,HIGH,0,9,0,0,5.6
LOW,LOW,0,5,5,2,0.6280000000000001
LOW,LOW,0,4,4,1,3.076
LOW,LOW,1,0,2,1,1.976
LOW,LOW,1,2,0,0,3.224
LOW,LOW,0,4,5,2,3.408
HIGH,HIGH,0,6,4,2,2.5640000000000005
LOW,LOW,0,2,3,3,4.172
LOW,LOW,0,3,5,3,5.596
LOW,LOW,0,0,5,5,5.514
LOW,LOW,1,0,5,3,7.166
LOW,LOW,0,0,5,3,7.444
HIGH,HIGH,0,8,1,0,3.298
HIGH,HIGH,1,8,1,0,4.48
LOW,LOW,1,1,5,4,7.245999999999999
LOW,LOW,0,4,1,0,5.739999999999999
LOW,LOW,0,4,4,4,6.448
LOW,LOW,1,4,2,1,2.446
LOW,LOW,1,1,3,1,3.264666666666667
HIGH,HIGH,1,6,2,0,5.908
HIGH,HIGH,1,8,2,0,1.346
HIGH,HIGH,0,7,5,3,2.5320000000000005
LOW,LOW,1,2,2,1,3.754
LOW,LOW,1,1,5,3,4.028
LOW,LOW,1,3,1,0,0.914
HIGH,HIGH,1,7,1,0,3.584
HIGH,HIGH,0,6,1,0,1.128
HIGH,HIGH,1,6,0,0,3.19
HIGH,HIGH,0,8,2,1,2.5280000000000005
HIGH,HIGH,1,9,2,0,0.644
LOW,LOW,1,0,0,0,5.177999999999999
HIGH,HIGH,1,9,5,1,4.154
HIGH,HIGH,1,6,5,2,3.898
LOW,LOW,1,1,3,1,0.0666666666666666
HIGH,HIGH,1,6,1,0,2.872
LOW,LOW,1,1,0,0,2.046
HIGH,HIGH,0,7,1,0,1.168
LOW,LOW,1,1,1,0,4.5200000000000005
LOW,LOW,1,5,2,1,2.7
LOW,LOW,0,3,3,2,3.887333333333333
HIGH,HIGH,0,9,4,2,3.132
LOW,LOW,0,1,3,1,2.8946666666666667
LOW,LOW,1,3,3,1,3.556666666666666
LOW,LOW,1,3,3,1,4.252666666666666
LOW,LOW,1,5,2,0,1.876
HIGH,HIGH,0,9,1,0,4.077999999999999
LOW,LOW,0,2,4,2,1.584
LOW,LOW,1,4,5,1,4.332
HIGH,HIGH,1,9,0,0,2.892
HIGH,HIGH,1,8,2,1,5.233999999999999
LOW,LOW,1,2,2,0,1.566
LOW,LOW,1,0,0,0,4.91
HIGH,HIGH,0,9,0,0,2.782
LOW,LOW,1,2,4,2,3.642
LOW,LOW,1,2,1,0,3.522
HIGH,HIGH,0,8,2,0,4.6000000000000005
LOW,LOW,1,4,2,0,3.788
LOW,LOW,1,2,2,1,2.732
LOW,LOW,0,0,1,0,3.042
HIGH,HIGH,0,8,5,3,2.56
LOW,LOW,0,4,0,0,2.746
HIGH,HIGH,1,6,1,0,3.128
HIGH,HIGH,1,9,1,0,2.64
HIGH,HIGH,1,9,0,0,4.244
HIGH,HIGH,0,6,2,1,3.418
HIGH,HIGH,0,9,2,1,3.756
LOW,LOW,1,2,1,0,4.738
LOW,LOW,1,4,3,1,3.268666666666667
LOW,LOW,1,4,2,1,1.406
LOW,LOW,1,5,2,0,3.592
LOW,LOW,1,2,4,3,4.962000000000001
LOW,LOW,1,5,5,2,4.232
HIGH,HIGH,0,6,0,0,1.176
HIGH,HIGH,1,6,2,0,2.3400000000000003
LOW,LOW,1,5,2,1,2.306
LOW,LOW,0,0,3,1,6.5906666666666665
LOW,LOW,1,4,0,0,2.33
LOW,LOW,0,0,3,3,7.744
LOW,LOW,0,4,5,5,7.506
HIGH,HIGH,1,8,5,3,6.464
LOW,LOW,0,3,1,0,5.036
LOW,LOW,0,4,3,2,7.533333333333333
HIGH,HIGH,0,7,1,0,8.604
HIGH,HIGH,0,8,3,2,8.327333333333334
LOW,LOW,0,5,3,2,4.441333333333334
HIGH,HIGH,0,9,4,2,5.704
HIGH,HIGH,0,9,0,0,5.352
LOW,LOW,0,4,3,1,5.924666666666666
HIGH,HIGH,0,6,5,3,5.778
LOW,LOW,0,3,1,0,3.426
LOW,LOW,0,1,5,4,4.008
LOW,LOW,0,3,3,2,5.915333333333333
LOW,LOW,0,2,2,1,5.513999999999999
LOW,LOW,0,3,5,4,7.33
LOW,LOW,0,5,2,1,5.706
LOW,LOW,0,2,1,1,6.478000000000001
LOW,LOW,0,1,5,3,5.458
LOW,LOW,1,5,4,1,1.99
HIGH,HIGH,0,8,1,0,4.99
LOW,LOW,0,3,5,2,5.336
LOW,LOW,1,5,1,0,0.47
LOW,LOW,0,0,3,1,3.748666666666667
HIGH,HIGH,1,7,4,2,4.512
HIGH,HIGH,1,8,1,0,4.464
LOW,LOW,0,0,0,0,1.762
LOW,LOW,0,2,0,0,4.17
HIGH,HIGH,1,7,3,1,5.580666666666666
HIGH,HIGH,1,6,1,0,5.978
LOW,LOW,1,2,1,0,6.722
LOW,LOW,0,1,3,2,6.557333333333334
HIGH,HIGH,1,9,4,3,7.132
LOW,LOW,0,0,2,1,4.228
HIGH,HIGH,1,6,3,2,6.8613333333333335
LOW,LOW,0,2,5,5,6.656000000000001
LOW,LOW,0,0,5,4,5.218
HIGH,HIGH,0,6,5,3,7.794
LOW,LOW,1,0,2,1,5.481999999999999
HIGH,HIGH,1,7,5,3,3.302
LOW,LOW,0,4,1,0,2.5200000000000005
LOW,LOW,1,1,0,0,1.934
HIGH,HIGH,0,7,1,0,4.678
LOW,LOW,1,5,4,1,1.006
HIGH,HIGH,1,9,5,1,3.17
LOW,LOW,0,4,2,1,4.374
HIGH,HIGH,0,8,0,0,3.714
LOW,LOW,0,3,2,1,5.744
HIGH,HIGH,1,6,0,0,0.94
HIGH,HIGH,1,9,1,0,3.142
LOW,LOW,0,0,1,0,0.786
HIGH,HIGH,0,7,0,0,1.816
LOW,LOW,0,5,0,0,3.688
HIGH,HIGH,1,8,0,0,3.544
LOW,LOW,1,2,5,3,4.034
LOW,LOW,1,2,4,3,2.008
HIGH,HIGH,1,6,1,0,3.882
HIGH,HIGH,1,6,5,1,5.334
LOW,LOW,0,1,1,0,4.978
HIGH,HIGH,1,9,4,3,4.934
LOW,LOW,0,5,1,0,5.17
LOW,LOW,0,3,1,0,4.013999999999999
LOW,LOW,0,0,2,1,4.916
LOW,LOW,0,3,0,0,5.0
LOW,LOW,0,1,4,3,6.648000000000001
LOW,LOW,0,1,5,4,5.452
LOW,LOW,0,2,5,5,7.1160000000000005
LOW,LOW,0,4,3,2,8.391333333333334
HIGH,HIGH,0,7,4,2,6.39
HIGH,HIGH,1,7,3,1,5.248666666666666
HIGH,HIGH,0,9,3,0,1.728
HIGH,HIGH,1,6,4,1,2.262
LOW,LOW,0,5,1,0,4.682
HIGH,HIGH,0,7,1,0,2.2139999999999995
LOW,LOW,1,3,2,1,3.99
HIGH,HIGH,1,6,0,0,4.486
LOW,LOW,1,1,2,1,2.0
LOW,LOW,1,1,3,1,2.9766666666666666
LOW,LOW,0,0,3,1,5.460666666666667
LOW,LOW,0,5,5,5,7.366
LOW,LOW,0,5,0,0,3.346
HIGH,HIGH,0,9,5,3,4.476
LOW,LOW,0,5,5,4,5.704
HIGH,HIGH,0,9,5,3,6.852
LOW,LOW,1,3,5,5,4.332
LOW,LOW,0,4,5,3,8.096
HIGH,HIGH,0,9,5,4,4.954
HIGH,HIGH,0,9,0,0,6.232
LOW,LOW,1,5,4,3,5.316
LOW,LOW,1,2,1,0,9.082
LOW,LOW,0,5,5,2,4.670000000000001
LOW,LOW,0,3,2,1,5.436
HIGH,HIGH,0,9,1,0,6.304
HIGH,HIGH,0,6,2,1,7.625999999999999
LOW,LOW,0,4,3,3,3.958
HIGH,HIGH,0,9,4,4,5.168000000000001
LOW,LOW,0,3,3,2,6.421333333333334
LOW,LOW,0,1,1,0,8.126000000000001
LOW,LOW,0,0,3,2,3.277333333333333
LOW,LOW,1,1,2,0,2.898
HIGH,HIGH,0,8,3,1,3.438666666666667
LOW,LOW,1,2,2,1,4.554
LOW,LOW,0,1,0,0,4.970000000000001
LOW,LOW,1,4,4,1,3.08
HIGH,HIGH,1,7,3,1,3.690666666666667
LOW,LOW,1,1,0,0,3.87
LOW,LOW,1,3,1,0,0.0999999999999999
LOW,LOW,1,0,2,0,3.846
HIGH,HIGH,0,9,1,0,5.604
HIGH,HIGH,1,9,4,2,0.514
LOW,LOW,0,2,2,1,4.002
HIGH,HIGH,0,7,3,1,4.056666666666667
LOW,LOW,0,2,2,1,3.808
HIGH,HIGH,1,7,5,1,2.836
LOW,LOW,0,2,4,2,4.758
HIGH,HIGH,1,6,2,1,4.192
LOW,LOW,1,1,5,3,4.62
LOW,LOW,0,4,5,3,0.91
LOW,LOW,1,2,2,1,1.374
HIGH,HIGH,0,7,1,0,3.324
LOW,LOW,1,5,2,1,3.948
HIGH,HIGH,0,8,0,0,3.314
HIGH,HIGH,0,6,1,0,3.4000000000000004
HIGH,HIGH,0,7,5,3,3.198
LOW,LOW,0,2,2,1,2.5700000000000003
LOW,LOW,1,3,2,1,2.996
LOW,LOW,1,0,1,0,3.856
LOW,LOW,0,5,0,0,3.018
LOW,LOW,1,3,4,2,6.842
LOW,LOW,1,1,1,1,1.5379999999999998
HIGH,HIGH,0,6,4,2,1.48
LOW,LOW,1,2,4,3,5.288
HIGH,HIGH,0,7,4,2,3.416
HIGH,HIGH,0,9,3,1,2.472666666666667
LOW,LOW,0,2,3,2,3.8173333333333335
HIGH,HIGH,1,8,0,0,4.454000000000001
HIGH,HIGH,1,9,5,4,6.5360000000000005
LOW,LOW,0,4,5,4,3.178
LOW,LOW,0,1,5,1,3.776
HIGH,HIGH,1,7,2,1,3.602
LOW,LOW,0,4,0,0,3.722
HIGH,HIGH,1,6,4,3,2.07
LOW,LOW,0,2,4,2,3.496
HIGH,HIGH,1,9,3,1,2.496666666666667
LOW,LOW,0,2,4,2,1.876
LOW,LOW,1,3,1,0,2.906
LOW,LOW,1,0,2,0,1.26
LOW,LOW,1,0,4,2,2.3160000000000003
LOW,LOW,1,1,5,3,3.898
LOW,LOW,0,0,4,3,6.364000000000001
HIGH,HIGH,1,7,0,0,5.441999999999999
LOW,LOW,0,3,3,2,4.515333333333333
HIGH,HIGH,0,7,2,0,6.604
LOW,LOW,1,5,3,2,5.6113333333333335
HIGH,HIGH,0,6,0,0,6.284000000000001
LOW,LOW,1,5,0,0,9.22
LOW,LOW,0,5,4,4,6.3660000000000005
HIGH,HIGH,1,8,2,1,5.392
HIGH,HIGH,0,9,3,2,5.413333333333334
LOW,LOW,0,4,3,2,1.9653333333333327
LOW,LOW,1,1,0,0,2.278
LOW,LOW,1,3,5,3,2.99
LOW,LOW,0,3,5,3,1.856
HIGH,HIGH,0,7,4,2,3.736
LOW,LOW,1,3,2,0,2.028
HIGH,HIGH,1,6,4,1,0.4499999999999999
LOW,LOW,1,2,5,1,0.5099999999999999
HIGH,HIGH,0,6,0,0,2.798
HIGH,HIGH,0,7,4,2,0.714
HIGH,HIGH,0,7,3,3,4.398
LOW,LOW,0,0,1,0,6.2
HIGH,HIGH,0,6,5,4,7.046
HIGH,HIGH,0,8,2,1,5.712
HIGH,HIGH,0,6,0,0,5.084
LOW,LOW,0,3,5,4,5.148000000000001
LOW,LOW,1,4,4,2,3.92
LOW,LOW,0,5,0,0,7.234
HIGH,HIGH,1,6,2,1,6.489999999999999
LOW,LOW,0,4,5,4,6.3260000000000005
HIGH,HIGH,1,6,0,0,0.624
HIGH,HIGH,1,9,4,0,0.326
LOW,LOW,1,5,2,0,0.8999999999999999
HIGH,HIGH,1,6,4,0,0.6
HIGH,HIGH,1,7,5,1,0.04
HIGH,HIGH,1,8,4,0,1.11
LOW,LOW,1,5,4,1,0.05
LOW,LOW,1,4,4,0,1.016
HIGH,HIGH,1,7,3,0,1.234
LOW,LOW,1,4,4,1,1.0
HIGH,HIGH,0,8,5,4,5.742
HIGH,HIGH,1,8,5,4,4.958
LOW,LOW,1,0,1,0,4.45
HIGH,HIGH,0,6,3,3,6.760000000000001
LOW,LOW,0,3,2,1,5.17
LOW,LOW,0,4,5,3,4.882
LOW,LOW,1,0,1,0,3.508
LOW,LOW,0,3,3,2,5.747333333333334
LOW,LOW,0,5,0,0,5.452
LOW,LOW,0,3,0,0,7.319999999999999
LOW,LOW,0,1,2,1,3.186
LOW,LOW,0,0,0,0,5.3100000000000005
HIGH,HIGH,1,6,2,1,8.424
LOW,LOW,0,4,5,3,7.07
HIGH,HIGH,0,7,4,2,6.922
LOW,LOW,1,4,1,0,7.363999999999999
LOW,LOW,1,1,1,0,4.8
HIGH,HIGH,1,9,5,3,7.46
LOW,LOW,0,0,2,1,4.557999999999999
LOW,LOW,0,3,2,1,9.148
HIGH,HIGH,0,6,0,0,3.318
LOW,LOW,1,1,5,1,3.214
HIGH,HIGH,1,6,2,0,1.258
LOW,LOW,1,1,1,0,2.008
HIGH,HIGH,1,7,3,0,3.176
LOW,LOW,1,0,4,1,1.746
LOW,LOW,1,5,5,1,2.268
HIGH,HIGH,0,7,5,2,3.466
LOW,LOW,1,2,1,0,3.528
LOW,LOW,1,4,4,3,5.49
LOW,LOW,1,3,5,3,2.644
HIGH,HIGH,1,7,3,1,5.102666666666666
HIGH,HIGH,0,9,4,2,2.172
HIGH,HIGH,0,8,4,1,3.444
LOW,LOW,1,5,2,1,0.4
LOW,LOW,0,2,0,0,1.694
HIGH,HIGH,0,9,4,2,2.166
LOW,LOW,0,5,5,2,4.422
LOW,LOW,1,3,0,0,3.606
LOW,LOW,1,0,3,1,2.6126666666666667
LOW,LOW,0,2,1,0,4.942
HIGH,HIGH,0,6,4,2,4.776
HIGH,HIGH,1,8,3,2,4.897333333333334
LOW,LOW,0,4,0,0,3.506
HIGH,HIGH,1,7,3,2,4.309333333333333
HIGH,HIGH,0,9,1,0,4.215999999999999
LOW,LOW,0,1,3,2,4.1353333333333335
LOW,LOW,0,3,0,0,7.168
HIGH,HIGH,0,6,1,0,4.818
LOW,LOW,1,2,5,3,4.538
LOW,LOW,1,2,1,0,3.238
LOW,LOW,1,3,0,0,1.616
LOW,LOW,0,2,4,2,3.836
LOW,LOW,1,3,3,1,3.6126666666666662
LOW,LOW,0,2,1,0,1.186
HIGH,HIGH,0,9,0,0,2.36
LOW,LOW,1,5,2,0,2.822
HIGH,HIGH,1,6,1,0,0.738
LOW,LOW,1,3,3,1,1.5826666666666669
LOW,LOW,0,2,1,0,1.45
HIGH,HIGH,0,9,2,1,5.126
LOW,LOW,0,1,2,1,6.163999999999999
HIGH,HIGH,0,7,3,3,5.93
LOW,LOW,0,3,1,0,4.274
HIGH,HIGH,0,6,1,0,2.862
HIGH,HIGH,1,7,1,1,6.013999999999999
LOW,LOW,0,5,0,0,5.26
LOW,LOW,0,3,5,4,6.492000000000001
LOW,LOW,0,3,2,1,4.764
HIGH,HIGH,1,9,4,3,6.516
HIGH,HIGH,0,9,0,0,4.372
HIGH,HIGH,1,7,0,0,0.318
LOW,LOW,0,1,0,0,4.640000000000001
HIGH,HIGH,0,9,5,3,3.568
HIGH,HIGH,0,7,5,2,2.462
LOW,LOW,1,1,1,0,3.916
HIGH,HIGH,1,9,3,2,0.8773333333333333
LOW,LOW,1,3,0,0,5.066
HIGH,HIGH,1,8,2,1,5.605999999999999
HIGH,HIGH,1,8,1,0,2.99
HIGH,HIGH,1,8,2,0,0.072
LOW,LOW,1,0,0,0,0.61
LOW,LOW,1,3,0,0,0.0
LOW,LOW,1,0,2,0,0.622
HIGH,HIGH,1,7,0,0,0.966
LOW,LOW,1,2,5,0,0.034
HIGH,HIGH,1,7,2,0,0.6
LOW,LOW,1,1,0,0,1.532
HIGH,HIGH,1,7,3,0,1.582
HIGH,HIGH,1,9,2,0,0.6
LOW,LOW,0,3,5,3,3.758
LOW,LOW,0,0,4,3,4.872000000000001
HIGH,HIGH,1,6,1,0,1.97
LOW,LOW,1,5,5,2,2.05
LOW,LOW,1,4,4,2,4.85
LOW,LOW,1,0,1,0,2.87
LOW,LOW,1,1,4,2,4.0
HIGH,HIGH,1,8,2,1,2.2960000000000003
LOW,LOW,0,4,3,1,4.066666666666666
HIGH,HIGH,0,7,3,1,3.0886666666666667
LOW,LOW,0,5,3,1,2.764666666666667
HIGH,HIGH,1,8,2,1,3.406
HIGH,HIGH,0,9,5,2,3.188
LOW,LOW,1,5,1,0,3.212
LOW,LOW,1,5,0,0,4.804
LOW,LOW,1,5,3,2,2.7213333333333334
HIGH,HIGH,0,8,0,0,4.316
LOW,LOW,1,5,5,2,2.916
HIGH,HIGH,1,9,3,1,4.914666666666666
LOW,LOW,0,3,0,0,0.4499999999999999
LOW,LOW,0,2,0,0,2.4040000000000004
LOW,LOW,1,4,5,2,4.032
HIGH,HIGH,1,6,2,0,2.876
LOW,LOW,1,1,4,1,1.354
LOW,LOW,1,2,0,0,3.622
HIGH,HIGH,0,8,4,2,4.7780000000000005
LOW,LOW,1,5,3,1,5.1466666666666665
LOW,LOW,1,3,5,3,4.04
HIGH,HIGH,0,6,2,0,3.9979999999999993
HIGH,HIGH,1,8,3,1,4.612666666666667
HIGH,HIGH,0,7,1,0,5.058
LOW,LOW,1,1,2,1,4.084
LOW,LOW,0,0,4,1,3.39
LOW,LOW,1,2,1,0,3.486
LOW,LOW,0,2,2,0,4.582000000000001
HIGH,HIGH,1,9,3,1,2.436666666666667
HIGH,HIGH,1,9,4,2,3.374
LOW,LOW,1,4,5,3,3.644
LOW,LOW,1,4,0,0,4.5
LOW,LOW,0,4,1,0,0.75
LOW,LOW,1,4,2,0,2.552
LOW,LOW,0,0,0,0,4.276
LOW,LOW,0,2,1,0,2.352
HIGH,HIGH,0,8,5,2,3.41
HIGH,HIGH,1,7,0,0,2.646
LOW,LOW,1,3,4,2,2.598
LOW,LOW,0,2,0,0,3.684
HIGH,HIGH,0,8,4,3,2.624
LOW,LOW,1,4,2,1,2.346
LOW,LOW,1,0,3,1,4.578666666666667
LOW,LOW,0,2,3,3,3.384
LOW,LOW,0,2,5,4,5.486
LOW,LOW,1,2,4,3,5.2620000000000005
LOW,LOW,0,2,1,0,5.976
LOW,LOW,0,3,4,4,6.3
LOW,LOW,0,0,3,2,6.019333333333334
LOW,LOW,1,3,0,0,6.054
LOW,LOW,0,2,2,1,4.89
HIGH,HIGH,1,6,3,2,5.263333333333334
HIGH,HIGH,1,8,0,0,3.242
HIGH,HIGH,0,6,4,1,2.092
HIGH,HIGH,1,6,1,0,5.358
HIGH,HIGH,1,8,0,0,5.096
HIGH,HIGH,1,8,0,0,2.3040000000000003
HIGH,HIGH,1,6,5,2,1.8160000000000005
LOW,LOW,1,5,0,0,4.514
LOW,LOW,1,5,5,1,5.184
LOW,LOW,1,1,5,2,4.052
LOW,LOW,0,2,4,1,3.346
LOW,LOW,1,3,2,1,2.926
HIGH,HIGH,1,8,3,2,4.8773333333333335
LOW,LOW,1,4,2,1,5.465999999999999
HIGH,HIGH,0,6,3,3,5.609999999999999
LOW,LOW,1,0,5,4,5.932
HIGH,HIGH,0,7,4,2,4.796
HIGH,HIGH,0,7,4,1,4.203999999999999
LOW,LOW,0,5,3,2,7.489333333333333
LOW,LOW,0,4,3,2,5.029333333333334
HIGH,HIGH,0,9,4,3,6.132
LOW,LOW,0,1,2,1,5.997999999999999
HIGH,HIGH,1,9,2,0,4.812
LOW,LOW,1,5,4,2,3.706
LOW,LOW,1,2,4,2,3.086
LOW,LOW,0,0,4,3,4.746
HIGH,HIGH,1,8,3,0,3.672
HIGH,HIGH,1,8,4,2,3.414
LOW,LOW,1,3,2,1,2.938
LOW,LOW,1,3,4,1,2.106
LOW,LOW,0,2,5,2,2.404
LOW,LOW,1,5,1,0,4.552
LOW,LOW,0,1,5,3,6.153999999999999
HIGH,HIGH,0,9,0,0,4.664
HIGH,HIGH,0,6,4,4,4.6
LOW,LOW,0,4,1,1,4.144
LOW,LOW,0,5,1,1,7.134
LOW,LOW,0,0,5,3,7.754
LOW,LOW,0,0,5,3,5.056
LOW,LOW,1,4,2,1,6.156
LOW,LOW,0,1,5,2,5.1240000000000006
HIGH,HIGH,0,9,5,3,5.476
HIGH,HIGH,1,6,0,0,4.5120000000000005
LOW,LOW,1,3,1,0,2.908
HIGH,HIGH,0,7,5,3,3.19
LOW,LOW,1,5,3,2,3.259333333333333
HIGH,HIGH,0,6,3,2,2.185333333333333
HIGH,HIGH,0,7,5,2,5.38
HIGH,HIGH,1,6,1,0,0.706
LOW,LOW,1,3,0,0,3.924
HIGH,HIGH,0,8,3,1,4.640666666666667
LOW,LOW,1,5,2,1,3.3080000000000003
LOW,LOW,1,0,5,0,0.0
LOW,LOW,1,3,2,0,1.016
HIGH,HIGH,1,9,3,1,1.352666666666667
LOW,LOW,1,2,2,0,1.314
LOW,LOW,1,0,2,0,0.902
HIGH,HIGH,0,7,1,0,1.138
LOW,LOW,1,0,0,0,1.882
LOW,LOW,1,4,3,0,0.0
LOW,LOW,1,3,5,1,1.24
HIGH,HIGH,1,8,3,0,0.91
LOW,LOW,1,3,0,0,5.414
LOW,LOW,0,4,3,2,3.795333333333333
LOW,LOW,1,4,4,1,2.292
HIGH,HIGH,0,9,5,3,1.212
LOW,LOW,0,0,3,2,3.895333333333333
LOW,LOW,0,1,0,0,4.968
HIGH,HIGH,0,9,3,2,0.8833333333333333
HIGH,HIGH,0,6,2,1,2.116
HIGH,HIGH,1,9,5,2,4.864
LOW,LOW,0,4,1,0,3.356
LOW,LOW,1,2,1,0,0.362
LOW,LOW,0,5,1,0,4.3740000000000006
LOW,LOW,1,2,5,2,4.2
LOW,LOW,0,4,5,2,5.708
HIGH,HIGH,0,7,4,1,4.518
HIGH,HIGH,0,7,5,3,5.402
HIGH,HIGH,1,6,5,2,0.87
HIGH,HIGH,1,8,1,0,3.164
HIGH,HIGH,1,9,1,0,3.774
HIGH,HIGH,0,7,0,0,4.944
LOW,LOW,0,1,5,4,6.450000000000001
HIGH,HIGH,0,9,5,3,4.384
LOW,LOW,0,4,5,4,4.760000000000001
LOW,LOW,0,2,3,2,6.147333333333333
HIGH,HIGH,0,9,3,2,3.615333333333333
HIGH,HIGH,1,9,4,2,5.585999999999999
HIGH,HIGH,0,9,1,0,5.912
LOW,LOW,0,1,1,0,7.19
HIGH,HIGH,1,9,2,1,4.596
LOW,LOW,0,0,0,0,5.202
HIGH,HIGH,1,6,2,1,2.076
HIGH,HIGH,1,8,1,0,4.904
LOW,LOW,1,4,0,0,4.174
LOW,LOW,1,0,0,0,2.868
HIGH,HIGH,1,8,5,3,4.564
LOW,LOW,1,0,5,2,3.64
LOW,LOW,1,2,3,0,3.318
LOW,LOW,0,4,4,2,3.428
HIGH,HIGH,0,8,4,1,2.172
HIGH,HIGH,0,8,1,0,4.021999999999999
LOW,LOW,0,1,5,3,5.688
LOW,LOW,0,5,5,4,7.692
LOW,LOW,1,2,4,2,7.827999999999999
LOW,LOW,0,0,3,2,5.8933333333333335
HIGH,HIGH,1,8,2,2,3.378
HIGH,HIGH,1,7,1,0,6.714
HIGH,HIGH,1,9,5,3,6.226
LOW,LOW,0,2,4,4,6.586
LOW,LOW,0,5,1,0,5.396
LOW,LOW,0,4,5,5,5.464
HIGH,HIGH,0,7,5,1,1.416
LOW,LOW,0,5,3,1,1.4946666666666666
LOW,LOW,1,1,2,1,2.7
LOW,LOW,0,1,4,1,0.8
HIGH,HIGH,0,9,4,0,3.638
LOW,LOW,1,4,4,1,1.7040000000000002
LOW,LOW,1,2,3,1,4.514666666666667
LOW,LOW,0,3,5,2,2.142
LOW,LOW,1,3,5,2,3.878
LOW,LOW,0,4,4,1,2.474
HIGH,HIGH,0,7,1,0,3.964
HIGH,HIGH,0,8,4,3,5.710000000000001
LOW,LOW,1,4,2,1,5.847999999999999
LOW,LOW,0,1,3,2,6.883333333333334
LOW,LOW,0,3,3,1,6.084666666666666
LOW,LOW,1,0,1,0,6.688
HIGH,HIGH,0,9,0,0,8.042
LOW,LOW,0,5,4,2,6.191999999999999
HIGH,HIGH,1,7,1,0,5.108
LOW,LOW,1,3,3,2,5.915333333333333
LOW,LOW,1,0,0,0,4.922
LOW,LOW,1,2,0,0,2.582
LOW,LOW,1,4,5,2,2.678
LOW,LOW,1,2,5,3,4.018
HIGH,HIGH,0,6,5,2,3.156
LOW,LOW,1,4,3,1,3.9446666666666665
LOW,LOW,1,5,1,0,4.792
LOW,LOW,1,4,5,2,3.58
LOW,LOW,0,3,2,1,0.946
LOW,LOW,1,0,3,1,2.0706666666666664
LOW,LOW,1,0,5,0,0.97
LOW,LOW,1,4,1,0,1.622
LOW,LOW,1,4,1,0,0.92
LOW,LOW,1,4,0,0,0.926
LOW,LOW,1,0,0,0,0.7
LOW,LOW,1,4,1,0,1.006
HIGH,HIGH,1,8,1,0,0.824
LOW,LOW,1,5,5,0,0.024
LOW,LOW,1,2,2,0,0.3
LOW,LOW,1,1,4,0,0.6779999999999999
LOW,LOW,0,1,0,0,6.98
HIGH,HIGH,0,7,2,1,6.346
LOW,LOW,1,1,1,0,5.074
HIGH,HIGH,0,9,3,2,6.985333333333334
HIGH,HIGH,0,6,2,1,4.736
LOW,LOW,0,5,4,3,5.166
HIGH,HIGH,1,9,4,2,5.927999999999999
HIGH,HIGH,0,7,1,1,6.466000000000001
HIGH,HIGH,0,9,4,2,6.418
HIGH,HIGH,1,8,5,5,4.676
HIGH,HIGH,0,7,0,0,2.778
HIGH,HIGH,1,6,0,0,5.088
HIGH,HIGH,1,9,5,2,1.942
LOW,LOW,1,5,1,0,1.864
LOW,LOW,1,1,2,1,5.859999999999999
LOW,LOW,1,0,5,3,0.42
HIGH,HIGH,0,6,3,0,2.758
LOW,LOW,1,2,3,1,5.238666666666666
LOW,LOW,1,2,4,2,1.168
LOW,LOW,0,5,1,0,3.688
LOW,LOW,1,3,5,0,0.602
LOW,LOW,1,5,0,0,0.6
HIGH,HIGH,1,7,0,0,0.6659999999999999
LOW,LOW,1,0,5,1,0.04
LOW,LOW,1,2,2,0,0.962
HIGH,HIGH,1,9,1,0,0.0
LOW,LOW,1,2,3,0,0.6
HIGH,HIGH,1,8,3,0,0.0
HIGH,HIGH,1,9,0,0,1.616
LOW,LOW,1,3,5,0,0.712
LOW,LOW,0,4,3,2,5.125333333333334
HIGH,HIGH,0,8,2,1,6.378
HIGH,HIGH,0,9,2,1,5.682
LOW,LOW,0,0,1,0,5.986
LOW,LOW,0,0,3,1,6.8486666666666665
LOW,LOW,0,2,0,0,5.731999999999999
LOW,LOW,0,0,1,0,5.344
LOW,LOW,0,5,1,1,7.436
HIGH,HIGH,1,8,5,3,5.244
LOW,LOW,1,4,0,0,6.456
HIGH,HIGH,1,7,0,0,1.314
LOW,LOW,1,3,5,0,1.272
LOW,LOW,1,0,0,0,0.99
LOW,LOW,1,5,4,0,1.55
LOW,LOW,1,3,5,0,0.028
LOW,LOW,1,3,3,0,0.6
HIGH,HIGH,1,8,0,0,0.992
HIGH,HIGH,1,9,0,0,1.98
HIGH,HIGH,1,7,4,0,0.3
LOW,LOW,1,2,0,0,0.642
LOW,LOW,1,0,0,0,2.966
HIGH,HIGH,1,6,3,2,4.3133333333333335
HIGH,HIGH,1,8,1,0,2.944
HIGH,HIGH,0,9,4,1,3.75
HIGH,HIGH,1,8,2,0,3.594
LOW,LOW,1,0,2,0,2.652
LOW,LOW,1,4,3,0,4.192
LOW,LOW,1,1,4,2,4.266
LOW,LOW,1,0,4,1,2.974
HIGH,HIGH,1,8,4,2,2.668
LOW,LOW,1,2,1,0,3.286
HIGH,HIGH,1,9,3,1,3.8966666666666665
LOW,LOW,1,0,0,0,3.002
LOW,LOW,1,2,3,1,3.9026666666666663
LOW,LOW,1,4,5,3,2.672
LOW,LOW,0,3,0,0,3.026
LOW,LOW,0,2,1,0,2.128
LOW,LOW,0,4,2,0,1.096
HIGH,HIGH,1,9,2,0,6.004
HIGH,HIGH,1,7,3,2,2.767333333333333
HIGH,HIGH,1,7,5,2,4.41
LOW,LOW,1,3,0,0,3.844
HIGH,HIGH,0,7,0,0,4.968
LOW,LOW,0,5,3,1,4.044666666666667
LOW,LOW,0,5,3,2,4.107333333333333
LOW,LOW,1,4,5,3,3.162
LOW,LOW,0,5,1,0,3.698
HIGH,HIGH,1,7,3,1,4.580666666666667
LOW,LOW,0,4,3,1,3.316666666666667
LOW,LOW,0,2,1,0,2.106
LOW,LOW,0,3,5,3,1.2599999999999998
LOW,LOW,0,0,4,2,5.382
HIGH,HIGH,1,6,3,2,4.6033333333333335
HIGH,HIGH,0,6,5,3,2.86
HIGH,HIGH,1,8,2,0,4.868
LOW,LOW,1,2,2,1,4.061999999999999
HIGH,HIGH,1,7,0,0,2.286
LOW,LOW,0,4,5,3,5.77
LOW,LOW,0,5,0,0,0.758
LOW,LOW,0,1,0,0,0.87
LOW,LOW,0,4,5,2,5.346
LOW,LOW,0,3,2,1,3.458
HIGH,HIGH,0,7,3,1,4.182666666666667
LOW,LOW,0,4,3,2,4.589333333333334
LOW,LOW,1,0,3,2,3.911333333333333
LOW,LOW,0,3,0,0,4.02
LOW,LOW,0,1,1,0,1.2
LOW,LOW,1,0,3,1,3.8866666666666663
HIGH,HIGH,1,7,0,0,4.518
LOW,LOW,0,1,3,1,5.316666666666666
LOW,LOW,1,5,2,0,0.636
LOW,LOW,1,5,1,0,0.942
HIGH,HIGH,1,7,0,0,1.226
HIGH,HIGH,1,6,1,0,0.98
HIGH,HIGH,1,9,4,0,1.942
LOW,LOW,1,0,2,0,0.702
LOW,LOW,1,3,1,0,1.958
HIGH,HIGH,1,6,3,0,0.612
HIGH,HIGH,1,9,4,0,0.0
LOW,LOW,1,0,2,0,0.0
LOW,LOW,0,1,5,3,5.872
LOW,LOW,1,5,3,2,6.259333333333334
LOW,LOW,1,0,1,0,6.724
LOW,LOW,0,1,0,0,6.226
LOW,LOW,0,0,3,2,5.717333333333333
HIGH,HIGH,0,7,4,4,6.948
HIGH,HIGH,0,8,4,3,6.207999999999999
LOW,LOW,0,1,2,2,5.170000000000001
LOW,LOW,1,5,2,1,7.159999999999999
LOW,LOW,0,2,0,0,7.134
LOW,LOW,1,0,3,0,0.0999999999999999
HIGH,HIGH,1,6,3,0,0.4339999999999999
HIGH,HIGH,1,6,0,0,0.958
HIGH,HIGH,1,9,4,0,0.616
HIGH,HIGH,1,9,0,0,0.912
HIGH,HIGH,1,6,2,0,0.304
LOW,LOW,1,2,1,0,0.912
HIGH,HIGH,1,7,1,0,0.362
HIGH,HIGH,1,8,3,0,1.614
HIGH,HIGH,1,7,5,0,0.99
LOW,LOW,1,0,0,0,5.747999999999999
HIGH,HIGH,0,8,1,0,5.401999999999999
LOW,LOW,0,0,5,5,6.738
LOW,LOW,0,2,0,0,3.37
HIGH,HIGH,0,6,5,4,6.808000000000001
LOW,LOW,1,1,5,4,5.294
LOW,LOW,0,2,2,1,3.178
HIGH,HIGH,0,9,1,0,5.738
LOW,LOW,0,0,3,3,5.74
HIGH,HIGH,0,7,0,0,10.14
LOW,LOW,1,1,3,0,0.978
LOW,LOW,1,1,0,0,2.3160000000000003
LOW,LOW,1,3,4,0,0.96
LOW,LOW,1,1,3,0,0.97
HIGH,HIGH,1,8,0,0,0.98
LOW,LOW,1,2,4,0,0.0
HIGH,HIGH,1,8,1,0,0.3
HIGH,HIGH,1,7,0,0,0.642
HIGH,HIGH,1,7,4,0,1.66
HIGH,HIGH,1,9,0,0,0.656
HIGH,HIGH,1,8,5,0,0.966
LOW,LOW,1,5,5,0,1.93
LOW,LOW,1,0,0,0,0.324
LOW,LOW,1,1,5,0,0.652
HIGH,HIGH,1,6,3,0,1.91
LOW,LOW,1,0,5,1,1.31
LOW,LOW,1,1,5,0,0.3
LOW,LOW,1,1,0,0,1.2
HIGH,HIGH,1,7,5,0,0.646
LOW,LOW,1,2,4,0,1.598
LOW,LOW,0,2,4,2,0.5499999999999999
LOW,LOW,1,2,3,1,0.5286666666666666
HIGH,HIGH,1,7,5,3,0.758
HIGH,HIGH,0,6,0,0,4.640000000000001
LOW,LOW,0,1,5,3,6.354000000000001
LOW,LOW,0,3,0,0,2.76
HIGH,HIGH,0,6,5,3,4.116
LOW,LOW,0,5,3,2,4.805333333333334
LOW,LOW,1,0,4,1,2.336
HIGH,HIGH,1,6,0,0,0.6759999999999999
LOW,LOW,1,1,1,0,4.19
LOW,LOW,1,3,5,2,2.3240000000000003
LOW,LOW,0,0,3,2,5.091333333333334
LOW,LOW,0,1,5,2,3.708
HIGH,HIGH,0,9,0,0,2.03
HIGH,HIGH,1,6,1,0,5.795999999999999
LOW,LOW,0,2,3,1,2.528666666666667
LOW,LOW,1,5,0,0,0.612
HIGH,HIGH,0,9,3,2,3.489333333333333
LOW,LOW,0,4,5,3,2.6060000000000003
HIGH,HIGH,0,7,3,2,4.509333333333333
LOW,LOW,0,0,3,2,7.615333333333334
HIGH,HIGH,0,9,5,4,4.48
LOW,LOW,1,5,4,4,6.534
HIGH,HIGH,0,7,5,3,5.845999999999999
HIGH,HIGH,0,8,1,0,4.936
LOW,LOW,0,2,2,1,4.452
LOW,LOW,1,1,1,0,4.758
LOW,LOW,0,5,2,1,7.108
LOW,LOW,0,0,4,3,5.486
LOW,LOW,1,0,1,0,4.812
LOW,LOW,1,4,5,2,4.174
LOW,LOW,0,3,4,2,2.4800000000000004
LOW,LOW,0,2,0,0,4.33
HIGH,HIGH,0,6,3,2,5.403333333333334
LOW,LOW,0,3,3,1,2.768666666666667
HIGH,HIGH,0,9,3,1,0.9006666666666666
LOW,LOW,1,0,2,1,0.86
LOW,LOW,0,0,5,3,2.5720000000000005
HIGH,HIGH,0,6,0,0,4.464
HIGH,HIGH,1,9,1,0,0.98
LOW,LOW,1,0,4,0,0.974
HIGH,HIGH,1,7,1,0,0.0
LOW,LOW,1,0,4,1,0.09
HIGH,HIGH,1,7,3,0,0.376
LOW,LOW,1,2,4,0,0.034
HIGH,HIGH,1,9,0,0,1.276
HIGH,HIGH,1,6,2,0,1.294
LOW,LOW,1,4,0,0,0.018
HIGH,HIGH,1,7,0,0,1.644
LOW,LOW,0,1,4,1,1.772
LOW,LOW,1,3,0,0,4.21
HIGH,HIGH,1,7,0,0,2.978
HIGH,HIGH,1,9,0,0,4.2
HIGH,HIGH,0,7,4,1,3.48
LOW,LOW,0,0,5,1,1.482
LOW,LOW,1,2,3,2,2.7413333333333334
HIGH,HIGH,1,8,3,1,2.6526666666666667
HIGH,HIGH,0,7,2,0,1.948
LOW,LOW,1,0,2,0,4.470000000000001
HIGH,HIGH,0,6,2,0,1.482
HIGH,HIGH,1,9,1,0,4.526
LOW,LOW,1,3,0,0,1.838
HIGH,HIGH,1,6,5,2,2.992
LOW,LOW,1,5,2,1,3.29
LOW,LOW,0,2,3,1,3.7706666666666666
HIGH,HIGH,0,7,4,2,4.127999999999999
LOW,LOW,1,1,5,2,1.662
LOW,LOW,1,5,5,2,5.925999999999999
LOW,LOW,1,5,5,1,3.936
HIGH,HIGH,0,6,0,0,3.044
LOW,LOW,0,0,3,3,6.199999999999999
HIGH,HIGH,0,6,1,0,6.057999999999999
HIGH,HIGH,0,6,4,3,8.166
LOW,LOW,0,0,5,4,4.630000000000001
HIGH,HIGH,0,6,0,0,7.204
HIGH,HIGH,0,9,5,4,3.968
LOW,LOW,0,2,4,3,5.752000000000001
LOW,LOW,1,5,0,0,5.146
LOW,LOW,0,5,5,4,5.5200000000000005
HIGH,HIGH,1,9,5,3,2.74
LOW,LOW,1,0,3,0,3.232
LOW,LOW,1,5,0,0,1.6
HIGH,HIGH,1,8,2,1,1.972
LOW,LOW,1,1,2,1,3.738
LOW,LOW,0,2,5,2,4.692
LOW,LOW,0,4,1,0,2.744
LOW,LOW,0,3,2,1,3.142
LOW,LOW,1,3,0,0,2.242
HIGH,HIGH,1,9,0,0,5.484
LOW,LOW,0,0,0,0,2.686
LOW,LOW,1,2,0,0,1.0459999999999998
HIGH,HIGH,1,9,2,1,6.856
LOW,LOW,1,1,4,1,0.74
HIGH,HIGH,0,6,2,1,2.152
HIGH,HIGH,0,8,5,3,4.492
LOW,LOW,1,5,5,4,4.266
LOW,LOW,0,0,0,0,5.288
HIGH,HIGH,1,7,3,2,5.659333333333333
LOW,LOW,1,4,1,0,3.178
LOW,LOW,1,5,4,1,3.308
HIGH,HIGH,0,8,2,1,4.082
LOW,LOW,1,4,0,0,1.536
LOW,LOW,0,5,0,0,3.236
HIGH,HIGH,1,9,4,1,2.414
LOW,LOW,1,4,3,1,3.250666666666667
LOW,LOW,1,3,5,3,4.01
LOW,LOW,1,5,4,2,3.95
HIGH,HIGH,1,8,0,0,3.174
LOW,LOW,1,2,0,0,5.128
LOW,LOW,1,5,0,0,0.326
HIGH,HIGH,1,8,1,0,1.3279999999999998
LOW,LOW,1,1,5,1,0.3879999999999999
LOW,LOW,1,1,5,1,0.646
HIGH,HIGH,1,9,2,0,0.944
HIGH,HIGH,1,9,4,1,0.05
LOW,LOW,1,0,2,0,0.02
HIGH,HIGH,1,8,4,0,0.994
HIGH,HIGH,1,9,4,0,0.6599999999999999
HIGH,HIGH,1,9,3,0,0.928
LOW,LOW,1,3,2,0,0.0
LOW,LOW,1,3,0,0,1.258
LOW,LOW,1,3,2,0,0.322
LOW,LOW,1,4,1,0,0.604
LOW,LOW,1,5,4,0,0.65
LOW,LOW,1,2,3,0,1.34
LOW,LOW,1,3,2,0,1.7100000000000002
LOW,LOW,1,4,3,0,1.002
LOW,LOW,1,4,5,0,0.6
LOW,LOW,1,4,5,0,0.628
LOW,LOW,0,1,3,1,5.002666666666666
LOW,LOW,0,1,5,2,4.422
LOW,LOW,0,3,4,2,3.156
HIGH,HIGH,0,9,0,0,2.35
HIGH,HIGH,1,8,0,0,0.6799999999999999
HIGH,HIGH,0,8,5,2,3.17
HIGH,HIGH,0,6,2,1,3.446
LOW,LOW,0,4,4,2,5.1
LOW,LOW,0,3,1,0,5.328
LOW,LOW,1,5,3,1,2.5966666666666667
LOW,LOW,1,5,2,0,0.0
LOW,LOW,1,3,4,0,1.64
LOW,LOW,1,5,4,0,0.008
LOW,LOW,1,0,2,0,0.3379999999999999
LOW,LOW,1,1,2,0,0.6639999999999999
HIGH,HIGH,1,7,4,0,0.0
LOW,LOW,1,0,4,0,0.928
HIGH,HIGH,1,9,4,0,1.59
HIGH,HIGH,1,7,3,0,2.262
LOW,LOW,1,4,1,0,0.066
HIGH,HIGH,0,6,1,0,0.888
LOW,LOW,1,1,1,0,4.56
LOW,LOW,1,2,5,3,0.42
HIGH,HIGH,0,8,3,1,0.8666666666666666
LOW,LOW,1,4,3,2,2.0853333333333333
HIGH,HIGH,0,8,1,0,4.332
LOW,LOW,1,4,0,0,4.912
HIGH,HIGH,0,9,4,2,4.078
LOW,LOW,1,3,4,2,3.394
LOW,LOW,1,5,5,4,3.3640000000000003
HIGH,HIGH,1,6,1,0,0.0
HIGH,HIGH,1,9,3,0,1.272
LOW,LOW,1,2,5,0,2.3280000000000003
HIGH,HIGH,1,8,2,0,0.98
LOW,LOW,1,4,0,0,1.586
HIGH,HIGH,1,7,5,1,0.04
LOW,LOW,1,4,5,0,0.614
HIGH,HIGH,1,7,4,0,1.286
HIGH,HIGH,1,9,5,0,1.282
LOW,LOW,1,5,0,0,1.602
LOW,LOW,1,2,5,0,0.642
LOW,LOW,1,0,5,0,0.3
LOW,LOW,1,2,1,0,0.972
LOW,LOW,1,0,2,0,0.62
LOW,LOW,1,3,5,1,2.678
LOW,LOW,1,3,4,0,1.828
LOW,LOW,1,0,0,0,0.0
LOW,LOW,1,4,3,0,0.352
LOW,LOW,1,2,2,0,0.6619999999999999
LOW,LOW,1,3,0,0,0.3
HIGH,HIGH,1,9,0,0,6.728
LOW,LOW,0,5,0,0,6.658
LOW,LOW,0,2,1,0,4.676
LOW,LOW,0,4,1,0,5.304
LOW,LOW,0,4,5,4,6.718000000000001
LOW,LOW,0,5,4,3,6.428000000000001
HIGH,HIGH,0,7,0,0,6.684
LOW,LOW,1,4,1,0,6.368
LOW,LOW,0,5,0,0,5.268000000000001
LOW,LOW,1,5,3,1,4.9046666666666665
LOW,LOW,0,2,3,1,2.4426666666666668
HIGH,HIGH,1,8,3,1,3.9166666666666665
LOW,LOW,0,0,3,1,5.310666666666666
HIGH,HIGH,0,9,5,2,0.982
HIGH,HIGH,0,7,3,1,1.4966666666666666
LOW,LOW,1,5,3,2,4.637333333333334
LOW,LOW,0,3,0,0,3.35
HIGH,HIGH,0,6,5,2,0.8340000000000001
LOW,LOW,1,5,3,2,1.8413333333333333
HIGH,HIGH,0,7,3,1,2.500666666666667
LOW,LOW,1,0,5,4,6.884
LOW,LOW,0,0,4,2,6.662
LOW,LOW,0,3,2,1,5.255999999999999
HIGH,HIGH,0,8,5,5,4.014
LOW,LOW,0,4,4,2,4.718
LOW,LOW,1,3,1,0,4.752
HIGH,HIGH,0,6,1,0,4.628
LOW,LOW,0,3,0,0,6.276000000000001
LOW,LOW,0,1,1,0,5.17
HIGH,HIGH,0,7,1,1,5.496
HIGH,HIGH,0,6,4,3,5.28
HIGH,HIGH,0,9,2,1,5.983999999999999
LOW,LOW,1,2,5,3,5.513999999999999
LOW,LOW,0,1,3,2,3.271333333333333
LOW,LOW,0,0,4,3,5.92
LOW,LOW,0,5,3,2,6.439333333333334
HIGH,HIGH,0,9,3,3,8.09
LOW,LOW,1,1,3,2,5.8453333333333335
LOW,LOW,0,2,4,3,5.838
HIGH,HIGH,0,8,3,3,5.444
LOW,LOW,0,4,1,0,5.288
HIGH,HIGH,0,9,2,1,7.417999999999999
HIGH,HIGH,0,8,4,3,5.104000000000001
LOW,LOW,0,4,5,4,3.986
LOW,LOW,0,4,4,3,6.896
LOW,LOW,0,5,5,3,7.03
HIGH,HIGH,1,7,5,4,6.556
HIGH,HIGH,0,7,2,1,7.281999999999999
LOW,LOW,0,0,5,5,5.296
LOW,LOW,0,1,4,3,3.222
HIGH,HIGH,1,6,3,1,2.9146666666666667
LOW,LOW,0,4,4,2,5.074
HIGH,HIGH,1,9,2,1,2.77
HIGH,HIGH,1,9,3,0,3.268
HIGH,HIGH,0,8,1,0,2.71
LOW,LOW,1,3,0,0,2.92
HIGH,HIGH,1,8,0,0,3.862
LOW,LOW,1,4,1,0,0.0
HIGH,HIGH,1,6,5,1,4.164
LOW,LOW,0,2,4,2,1.19
LOW,LOW,0,3,1,0,5.134
LOW,LOW,0,5,3,2,4.773333333333334
HIGH,HIGH,0,9,3,3,7.384
LOW,LOW,0,5,4,3,3.552
LOW,LOW,0,4,2,1,5.104
LOW,LOW,0,1,2,2,2.072
LOW,LOW,1,3,0,0,5.088
HIGH,HIGH,1,6,5,4,6.918
HIGH,HIGH,0,7,5,5,5.192
LOW,LOW,0,5,3,2,4.381333333333334
HIGH,HIGH,1,9,5,2,3.334
LOW,LOW,1,1,4,1,4.626
LOW,LOW,1,2,2,0,2.25
HIGH,HIGH,0,7,0,0,4.636
HIGH,HIGH,0,9,1,0,5.666
LOW,LOW,1,1,5,2,2.572
LOW,LOW,1,4,5,3,3.29
HIGH,HIGH,1,9,5,2,3.9
LOW,LOW,0,0,5,1,2.8520000000000003
LOW,LOW,0,0,3,0,3.31
LOW,LOW,0,5,1,0,7.2
HIGH,HIGH,0,6,3,2,6.787333333333334
HIGH,HIGH,0,8,2,2,6.108
LOW,LOW,1,3,5,3,4.856
HIGH,HIGH,0,8,0,0,5.056
LOW,LOW,0,3,0,0,6.922
LOW,LOW,1,3,3,3,5.394
LOW,LOW,1,1,3,2,7.867333333333333
HIGH,HIGH,1,6,4,3,5.584
LOW,LOW,0,0,0,0,5.918
LOW,LOW,0,5,3,2,4.769333333333334
HIGH,HIGH,1,6,4,4,4.112
HIGH,HIGH,0,8,2,1,6.332
LOW,LOW,0,0,2,1,3.61
HIGH,HIGH,1,7,4,3,7.811999999999999
HIGH,HIGH,1,7,4,3,5.524
LOW,LOW,0,1,4,2,7.221999999999999
LOW,LOW,0,2,1,0,6.69
LOW,LOW,1,3,3,2,7.191333333333334
LOW,LOW,0,2,1,1,4.58
LOW,LOW,1,4,3,1,4.048666666666667
LOW,LOW,1,4,1,0,3.032
LOW,LOW,1,4,3,2,2.7053333333333334
LOW,LOW,1,2,5,2,3.954
LOW,LOW,1,5,5,2,2.974
LOW,LOW,1,4,5,2,3.922
HIGH,HIGH,0,6,5,2,4.438
LOW,LOW,0,4,4,2,5.968
HIGH,HIGH,1,6,4,2,3.61
HIGH,HIGH,1,8,4,2,2.918
LOW,LOW,0,1,3,2,6.5633333333333335
LOW,LOW,0,0,0,0,4.448
LOW,LOW,1,5,5,5,3.624
HIGH,HIGH,0,9,1,0,4.818
LOW,LOW,1,5,2,1,4.032
HIGH,HIGH,0,6,2,1,5.996
LOW,LOW,1,2,4,3,8.486
LOW,LOW,0,4,0,0,6.48
LOW,LOW,0,0,1,1,7.848
HIGH,HIGH,0,6,0,0,6.912
LOW,LOW,0,1,0,0,2.734
HIGH,HIGH,1,8,2,1,1.84
LOW,LOW,0,1,5,2,4.462
LOW,LOW,1,4,1,0,3.228
LOW,LOW,1,2,3,2,3.047333333333333
LOW,LOW,1,0,1,0,3.804
LOW,LOW,1,1,1,0,2.652
LOW,LOW,0,3,4,3,3.888
HIGH,HIGH,0,7,3,1,1.846666666666667
LOW,LOW,0,2,2,1,3.184
HIGH,HIGH,0,6,2,1,4.459999999999999
HIGH,HIGH,0,9,2,1,3.024
LOW,LOW,1,4,5,2,4.612
HIGH,HIGH,0,6,4,1,3.058
HIGH,HIGH,1,9,0,0,3.668
HIGH,HIGH,1,9,4,3,4.714
HIGH,HIGH,1,9,5,4,2.674
HIGH,HIGH,1,8,2,1,2.15
LOW,LOW,0,1,4,1,7.633999999999999
LOW,LOW,0,0,0,0,3.084
HIGH,HIGH,0,9,5,3,4.096
HIGH,HIGH,1,6,4,2,2.774
HIGH,HIGH,0,8,2,1,1.848
LOW,LOW,0,4,2,1,2.252
HIGH,HIGH,1,6,4,2,4.216
HIGH,HIGH,0,9,5,3,3.126
HIGH,HIGH,1,6,5,2,3.976
LOW,LOW,0,5,1,0,4.6080000000000005
LOW,LOW,0,0,4,2,5.39
LOW,LOW,0,5,3,1,2.1826666666666665
LOW,LOW,1,1,2,0,0.606
LOW,LOW,1,3,5,1,0.698
LOW,LOW,1,3,2,0,1.568
LOW,LOW,1,5,3,0,0.0
LOW,LOW,1,1,4,0,0.3
LOW,LOW,1,0,5,0,0.0
LOW,LOW,1,4,4,0,0.958
HIGH,HIGH,1,6,1,0,1.432
HIGH,HIGH,1,7,1,0,0.032
LOW,LOW,1,2,3,0,0.3419999999999999
LOW,LOW,1,2,4,1,2.732
HIGH,HIGH,0,7,1,0,4.032
LOW,LOW,1,0,3,2,3.4213333333333336
LOW,LOW,1,2,3,0,2.836
LOW,LOW,1,4,3,1,2.336666666666667
HIGH,HIGH,1,7,2,1,4.84
LOW,LOW,0,4,3,1,4.142666666666666
LOW,LOW,0,2,4,1,3.4319999999999995
LOW,LOW,1,3,0,0,2.916
LOW,LOW,0,0,1,0,4.5760000000000005
LOW,LOW,0,3,2,1,3.076
LOW,LOW,0,5,2,1,0.6119999999999999
LOW,LOW,1,1,3,2,1.1333333333333333
LOW,LOW,0,0,5,4,3.206
LOW,LOW,1,1,1,0,6.08
LOW,LOW,0,3,0,0,4.96
LOW,LOW,0,0,5,3,5.078
HIGH,HIGH,1,9,3,2,5.525333333333333
HIGH,HIGH,1,7,3,2,2.943333333333333
LOW,LOW,0,3,0,0,0.834
LOW,LOW,0,4,3,3,4.566
LOW,LOW,0,0,4,2,7.008
LOW,LOW,0,3,4,3,7.95
HIGH,HIGH,0,7,1,0,6.856
HIGH,HIGH,0,9,2,1,5.432
LOW,LOW,0,4,0,0,7.616
HIGH,HIGH,0,6,1,0,6.63
LOW,LOW,0,1,4,3,4.142
LOW,LOW,0,3,5,4,4.247999999999999
HIGH,HIGH,0,7,4,2,6.468
